10468|18|2024-10-04 10:16:01|2024-10-15 11:37:01|49689|||1
10469|4|2024-10-04 11:15:37|2024-10-15 17:40:07|49712|||1
10471|1|2024-10-04 11:17:06|2024-10-15 17:39:13|49709|||1
10473|NULL|2024-10-04 11:20:21|2024-10-15 17:39:00|49706|||1
10474|NULL|2024-10-04 11:27:14|2024-10-15 11:36:52|49693|||1
10475|NULL|2024-10-04 11:27:43|2024-10-15 17:38:41|49703|||1
10476|NULL|2024-10-04 11:28:26|2024-10-15 17:39:43|0|||1
10477|NULL|2024-10-04 11:29:27|2024-10-15 17:40:28|49715|||1
10478|NULL|2024-10-04 11:37:56|2024-10-15 16:17:15|49696||Ut enim ad minim veniam, quis nostrud exercitation ullamco laboris nisi ut aliquip ex ea commodo consequat. Duis aute irure dolor in reprehenderit in voluptate velit esse cillum dolore.|1
10479|6|2025-01-14 16:23:16|2025-01-14 16:51:14|49728||Doanh nghiệp áp dụng hình thức "3 tại chỗ" theo hướng dẫn, khuyến nghị tại Công văn 2242/LĐTBXH-TLĐ-PTM nhưng nhiều người lao động không đồng ý với phương án lưu trú tại chỗ thì doanh nghiệp có thể làm gì để cân bằng lợi ích giữa các bên và đảm bảo tuân th|1
10480|6|2025-01-14 16:58:26|2025-01-17 09:50:44|49777||Thực hiện chỉ đạo của lãnh đạo Bộ Công an, Cục Cảnh sát hình sự và hệ lực lượng đã chuyển hướng từ chuyên đề "Phòng ngừa tội phạm và vi phạm pháp luật sản xuất, mua bán, vận chuyển, tàng trữ, sử dụng trái phép vũ khí quân dụng, vật liệu nổ, công cụ hỗ trợ"|1
10481|12|2025-01-14 16:59:38|2025-01-17 09:48:49|49774|| Sáng 16/1, Công an huyện Kim Thành, Hải Dương ra mắt mô hình “Tổ tuyên truyền, hòa giải mâu thuẫn nội bộ nhân dân”.|1
10489|17|2025-01-18 11:15:47|2025-01-18 11:15:47|49780|||1
10490|20|2025-01-18 11:16:58|2025-01-18 11:17:24|49783||Tiến hành triển khai chính sách tín dụng đối với người mãn hạn tù. Đây là một chính sách nhân văn trong cuộc sống dành cho người chấp hành xong án phạt tù được tiếp cận vay vốn ưu đãi.|1
10491|32|2025-02-25 10:09:42|2025-03-09 22:12:52|49790||    Ngày 30/10/2024, Công an tỉnh Bắc Ninh tổng kết 5 năm thực hiện Chỉ thị số 33/CT-TTg ngày 5/12/2018 của Thủ tướng Chính phủ về tăng cường các biện pháp bảo đảm tái hòa nhập cộng đồng đối với người chấp hành xong án phạt tù; Nghị định số 49/2020/NĐ-CP n|1
10493|92|2025-03-07 22:54:14|2025-03-19 08:02:38|49793||Sáng ngày 07/03/2025, tại Trường Cao đẳng Truyền hình (VTVCollege) số 137 đường Trần Phú, TT. Thường Tín, huyện Thường Tín, Hà Nội đã diễn ra Lễ khai giảng khoá đào tạo “Kỹ năng Quay phim, Chụp ảnh và Dựng phim cơ bản” dành cho các cán bộ làm công tác tuyê|1
10498|NULL|2025-03-14 09:35:27|2025-03-14 10:03:53|0|||1
10502|14|2025-04-09 14:06:25|2025-04-09 14:20:55|49805|| Bám sát chỉ đạo của Chính phủ, Bộ Công an và của tỉnh, phối hợp với các sở, ban, ngành liên quan, Công an tỉnh đã tham mưu cho tỉnh triển khai hiệu quả công tác tái hòa nhập cộng đồng (THNCĐ), gắn với xây dựng phong trào toàn dân bảo vệ an ninh Tổ quốc, g|1
10503|NULL|2025-04-09 14:31:18|2025-04-09 14:31:18|49808||Các địa phương thường xuyên theo dõi, giáo dục, quản lý tốt những người tái hòa nhập cộng đồng tại địa bàn; phổ biến, tuyên truyền những chủ trương, chính sách của Đảng, pháp luật của Nhà nước để họ chấp hành tốt.|1
10504|6|2025-04-09 14:38:39|2025-04-09 14:38:39|49811||Thời gian qua, các mô hình tái hòa nhập cộng đồng ở Nam Sách (Hải Dương) đã đạt kết quả tích cực, giúp lực lượng công an và chính quyền địa phương quản lý tốt các trường hợp chấp hành xong án phạt tù trở về địa phương.|1
10505|1|2025-04-09 15:41:47|2025-04-15 17:33:39|49814||Giúp đỡ những người chấp hành xong án phạt tù tái hòa nhập cộng đồng - Một việc làm thể hiện đậm nét tính nhân văn|1
10506|29|2025-04-10 10:17:59|2025-04-14 23:31:50|49820||Sáng 10/4, Công an tỉnh Bắc Ninh tổ chức tập huấn công tác thi hành án hình sự và tái hòa nhập cộng đồng năm 2025 cho chỉ huy, cán bộ Công an các xã, phường, thị trấn thuộc thị xã Thuận Thành, huyện Yên Phong, Tiên Du và Gia Bình.|1
10507|2|2025-04-11 08:57:29|2025-04-15 17:47:55|49832||Thời gian qua, thực hiện công tác thi hành án và tái hòa nhập cộng đồng, Công an huyện Yên Minh đã thực hiện nhiều giải pháp, thể hiện tính xã hội, nhân văn, giúp người từng lầm lỡ yên tâm ổn định cuộc sống, hạn chế tái phạm tội.|1
10508|5|2025-04-11 09:07:00|2025-04-15 17:44:22|49826||Ngày 12/11/2024, Ủy ban nhân dân (UBND) quận Bắc Từ Liêm, Hà Nội đã tổ chức Hội nghị tập huấn các biện pháp bảo đảm tái hòa nhập cộng đồng đối với người chấp hành xong hình phạt tù.|1
10509|4|2025-04-11 09:27:49|2025-04-15 17:39:15|49823||Ngày 29/10/2024, Công an tỉnh Nam Định tổ chức Hội nghị tập huấn công tác thi hành án hình sự tại cộng đồng, tái hòa nhập cộng đồng năm 2024. Đồng chí Đại tá Phan Thị Loan, Phó Giám đốc Công an tỉnh dự và chỉ đạo hội nghị.|1
10510|2|2025-04-11 13:58:44|2025-04-15 17:40:56|49817||Quyết định số 22/2023/QĐ-TTg ngày 17/8/2023 của Thủ tướng về tín dụng đối với người chấp hành xong án phạt tù (Quyết định số 22) là cơ hội để người chấp hành xong án phạt tù tiếp cận vốn phát triển kinh tế, ổn định cuộc sống, qua đó thể hiện tính nhân văn |1
10511|2|2025-04-11 14:03:12|2025-04-15 17:45:55|49829||Với mong muốn  tạo điều kiện giúp đỡ những người lầm lỡ trở về địa phương có được sự an tâm tin tưởng, xóa mặc cảm với cộng đồng, ổn định cuộc sống, tích cực làm ăn lương thiện phát triển kinh tế gia đình và giúp các phạm nhân trở thành những người sống có|1
10512|28|2025-04-17 07:42:43|2025-04-17 07:42:48|49835||Theo báo CAND cho biết, Thứ trưởng Lê Văn Tuyến yêu cầu các đơn vị chức năng cần phối hợp với Công an địa phương quản lý, giúp đỡ những người được đặc xá tái hoà nhập cộng đồng; chủ động tham mưu cho chính quyền địa phương tạo điều kiện, bố trí công ăn việ|1
10513|56|2025-04-17 07:54:05|2025-04-17 07:54:10|49838||Dẫn nguồn từ báo CAND cho biết, Thứ trưởng Lê Văn Tuyến yêu cầu Cơ quan Thường trực Ban chỉ đạo (BCĐ) về đặc xá Bộ Công an khẩn trương tổng hợp hồ sơ, danh sách và nội dung tài liệu để phục vụ cuộc họp của Hội đồng tư vấn đặc xá (HĐTVĐX); tiếp tục phối hợp|1
10515|67|2025-04-17 08:30:47|2026-07-13 17:25:44|49854||Ngày 15/4/2025, Công an TPHCM cùng Hội LHPN TPHCM tổ chức trao phương tiện sinh kế hỗ trợ phụ nữ hoàn lương, tái hòa nhập cộng đồng trên địa bàn thành phố.|1
10516|111|2025-04-17 10:50:04|2025-04-26 09:17:29|49841||Công tác quản lý, giáo dục đối tượng, người chấp hành xong án phạt tù, người được đặc xá là một hoạt động có ý nghĩa chính trị, pháp lý, xã hội và mang tính nhân văn sâu sắc, phù hợp với truyền thống đạo lý của dân tộc ta. Đây là quá trình mà Nhà nước, cộn|1
10517|119|2025-04-22 10:27:17|2025-04-26 09:16:42|49844||Chiều 21/6, Công an tỉnh Thanh Hóa và Sở Lao động - Thương binh và xã hội tỉnh, UBND TP. Thanh Hóa phối hợp tổ chức Diễn đàn tư vấn pháp lý, giới thiệu việc làm, hỗ trợ vay vốn cho người chấp hành án hình sự tại cộng đồng và tái hòa nhập cộng đồng trên địa|1
10518|212|2025-04-28 08:20:53|2025-05-05 11:27:12|49851||Nhằm tạo điều kiện cho các phạm nhân được đặc xá, chấp hành xong án phạt tù làm ăn, phát triển kinh tế, ổn định cuộc sống, Đảng, Nhà nước ta đã có nhiều chủ trương, chính sách giúp họ tái hoà nhập cộng đồng.|1
10519|139|2025-04-28 08:31:51|2025-05-25 11:03:15|49911||Sáng ngày 01/10/2024, Công an tỉnh tổ chức hội nghị tập huấn công tác thi hành án hình sự tại cộng đồng và tái hòa nhập cộng đồng cho 542 đồng chí là lãnh đạo, chỉ huy, cán bộ làm công tác thi hành hình sự và hòa nhập cộng đồng Công an tỉnh và các huyện, t|1
10520|0|2025-04-28 08:42:42|2025-05-25 10:49:50|49908||Công an tỉnh Bạc Liêu luôn quán triệt: Công tác giúp đỡ những người chấp hành xong án phạt tù trở về địa phương tái hòa nhập cộng đồng (THNCĐ) vừa là chủ trương, chính sách vừa à một trong những giải pháp hiệu quả trong phòng ngừa, ngăn chặn tình trạng tái|1
20521|241|2025-05-03 14:11:37|2025-05-04 07:43:25|49847||Nhân dịp Kỷ niệm 50 năm Ngày giải phóng miền Nam, thống nhất đất nước (30/4/1975 - 30/4/2025), sáng 1/5/2025, đồng loạt các trại giam, trại tạm giam trên toàn quốc đã tổ chức Lễ công bố Quyết định đặc xá của Chủ tịch nước năm 2025.|1
20522|NULL|2025-05-04 15:18:41|2025-05-21 15:07:50|49860||Công tác quản lý, giáo dục đối tượng, người chấp hành xong án phạt tù, người được đặc xá là một hoạt động có ý nghĩa chính trị, pháp lý, xã hội và mang tính nhân văn sâu sắc, phù hợp với truyền thống đạo lý của dân tộc ta. Đây là quá trình mà Nhà nước, cộn|1
20523|1264|2025-05-04 15:48:22|2025-05-09 16:17:57|49863||Nghị định số 49/2020/NĐ-CP ngày 17/4/2020 của Chính phủ quy định chi tiết thi hành Luật thi hành án hình sự về tái hoà nhập cộng đồng (gọi tắt là NĐ 49/CP). Cơ quan thi hành án hình sự Công an tỉnh Kon Tum đã kịp thời tham mưu cho Ủy ban nhân dân tỉnh ban |1
20524|2485|2025-05-05 10:37:38|2025-05-09 16:16:59|49869||Thực hiện chỉ đạo của lãnh đạo Bộ Công an về việc nâng cao chất lượng công tác tái hòa nhập cộng đồng đối với người chấp hành xong án phạt tù, từ ngày 24/4 đến ngày 27/4/2025 tại Nhà nghỉ dưỡng Hải Đăng – Bộ Công an. Cục C11 đã tổ chức lớp tập huấn về công|1
20525|368|2025-05-06 14:48:26|2025-05-09 16:27:26|49866||Ngay khi Quyết định số 22/2023/QĐ-TTg ngày 17/8/2023 của Thủ tướng Chính phủ về tín dụng đối với người chấp hành xong án phạt tù bắt đầu có hiệu lực, chi nhánh Ngân hàng Chính sách xã hội (NHCSXH) tỉnh Tây Ninh đã triển khai ngay công tác giải ngân tín dụn|1
20526|300|2025-05-06 15:15:18|2025-05-25 17:04:05|49857||Công tác tái hòa nhập cộng đồng được xác định là một nhiệm vụ hết sức quan trọng, nhằm thực hiện chính sách nhân văn của Đảng và Nhà nước đối với người chấp hành xong án phạt tù, đồng thời phòng ngừa, ngăn chặn tình trạng tái phạm tội. Xác định rõ điều này|1
20527|NULL|2025-05-08 10:27:34|2025-12-29 10:43:20|49872||Công tác thi hành án hình sự tại cộng đồng và tái hoà nhập cộng đồng là một công tác rất phức tạp, khó khăn, có phạm vi rộng. Đồng thời giữ vai trò rất quan trọng trong bảo đảm thi hành nghiêm minh bản án, quyết định của Toà án, góp phần đấu tranh phòng ch|0
20528|672|2025-05-12 10:09:29|2025-05-25 22:36:33|49875||BDK - Cuộc đời mỗi người thật khó để tránh những sai lầm, điều quan trọng là chúng ta phải biết nhận ra để sửa chữa, thay đổi, hoàn thiện bản thân để có cuộc sống tốt đẹp hơn. Trường hợp anh Phạm Hồng Chinh, sinh năm 1972, ở ấp Bình Huề 1, xã Đại Hòa Lộc, |1
20529|419|2025-05-13 07:22:33|2025-05-13 07:23:27|49878||Sáng ngày 12/5 vừa qua, tại Trung tâm giáo dục hướng nghiệp tỉnh Hà Nam, Phòng Cảnh sát Thi hành án hình sự và hỗ trợ tư pháp, Công an tỉnh phối hợp với Trung tâm dịch vụ việc làm Hà Nam và Trung tâm giáo dục hướng nghiệp tỉnh tổ chức Phiên giao dịch việc |1
20530|261|2025-05-13 16:25:53|2025-05-25 22:42:17|49881||Ngày 30/4/2025 tại trại giam Quảng Ninh đã long trọng tổ chức lễ công bố quyết định đặc xá của chủ tịch nước nhân dịp kỷ niệm 50 năm Ngày giải phóng miền Nam, thống nhất đất nước (30/4/1975 - 30/4/2025)|1
20531|1684|2025-05-16 15:09:01|2025-05-17 10:34:39|49884|||1
20532|517|2025-05-17 16:37:20|2025-12-29 10:37:02|49887||Sáng ngày 26/12/2023, Phòng Cảnh sát Thi hành án hình sự và hỗ trợ tư pháp, Công an tỉnh Hà Nam phối hợp với Trung tâm Dịch vụ việc làm thuộc Sở Lao động - Thương binh và Xã hội tỉnh Hà Nam; Công an huyện Lý Nhân tổ chức “Phiên tư vấn, giới thiệu việc làm |1
20533|655|2025-05-17 20:28:15|2025-05-17 20:28:15|49890||(Chinhphu.vn) - Chủ tịch nước ban hành quyết định về việc đặc xá tha tù trước thời hạn cho người bị kết án phạt tù có thời gian, tù chung thân được thực hiện nhân dịp 50 năm Ngày Giải phóng miền Nam, thống nhất đất nước (30/4/2025).|1
20534|504|2025-05-21 10:40:32|2025-05-21 10:40:32|49893||Gồm 5 chương và 29 điều QUY ĐỊNH CHI TIẾT THI HÀNH LUẬT THI HÀNH ÁN HÌNH SỰ VỀ TÁI HÒA NHẬP CỘNG ĐỒNG Nơi nhận: - Ban Bí thư Trung ương Đảng; - Thủ tướng, các Phó Thủ tướng Chính phủ; - Các bộ, cơ quan ngang bộ, cơ quan thuộc Chính phủ; - HĐND, UBND các tỉ|1
20535|403|2025-05-21 11:40:55|2025-05-21 12:57:37|49896||Ngày 7 tháng 11 năm 2022, Tại Hà Nội, Cục Cảnh sát quản lý tạm giữ, tạm giam và thi hành án hình sự tại cộng đồng, Bộ Công an phối hợp với Ngân hàng CSXH tổ chức Hội nghị bàn về xây dựng cơ chế tín dụng cho Người chấp hành án phạt tù|1
20536|481|2025-05-21 12:32:16|2025-05-21 12:32:16|49899|||1
20537|538|2025-05-21 14:08:55|2025-06-07 10:12:36|49902||Tái hòa nhập cộng đồng là quá trình người từng chấp hành án phạt tù được trở lại cuộc sống xã hội một cách tích cực và bền vững; đây là quá trình các cơ quan chức năng thực hiện đồng bộ các biện pháp quản lý, giáo  dục, cải tạo, giúp đỡ một cách tích cực, |1
20538|481|2025-05-21 20:28:07|2025-05-21 20:29:54|49905|||1
20539|484|2025-05-25 11:13:52|2025-05-25 11:15:38|49914||Toàn văn Chỉ thị số 33/CT-TTg của Thủ tướng Chính phủ về tăng cường các biện pháp bảo đảm tái hòa nhập cộng đồng đối với người chấp hành xong án phạt tù|1
20540|662|2025-05-25 11:44:27|2025-12-22 17:26:14|49917||Mô hình Doanh nhân với An ninh trật tự(ANTT) ở huyện Nga Sơn |1
20541|673|2025-05-25 15:42:04|2025-05-25 15:53:47|49920||Mô hình này hoạt động từ năm 2021, Công ty cổ phần Cao su Hà Giang là một doanh nghiệp đóng chân trên địa bàn tỉnh, việc chung tay cùng cấp ủy chính quyền trong công tác bảo đảm tái hòa nhập cộng đồng, chính là góp 1 phần công sức nhỏ vào việc gieo những ư|1
20542|562|2025-05-25 23:03:38|2025-05-25 23:03:38|49923||Một trong những tấm gương hoàn lương tiêu biểu là ông Nguyễn Xuân Bàn ở thôn 1, xã Tông Lạnh vào giai đoạn những năm 70- 80 -90; ông đã từng học trường Trung cấp Lâm nghiệp rồi công tác tại Lâm trường đặc sản Mường Lay và Công ty Vật tư Thuận Châu. Thời đó|1
20543|NULL|2025-05-25 23:09:52|2025-05-25 23:14:09|49926||Bài hát "BÔNG HỒNG CÀI ÁO"|1
20544|NULL|2025-05-25 23:11:58|2025-05-25 23:17:05|49932||KHÁT VỌNG, Sáng tác: Phạm Minh Tuấn - Hòa âm: Ns Lê Anh Dũng - Biểu diễn: Thu Thủy & Nhóm Vocal, múa|1
20545|NULL|2025-05-25 23:20:06|2025-05-25 23:20:33|49935|||1
20546|NULL|2025-05-25 23:24:50|2025-05-25 23:53:28|49938||Câu chuyện kể về một “phiên chợ” của tình người, một phiên chợ đặc biệt, ở đây không có sự trao đổi vật chất mà là sự trao gửi niềm tin, cảm thông chia sẻ vào các cấp chính quyền, cơ quan chức năng và cộng đồng xã hội đối với những người một thời lầm lỗi t|1
20547|NULL|2025-05-26 00:05:45|2025-05-26 00:06:52|49941|||1
20548|629|2025-05-26 00:45:55|2025-05-26 00:49:48|49944||Căn cứ Luật Tổ chức Chính phủ ngày 19 tháng 6 năm 2015; Luật sửa đổi, bổ sung một số điều của Luật Tổ chức Chính phủ và Luật Tổ chức chính quyền địa phương ngày 22 tháng 11 năm 2019;  Căn cứ Luật Đầu tư công ngày 13 tháng 6 năm 2019;  Căn cứ Luật Thi hành |1
20549|703|2025-05-26 08:41:54|2025-12-29 10:41:31|49947||Thời gian qua, các địa phương trên cả nước đã chú trọng tăng cường công tác thi hành án hình sự và tái hòa nhập cộng đồng (THNCĐ). Việc xây dựng, nhân rộng các mô hình THNCĐ có ý nghĩa rất quan trọng, mang tính xã hội và nhân văn cao, giúp người từng lầm l|1
20550|889|2025-05-26 14:26:52|2025-12-29 10:27:36|49950||CÁC CÂU HỎI VỀ TÁI HÒA NHẬP CỘNG ĐỒNG|1
20553|443|2025-05-27 10:00:30|2025-12-17 08:33:38|49956||Ban biên tập trân trọng giới thiệu bài báo nghiên cứu "Vai trò của công tác tái hòa nhập cộng đồng đối với người chấp hành xong hình phạt tù" do ThS. Huỳnh Nguyễn Bảo Duy (Văn phòng Luật sư Nhân Tín, tỉnh Lâm Đồng) và PGS.TS. Nguyễn Ngọc Kiện (Trường Đại h|1
20554|358|2025-05-27 10:07:15|2025-09-20 20:06:52|49953||Gần 02 năm triển khai mô hình “Quản lý giáo dục, giúp đỡ người chấp hành xong án phạt tù tái hòa nhập cộng đồng” trên địa bàn huyện Tiền Hải, tỉnh Thái Bình đã mang lại nhiều hiệu quả tích cực, huy động sự tham gia của các đoàn thể xã hội để động viên, giú|1
20555|481|2025-05-29 14:54:00|2025-09-20 20:07:15|49959||Thời gian qua, công tác tiếp nhận, quản lý, giáo dục, giúp đỡ người chấp hành xong án phạt tù trở về địa phương tái hòa nhập cộng đồng được các cấp, các ngành quan tâm, triển khai thực hiện nghiêm túc, đúng quy định, bước đầu đã có những chuyển biến tích c|1
20556|0|2025-06-02 08:48:30|2025-09-20 20:07:38|49962||Sáng 1/5, nhân dịp kỷ niệm 50 năm Ngày Giải phóng miền Nam, thống nhất đất nước (30/4/1975 - 30/4/2025), đồng loạt các trại giam, tạm giam trên toàn quốc tổ chức Lễ công bố Quyết định đặc xá của Chủ tịch nước cho các phạm nhân đang chấp hành án phạt tù và |1
20558|328|2025-06-07 09:59:01|2025-12-03 11:00:05|49968|||1
20559|1144|2025-06-13 14:25:06|2025-12-29 10:24:26|51068||Ban biên tập trân trọng giới thiệu bài viết của các đồng chí lãnh đạo, các nhà khoa học, các chuyên gia, lãnh đạo Công an các địa phương có kinh nghiệm chuyên sâu về công tác thi hành án hình sự tại cộng đồng. Các tác giả đã công phu nghiên cứu, thu thập t|1
20560|262|2025-07-01 09:25:48|2025-09-20 20:10:24|49971||Lào Cai, một tỉnh miền núi Tây Bắc không chỉ nổi tiếng với cảnh sắc thiên nhiên hùng vĩ mà còn là điểm sáng trong công tác tái hòa nhập cộng đồng đối với người chấp hành xong án phạt tù. Với sự đồng hành, sẻ chia và hỗ trợ thiết thực từ chính quyền, đoàn t|1
20561|0|2025-08-28 21:04:24|2025-09-20 20:10:47|49974||- Thể loại: Phóng sự xã hội – chân dung - Khu vực ghi hình: Trại giam Vĩnh Quang, Trại giam Quảng Ninh, Trại giam Thanh Xuân - Nhân vật: Phạm nhân Nnaemeka Samuel (Nigêria); phạm nhân Vừ A Xá Pó (Phong Sa Lỳ, Lào); phạm nhân Phạm Minh Hoàng; phạm nhân Phạm|1
20562|234|2025-08-28 21:33:06|2025-12-17 08:40:41|49977||Ngày 28/8/2025, Thiếu tướng Nguyễn Văn Long - Phó Cục trưởng Cục Cảnh sát quản lý tạm giữ, tạm giam và thi hành án hình sự tại cộng đồng - Bộ Công an làm trưởng đoàn công tác tiến hành kiểm tra thực tế việc triển khai, thực hiện Quyết định số 22/2023/QĐ-TT|1
20563|253|2025-08-29 08:25:34|2026-07-15 16:21:14|49980||Sáng ngày 04/3/2025, Văn phòng Chủ tịch nước đã công bố Quyết định về Đặc xá năm 2025 của Chủ tịch nước nhân kỷ niệm 50 năm ngày giải phóng miền Nam, thống nhất đất nước (30/4/1975 – 30/4/2025).|1
20565|288|2025-09-01 19:06:13|2025-12-17 08:48:49|49992||Nhân dịp kỷ niệm 80 năm Cách mạng Tháng Tám thành công và Quốc khánh nước CHXHCN Việt Nam (2/9/1945 - 2/9/2025), ngày 1/9, các trại giam trên cả nước tổ chức Lễ công bố Quyết định đặc xá của Chủ tịch nước năm 2025 (đợt 2) đối với các phạm nhân đủ điều kiện|1
20566|213|2025-09-04 17:12:46|2025-12-17 08:50:46|49995||Chiều 29/8/2025, tại Hà Nội, Văn phòng Chủ tịch nước phối hợp Bộ Công an, Tòa án nhân dân tối cao, Bộ Ngoại giao tổ chức họp báo công bố Quyết định đặc xá năm 2025 (đợt 2) của Chủ tịch nước.|1
20568|246|2025-09-05 11:35:13|2025-12-03 09:18:44|50010||Thực hiện nghiêm túc Thông tư của Bộ Công an về công tác tái hòa nhập cộng đồng đối với người chấp hành xong án phạt tù, Công an phường An Sinh đã chủ động triển khai đồng bộ nhiều giải pháp, bước đầu mang lại những kết quả tích cực và ý nghĩa.|1
20570|293|2025-09-05 12:13:40|2025-12-03 09:13:14|50007||Nhiều năm qua, Trung tá Nguyễn Thị Mỹ Phương, Đội trưởng Đội Hướng dẫn công tác thi hành án hình sự và hòa nhập cộng đồng, Phòng Cảnh sát thi hành án hình sự và hỗ trợ tư pháp, Công an tỉnh Đồng Tháp đã đồng hành cùng những người chấp hành xong án phạt tù |1
20571|260|2025-09-05 15:30:48|2026-06-01 12:50:47|50013||𝟖 𝐩𝐡𝐚̣𝐦 𝐧𝐡𝐚̂𝐧 đ𝐮̛𝐨̛̣𝐜 đ𝐚̣̆𝐜 𝐱𝐚́ nhân 𝐝𝐢̣𝐩 𝟐/𝟗|1
20572|234|2025-09-08 10:11:50|2025-12-03 09:03:10|50016||Nhằm đầy mạnh công tác phong trào toàn dân bảo vệ an ninh Tổ quốc trên địa bàn gắn với triển khai thực hiện có hiệu quả Kế hoạch của UBND tỉnh Lạng Sơn về triển khai thực hiện "công tác tái hòa nhập cộng đồng đối với người chấp hành xong án phạt tù trên đị|1
20573|168|2025-09-12 14:44:41|2025-12-03 09:01:47|50019||Ngày 9/9/2025, tại phường Hạ Long, tỉnh Quảng Ninh, UBND tỉnh tổ chức hội nghị tập huấn bồi dưỡng nghiệp vụ công tác thi hành án hình sự tại cộng đồng và tái hòa nhập cộng đồng cho 250 đại biểu đại diện các sở, ban, ngành, tổ chức chính trị - xã hội và UBN|1
20574|172|2025-09-12 14:54:12|2025-12-02 10:12:02|50022||Sáng 10/9, Công an thành phố Hải Phòng tổ chức Hội nghị tập huấn công tác thi hành án hình sự tại cộng đồng và tái hòa nhập cộng đồng năm 2025|1
20575|261|2025-09-12 22:17:30|2025-09-20 20:05:02|50025||Chiều 12/9/2025, UBND phường Bắc Hồng Lĩnh đã tổ chức Lễ ra mắt mô hình "Phường Bắc Hồng Lĩnh kiểu mẫu về công tác thi hành án hình sự tại cộng đồng và tái hoà nhập cộng đồng". |1
20576|187|2025-09-13 00:20:22|2025-09-20 20:15:41|50028||Ngày 26/8 vừa qua, tại Nhà Văn hoá xã Vụ Bản, tỉnh Ninh Bình, Công an tỉnh tổ chức hội nghị tập huấn công tác thi hành án hình sự tại cộng đồng và tái hoà nhập cộng đồng năm 2025.|1
20577|962|2025-09-13 10:07:41|2025-09-20 20:04:43|50031||Thực hiện Kế hoạch số 270/KH-CAT-PV01 ngày 24/7/2025 của Công an Tỉnh về mở đợt cao điểm tấn công trấn áp tội phạm, vi phạm pháp luật đảm bảo an ninh trật tự Đại hội Đảng các cấp và các hoạt động Kỷ niệm 80 năm Cách mạng Tháng Tám, Quốc Khánh nước Cộng hòa|1
20578|557|2025-09-13 15:41:18|2025-11-12 00:32:06|50037||Công tác quản lý người chấp hành án hình sự tại cộng đồng và tái hòa nhập cộng đồng đối với người chấp hành xong án phạt tù là công tác trọng tâm xuyên suốt của lực lượng CAND trong đấu tranh phòng ngừa tội phạm, bảo vệ ANTT tại địa phương.|1
20579|0|2025-09-15 14:51:05|2026-06-01 12:55:04|50087||Ngày 26/8/2025, tại Nhà Văn hoá xã Vụ Bản, tỉnh Ninh Bình, Công an tỉnh tổ chức hội nghị tập huấn công tác thi hành án hình sự tại cộng đồng và tái hoà nhập cộng đồng năm 2025. |1
20580|0|2025-09-15 15:55:21|2025-11-12 00:31:29|50047||Chiều 12/9/2025, UBND phường Đông Sơn tổ chức Hội nghị tuyên truyền, cảm hoá, tư vấn việc làm cho người chấp hành xong án phạt tù trở về địa phương. Đây là hoạt động có ý nghĩa thiết thực nhằm tăng cường công tác quản lý, giáo dục, cảm hoá người lầm lỗi; đ|1
20581|0|2025-09-15 17:21:39|2025-11-12 00:30:06|50050||Để tạo điều kiện cho những người chấp hành xong án phạt tù xóa bỏ mặc cảm, sớm tái hòa nhập cộng đồng và tìm kiếm việc làm ổn định, Công an xã Quảng Khê đã phối hợp với Ngân hàng Chính sách xã hội Đắk Glong triển khai chương trình cho vay vốn ưu đãi. Đây l|1
20582|0|2025-09-15 17:29:37|2025-11-12 00:29:37|50053||Phòng Cảnh sát thi hành án hình sự và hỗ trợ tư pháp, Công an tỉnh Đồng Nai vừa phối hợp với Công an phường Hố Nai tổ chức thăm hỏi, động viên và tặng quà cho một trường hợp người chấp hành xong án phạt tù, trở về địa phương tái hòa nhập cộng đồng.|1
20583|0|2025-09-16 10:05:37|2025-11-12 00:28:54|50057||Nhân dịp kỷ niệm 80 năm Cách mạng tháng Tám và Quốc khánh nước CHXHCN Việt Nam 2/9, chiều ngày 26/8, đồng chí Đại tá Nguyễn Huy Hải – Phó Giám đốc Công an tỉnh đã đến thăm hỏi, động viên và trao tặng quà cho một số người vừa chấp hành xong án phạt tù, hiện|1
20584|0|2025-09-16 10:25:27|2025-11-12 00:28:12|50060||Nhân kỷ niệm 80 năm Cách mạng Tháng Tám và Quốc khánh nước Cộng hòa xã hội chủ nghĩa Việt Nam (2/9/1945 – 2/9/2025), chiều 26/8, đồng chí Đại tá Trần Anh Sơn, Phó Giám đốc Công an tỉnh Đồng Nai đã đến thăm hỏi, động viên và tặng quà cho 3 trường hợp chấp h|1
20585|0|2025-09-16 10:33:00|2025-11-12 00:27:20|50063||Nhân kỷ niệm 80 năm Cách mạng tháng Tám và Quốc khánh 2/9 (1945 – 2025), chiều 26/8, đồng chí Đại tá Nguyễn Huy Hải – Phó Giám đốc Công an tỉnh Đồng Nai cùng đoàn công tác của Công an tỉnh đã đến thăm hỏi, động viên và tặng quà cho những người chấp hành xo|1
20586|0|2025-09-16 10:50:10|2025-11-12 00:26:55|50066||Ngày 15/9, tại xã Mù Cang Chải, Bộ Công an phối hợp với Công an tỉnh Lào Cai tổ chức tập huấn công tác tái hòa nhập cộng đồng và thi hành án hình sự tại cộng đồng năm 2025 cho các xã vùng cao.|1
20587|0|2025-09-16 11:12:52|2025-11-12 00:25:49|50069||Sáng nay (06/8), Công an tỉnh Tây Ninh tổ chức hội nghị sơ kết công tác thi hành án hình sự (THAHS) tại cộng đồng và tái hòa nhập cộng đồng (THNCĐ) 6 tháng đầu năm 2025, phương hướng, nhiệm vụ 6 tháng cuối năm 2025.|1
20588|0|2025-09-16 11:36:55|2025-11-12 00:25:25|50072||  Ngày 15/8/2023, Thủ tướng Chính phủ đã ban hành Quyết định số 22/2023/QĐ-TTg về tín dụng đối với người chấp hành xong án phạt tù. Đây là một chính sách mang tính nhân văn, nhân đạo sâu sắc, thể hiện rõ quan điểm của Đảng, Nhà nước trong việc tạo điều kiệ|1
20589|0|2025-09-16 11:44:17|2025-11-12 00:24:37|50075||  Anh Nguyễn Tấn Cường (21 tuổi, ngụ khóm 12, Phường Trà Vinh) chia sẻ về thời gian chấp hành án phạt tù 2 năm 6 tháng tù giam về tội cố ý gây thương tích tại Trại giam Long Hòa thuộc Cục Cảnh sát quản lý trại giam, cơ sở giáo dục bắt buộc, trường giáo dưỡ|1
20590|0|2025-09-16 14:33:36|2025-11-12 00:24:03|50078||Công tác tái hoà nhập cộng đồng là quá trình thực hiện tổng thể các biện pháp nhằm quản lý, giáo dục, giúp đỡ người chấp hành xong án phạt tù được tái hoà nhập cộng đồng, tránh tái vi phạm pháp luật. Với phương châm “Bảo đảm quyền và lợi ích hợp pháp của n|1
20591|0|2025-09-16 14:37:40|2025-11-12 00:23:06|50081||Công an phường Vàng Danh vừa tiếp nhận, hỗ trợ, giúp đỡ 08 trường hợp được đặc xá trở về nơi cư trú trên địa bàn tái hòa nhập cộng đồng.|1
20592|18|2025-09-16 14:58:02|2025-09-28 07:27:53|50084||Nhằm nâng cao nhận thức, trách nhiệm và năng lực thực hiện nhiệm vụ công tác thi hành án hình sự tại cộng đồng và tái hòa nhập cộng đồng, sau khi thực hiện mô hình tổ chức Công an địa phương 02 cấp, ngày 29/8, Công an tỉnh tổ chức Hội nghị tập huấn công tá|1
20593|0|2025-09-16 19:32:50|2025-12-17 08:57:26|50090||Ngày 16/9, thực hiện chương trình phối hợp giữa Bộ Công an và Hội Luật gia Việt Nam, kế hoạch hoạt động của Chi hội Luật gia Bộ Công an, được sự đồng ý của lãnh đạo Bộ Công an, Chi hội Luật gia Bộ Công an do Cục Pháp chế và cải cách hành chính, tư pháp chủ|1
20594|194|2025-09-16 20:53:51|2025-09-27 15:14:52|50093||Sáng ngày 01/9, Công an tỉnh Cà Mau tổ chức Lễ công bố Quyết định đặc xá của Chủ tịch nước năm 2025 (đợt 2) tại Trại tạm giam số 1, Công an tỉnh. Đại tá Bùi Xuân Khởi, Phó Giám đốc, Thủ trưởng Cơ quan thi hành án hình sự Công an tỉnh dự và chủ trì buổi lễ.|1
20595|103|2025-09-16 21:02:59|2025-09-28 07:29:22|50096||Sáng 01/9, cùng với Công an cả nước, Công an thành phố Cần Thơ tổ chức Lễ công bố Quyết định đặc xá của Chủ tịch nước năm 2025 (đợt 2) đối với phạm nhân đang chấp hành án tại các trại tạm giam trực thuộc. Đến dự và chỉ đạo buổi lễ tại Trại tạm giam số 1 có|1
20596|8|2025-09-16 21:35:12|2025-09-28 07:30:42|50099||Sáng 01/9, tại Trại Tạm giam số 1 và số 2, Công an tỉnh An Giang tổ chức Lễ công bố Quyết định đặc xá năm 2025 (đợt 80 năm Quốc Khánh 2/9) của Chủ tịch nước cho 39 phạm nhân đang chấp hành án tại các Trại, phân trại tạm giam trên địa bàn tỉnh. Đại tá Trần |1
20597|0|2025-09-16 21:49:42|2025-09-28 07:31:14|50102||Kỷ niệm 80 năm Quốc khánh nước Cộng hòa xã hội chủ nghĩa Việt Nam (02/9/1945 - 02/9/2025),  sáng 01/9, Công an tỉnh Tây Ninh tổ chức Lễ công bố Quyết định đặc xá năm 2025 (đợt 2) của Chủ tịch nước cho 39 phạm nhân đang chấp hành án phạt tù tại Trại Tạm gia|1
20598|265|2025-09-16 22:10:20|2025-09-28 07:32:04|50105||Sáng ngày 1/9, Trại tạm giam số 1 và 2 Công an tỉnh Đồng Nai tổ chức Lễ công bố Quyết định của Chủ tịch nước về đặc xá đợt 2 năm 2025 nhân dịp kỷ niệm 80 năm Quốc khánh nước Cộng hòa xã hội chủ nghĩa Việt Nam (2/9/1945 - 2/9/2025 cho 139 phạm nhân.|1
20599|163|2025-09-16 22:19:40|2025-09-28 07:32:30|50108||Hòa chung không khí vui tươi, phấn khởi của toàn Đảng, toàn dân, toàn quân đang hướng về kỷ niệm 80 năm Cách mạng Tháng Tám thành công và Quốc khánh nước Cộng hòa xã hội chủ nghĩa Việt Nam (02/9/1945 - 02/9/2025), sáng ngày 01/9/2025, Công an tỉnh Lâm Đồng|1
20600|446|2025-09-16 22:34:52|2025-09-28 07:32:47|50111||Nhân dịp Kỷ niệm 80 năm Ngày Quốc Khánh nước Cộng hòa xã hội chủ nghĩa Việt Nam (02/9/1945 - 02/9/2025). Sáng ngày 01/09/2025 tại Trại tạm giam số 1 Công an tỉnh Đắk Lắk tổ chức Lễ công bố Quyết định đặc xá và hướng nghiệp cho phạm nhân chuẩn bị tái hòa nh|1
20601|207|2025-09-16 22:41:58|2025-09-28 07:33:33|50114||Sáng 1/9/2025, Trại Tạm giam số 1 Công an tỉnh Gia Lai tổ chức Lễ công bố Quyết định đặc xá của Chủ tịch nước đợt 2, năm 2025 cho 29 phạm nhân cải tạo tiến bộ, đủ điều kiện được hưởng chính sách khoan hồng của Đảng, Nhà nước. Thượng tá Ngô Gia Cường - Giám|1
20602|264|2025-09-16 22:53:28|2025-09-28 07:34:07|50117||Công bố quyết định đặc xá cho 59 phạm nhân tại các Trại Tạm giam thuộc Công an TP Đà Nẵng|1
20603|106|2025-09-16 22:55:05|2025-09-19 17:54:53|50120||Thực hiện Kế hoạch số 1490/KH-CAT-PC10 ngày 08/8/2025 của Công an tỉnh Phú Thọ về việc tổng kiểm tra, rà soát công tác thi hành án hình sự tại cộng đồng và tái hòa nhập cộng đồng đối với Công an cấp xã trên địa bàn tỉnh Phú Thọ; |1
20604|273|2025-09-16 23:02:31|2025-09-28 07:31:39|50123||Ngày 01/9, tại hội trường Phân trại Quản lý phạm nhân thuộc Trại tạm giam Công an TP. Huế, Lễ công bố Quyết định đặc xá của Chủ tịch nước năm 2025 (lần 2) đã diễn ra trang nghiêm, thể hiện tính nhân văn sâu sắc trong chính sách khoan hồng của Đảng, Nhà nướ|1
20605|286|2025-09-17 08:32:54|2025-09-28 07:34:27|50126|| Công tác thi hành án hình sự tại cộng đồng và tái hòa nhập cộng đồng có vị trí, vai trò rất quan trọng bảo đảm thi hành nghiêm minh bản án, quyết định của Tòa án, góp phần đấu tranh phòng, chống tội phạm, giữ gìn trật tự an toàn xã hội.|1
20606|78|2025-09-17 09:53:30|2025-09-28 07:34:50|50129||Phường Hương Trà đồng hành hỗ trợ người tái hòa nhập cộng đồng|1
20607|148|2025-09-17 10:14:04|2025-09-28 07:36:31|50132||Ngày 26-8, Đại tá Lâm Văn Long, Phó Giám đốc Công an tỉnh Đồng Nai cùng lãnh đạo Phòng Cảnh sát thi hành án hình sự và hỗ trợ tư pháp, Công an phường Bình Phước đã đến thăm, động viên 2 công dân chấp hành xong án phạt tù, đang tái hòa nhập cộng đồng, nhân |1
20608|152|2025-09-17 10:24:35|2025-09-28 07:40:20|50135||Thanh tra Công an tỉnh thanh tra việc chấp hành các quy định của pháp luật về thi hành án hình sự và tái hòa nhập cộng đồng tại các đơn vị cấp xã|1
20609|162|2025-09-18 14:55:28|2025-09-28 07:37:12|50138||Tại Trại tạm giam số 2 - Công an TP Đà Nẵng (đóng tại phường Bàn Thạch, Đà Nẵng), không chỉ là nơi giam giữ mà còn là một trường học đặc biệt, nơi những con người lầm lỡ được giáo dục, cảm hóa để tìm lại con đường hoàn lương.|1
20610|150|2025-09-18 15:40:52|2025-09-19 17:47:54|50141||Nhiều câu hỏi, thắc mắc liên quan đến vấn đề pháp lý của phạm nhân tại Trại giam Xuân Nguyên (Tp.Hải Phòng) đã được các báo cáo viên pháp luật, các luật gia thuộc Hội Luật gia Việt Nam, Chi hội Luật gia Bộ Công an giải đáp. Sẵn sàng hỗ trợ pháp lý miễn phí|1
20611|344|2025-09-18 16:37:19|2025-09-28 07:41:42|50144||Điểm tựa cho người hoàn lương vươn lên sống tốt|1
20612|288|2025-09-18 16:46:34|2025-11-12 00:25:03|50147||Cuộc sống này thật sự hạnh phúc với những ai chưa từng mắc phải sai lầm. Nhưng cũng thật đáng ghi nhận với những ai biết sửa sai sau vấp ngã, vươn lên sống tốt. Ở đó, rất cần có sự giúp đỡ, hỗ trợ cụ thể vì con đường hoàn lương luôn có nhiều thử thách. Tiê|1
20613|203|2025-09-19 06:22:26|2025-09-20 01:02:30|50189||“Hai năm qua, Quyết định 22/2023/QĐ-TTg đã trở thành điểm tựa để hàng nghìn người chấp hành xong án phạt tù khởi nghiệp lại cuộc đời. Từ Tây Nguyên bạt ngàn đến các tỉnh thành phía Bắc” niềm tin được gieo, vốn được trao – một hành trình của nhân ái và trác|1
20614|569|2025-09-19 17:19:44|2025-09-28 07:44:01|50150||Sau 13 năm hoạt động hiệu quả, Câu lạc bộ (CLB) “Hướng thiện” ở xã Xà Phiên, TP Cần Thơ đã trợ giúp khoảng 25 người từng lầm lỡ hoàn lương, có việc làm ổn định, chăm lo cuộc sống gia đình.|1
20615|326|2025-09-19 17:34:54|2025-09-19 17:41:08|50153||NHCSXH có trong tập 27 - Phim truyện: "CÓ ANH, NƠI ẤY BÌNH YÊN" (VTV1 - 21h30 - 16.9.2025)|1
20616|213|2025-09-19 19:09:24|2025-09-20 09:31:47|50192||Công bố quyết định kiểm tra việc triển khai Quyết định số 22/2023/QĐ-TTg về tín dụng hỗ trợ người hoàn lương tại tỉnh Gia Lai|1
20617|588|2025-09-19 19:15:36|2025-09-20 09:40:54|50195||Phim tài liệu BƯỚC RA TỪ BÓNG TỐI VTV1|1
20618|101|2025-09-19 19:29:24|2025-09-28 07:36:50|50198||Câu lạc bộ “Người hoàn lương” – Điểm tựa để trở về cho những người lầm lỗi / VTV CẦN THƠ|1
20620|180|2025-09-19 19:50:13|2025-09-28 07:27:24|50156||Trong những năm qua, việc giúp đỡ những người được đặc xá, chấp hành xong án phạt tù trở về địa phương tái hòa nhập cộng đồng luôn được Công an tỉnh Cà Mau quan tâm thực hiện tốt. Xem đây là một trong những giải pháp góp phần phòng ngừa, ngăn chặn tình trạ|1
20621|298|2025-09-19 19:54:39|2025-09-20 10:50:26|50201||Công an tỉnh Lào Cai đã tổ chức lớp tập huấn công tác tái hòa nhập cộng đồng và thi hành án hình sự tại cộng đồng năm 2025 tại xã Trấn Yên|1
20622|156|2025-09-19 20:25:40|2025-09-28 07:42:08|50159||Ngày 18/9/2025, Đại tá Phạm Thanh Tiến - Phó Giám đốc, Thủ trưởng Cơ quan Thi hành án hình sự, Thủ trưởng Cơ quan Quản lý tạm giữ, tạm giam Công an tỉnh Hưng Yên đã có buổi làm việc với Phòng Cảnh sát Thi hành án hình sự và hỗ trợ tư pháp (PC10). Tham dự b|1
20623|121|2025-09-19 20:33:45|2025-09-28 09:23:29|50162||Thời gian qua, Phòng Giao dịch Ngân hàng Chính sách xã hội (CSXH) Hưng Hà đã tích cực triển khai, tiếp vốn kịp thời cho người chấp hành xong án phạt tù có nhu cầu để đầu tư phát triển kinh tế, ổn định cuộc sống, tái hòa nhập cộng đồng.|1
20624|187|2025-09-19 20:45:53|2025-09-28 09:34:12|50165||Tuyên truyền pháp luật cho người tái hòa nhập cộng đồng tại xã Khâm Đức|1
20625|59|2025-09-19 20:49:56|2025-09-28 09:28:17|50207||CÔNG AN TỈNH KIỂM TRA CÔNG TÁC THI HÀNH ÁN HÌNH SỰ VÀ CÔNG TÁC TÁI HÒA NHẬP CỘNG ĐỒNG TẠI ĐỨC PHỔ|1
20626|177|2025-09-19 20:52:16|2025-09-20 20:29:51|50210||https://web.facebook.com/codoquangngai/posts/pfbid02S75NRY2Ft6wXxfe3cci5sPpFosE9sjdunf9DoXTt5b8b2omfS9GFfUSHQeGYoYaNl?rdid=bF6aYXhGkeCkWJoJ#|1
20627|266|2025-09-19 20:59:29|2025-09-20 20:31:47|50168||Sáng 16/9/2025, tại Công an tỉnh Gia Lai, Đoàn công tác của Trung ương tiến hành kiểm tra việc triển khai thực hiện Quyết định số 22/QĐ-TTg ngày 17/8/2023 của Thủ tướng Chính phủ về tín dụng đối với người chấp hành xong án phạt tù tại tỉnh Gia Lai do đồng |1
20628|263|2025-09-19 21:24:53|2025-09-20 20:33:48|50213||Lâm Đồng triển khai nhiều chính sách, chương trình thiết thực nhằm giúp đỡ người chấp hành xong án phạt tù, người lầm lỡ có cơ hội làm lại cuộc đời, trở thành công dân có ích cho xã hội.|1
20629|252|2025-09-19 21:41:09|2025-09-28 07:33:09|50171|| Công an TPHCM vừa phối hợp cùng Hội Liên hiệp phụ nữ Thành phố tổ chức chương trình truyền thông “Tư vấn tâm lý xoá bỏ mặc cảm, tự ti; xây dựng ý chí, niềm tin, khả năng ứng phó, giải quyết các vấn đề phát sinh trong quá trình tái hoà nhập cộng đồng” và t|1
20630|2|2025-09-19 21:51:26|2025-12-17 09:47:28|50918||Chủ tịch UBND tỉnh đã có văn bản chỉ đạo tăng cường, nâng cao hiệu quả công tác tuyên truyền về tái hòa nhập cộng đồng đối với người chấp hành xong án phạt tù trên địa bàn tỉnh.|1
20631|301|2025-09-19 22:09:32|2025-09-28 09:32:03|50174||Chiều 19/9/2025, Ngân hàng Chính sách xã hội chi nhánh Quảng Ninh và Phòng Cảnh sát Thi hành án hình sự và hỗ trợ tư pháp Công an tỉnh (PC10) đã phối hợp rà soát nhu cầu vay vốn chương trình tín dụng đối với người chấp hành xong án phạt tù theo quyết định |1
20632|231|2025-09-19 22:17:21|2025-09-20 20:37:31|50177||Theo Ngân hàng Nhà nước - chi nhánh khu vực 2, dư nợ cho vay đối với người chấp hành xong án phạt tù trên địa bàn tỉnh Đồng Nai đến nay đạt 48.7 tỉ đồng, cho 595 người vay vốn. Hoạt động này tiếp tục được thực hiện tốt trên địa bàn, 8 tháng đầu năm 2025, d|1
20633|293|2025-09-19 22:31:16|2025-09-20 20:45:08|50180||Nhờ nguồn vốn vay ưu đãi từ Ngân hàng Chính sách xã hội (CSXH) Như Thanh theo Quyết định số 22/2023/QĐ-TTg ngày 17/8/2023 của Thủ tướng Chính phủ về tín dụng đối với người chấp hành xong án phạt tù, nhiều người chấp hành xong án phạt tù, trở về địa phương |1
20634|382|2025-09-19 22:51:06|2025-09-20 21:25:57|50183||Sau gần 02 năm triển khai, Quyết định số 22/2023/QĐ-TTg của Thủ tướng Chính phủ về tín dụng đối với người chấp hành xong án phạt tù đã và đang đi vào cuộc sống, bước đầu khẳng định được ý nghĩa xã hội và nhân văn của một cơ chế đặc thù, lần đầu tiên áp dụn|1
20635|288|2025-09-19 23:08:27|2025-09-28 09:33:51|50186||Sau ngày tỉnh Lào Cai mới được thành lập, Phòng giao dịch Ngân hàng chính sách xã hội Cam Đường (gọi tắt là Phòng giao dịch Cam Đường) đã được thành lập và đi vào hoạt động. Đến nay, sau hai tháng hoạt động theo mô hình mới, đơn vị đã đạt được nhiều tín hi|1
20636|400|2025-09-20 12:19:59|2025-09-28 09:36:34|50204||Tư vấn, trợ giúp pháp lý và giới thiệu việc làm cho người được đặc xá trên địa bàn Hà Tĩnh là hoạt động thiết thực nhằm hỗ trợ người từng lầm lỡ sớm tái hòa nhập cộng đồng.|1
20637|573|2025-09-22 10:01:48|2025-12-17 08:28:50|50216||Ngày 19/9, tại trụ sở Công an phường Bình Phước, Phòng Cảnh sát thi hành án hình sự và hỗ trợ tư pháp, Công an tỉnh Đồng Nai phối hợp với UBND phường Bình Phước tổ chức Hội nghị thông tin, tuyên truyền, giới thiệu việc làm, đào tạo nghề, tư vấn pháp lý, hỗ|1
20638|592|2025-09-22 10:28:17|2025-09-27 14:45:28|50219||Ngày 19/9/2025, tại Trung tâm Văn hóa – Thể thao và Học tập cộng đồng xã, Công an xã Đại Phước, tỉnh Đồng Nai phối hợp cùng Phòng Văn hóa – xã hội và Ngân hàng chính sách xã hội Nhơn Trạch tổ chức hội nghị tuyên truyền về công tác bảo đảm tái hòa nhập cộng|1
20640|472|2025-09-24 08:22:31|2025-09-28 09:37:16|50225||Thực hiện chủ trương của Đảng, Nhà nước và chỉ đạo của Công an tỉnh về công tác quản lý, giáo dục, giúp đỡ người chấp hành xong án phạt tù tái hòa nhập cộng đồng, vừa qua, Công an xã Kỳ Thượng đã tổ chức tiếp nhận công dân D.K.H (sinh năm 1978, trú tại thô|1
20641|333|2025-09-24 09:15:28|2025-09-28 09:38:18|50228||Ngày 09/08/2025, Ngân hàng Chính sách Xã hội (CSXH) Châu Thành đã tổ chức giải ngân khoản vay 70 triệu đồng cho anh Hồ Hoàng Long, ngụ ấp Ngãi Lợi, xã Hưng Mỹ, tỉnh Vĩnh Long, nhằm hỗ trợ anh đầu tư phát triển sản xuất, kinh doanh, ổn định cuộc sống.|1
20642|374|2025-09-24 09:30:35|2025-09-28 09:42:02|50237||Giữa lòng thành phố sông nước Cần Thơ-nơi nhịp sống hiện đại đang dần lan tỏa đến tận các ngõ hẻm vùng ven, có một “dòng chảy âm thầm” mà mạnh mẽ đang ngày ngày bồi đắp cho hành trình vượt khó của biết bao phận người. Đó là những đồng vốn nghĩa tình từ Ngâ|1
20643|434|2025-09-25 08:33:33|2025-09-28 09:40:10|50234||Vĩnh Long: Tập huấn công tác thi hành án hình sự tại cộng đồng  và công tác tái hòa nhập cộng đồng năm 2025|1
20644|796|2025-09-28 19:51:47|2025-09-28 19:53:19|50240||Xã Trung Sơn là một xã ở vùng đặc biệt khó khăn của tỉnh Thanh Hóa, trước đây xã này thuộc huyện Quan Hóa, là địa phương có vị trí chiến lược về kinh tế và giao thông. Nằm trong khu vực miền núi phía Tây của tỉnh. Xã có mật độ dân cư vừa phải, chủ yếu sinh|1
20645|410|2025-09-28 23:19:57|2025-10-10 23:27:39|50243||Ngày 25/9/2025, Phòng Cảnh sát THAHS và HTTP (PC10) Công an tỉnh Thái Nguyên tổ chức tập huấn chuyên sâu cho Công an cấp xã|1
20646|426|2025-09-29 20:47:55|2025-10-10 23:28:01|50246||Từ ngày 15/9 đến ngày 24/9/2025, Công an tỉnh Lào Cai đã phối hợp với Cục Cảnh sát quản lý tạm giữ, tạm giam và thi hành án hình sự tại cộng đồng Bộ Công an tổ chức 7 lớp tập huấn về công tác tái hòa nhập cộng đồng tại các địa bàn: Mù Cang Chải, Nghĩa Lộ, |1
20647|462|2025-09-29 22:03:24|2025-10-10 23:28:15|50249||Ngày 17-8-2023, Thủ tướng Chính phủ ban hành Quyết định số 22/2023/QĐ-TTg (Quyết định 22) về tín dụng đối với người chấp hành xong án phạt tù. Đây là chính sách nhân văn, nhằm tạo điều kiện giúp những người lầm lỗi có nguồn vốn đầu tư phát triển kinh tế, ổ|1
20648|512|2025-09-29 22:20:33|2025-10-10 23:28:31|50252||Với sự tham gia của gần 3.000 cán bộ, đại biểu cơ sở, chuỗi hội nghị tuyên truyền về thi hành án hình sự và tái hòa nhập cộng đồng năm 2025 do Công an tỉnh Sơn La tổ chức đã thể hiện rõ quyết tâm của các cấp, ngành trong việc đồng hành cùng người chấp hành|1
20649|495|2025-09-29 22:26:17|2025-10-10 23:28:48|50255||SƠN LA: Hội nghị tuyên truyền công tác thi hành án Hình sự và tái hòa nhập cộng đồng năm 2025|1
20650|727|2025-09-30 22:12:25|2025-09-30 22:18:46|50258||   Chính sách đặc xá năm 2025 tiếp tục khẳng định truyền thống nhân văn, khoan hồng của Đảng và Nhà nước. Hàng nghìn phạm nhân cải tạo tốt trên khắp cả nước đã nhận quyết định trở về với gia đình và cộng đồng – minh chứng sinh động cho tinh thần ‘đánh thức|1
20651|609|2025-10-03 11:31:14|2025-10-10 23:29:08|50261||LAI CHÂU: Tuyên truyền, phổ biến, giáo dục pháp luật cho 150 người chấp hành xong án phạt tù|1
20652|480|2025-10-03 11:42:05|2025-10-10 23:29:30|50264||Ngày 23/9, tại xã Phù Yên, Cơ quan thi hành án hình sự Công an tỉnh Sơn La đã tổ chức Hội nghị tập huấn công tác thi hành án hình sự và tái hòa nhập cộng đồng năm 2025.|1
20653|478|2025-10-03 12:00:31|2025-10-10 23:29:50|50267||Theo TS. Trần Công Phàn, tư vấn pháp luật cho người từng chấp hành án không chỉ là hoạt động hỗ trợ pháp lý, mà còn là "cầu nối" giúp họ trở lại cuộc sống, tái hòa nhập với cộng đồng một cách lành mạnh, tự tin.|1
20655|543|2025-10-16 23:42:25|2025-10-16 23:44:00|50273||Sáng ngày 15/10/2025, Phòng Cảnh sát Thi hành án hình sự và Hỗ trợ tư pháp (PC10) Công an tỉnh Phú Thọ đã tổ chức Lễ ra mắt mô hình “Nâng cao hiệu quả quản lý, giáo dục, giúp đỡ người lầm lỗi tái hòa nhập cộng đồng” trên địa bàn xã Đào Xá.|1
20656|425|2025-10-19 17:26:29|2025-10-19 17:26:29|50276||Trong hành trình lan tỏa yêu thương và sẻ chia với những mảnh đời kém may mắn, vừa qua, Phòng Cảnh sát Thi hành án hình sự và Hỗ trợ tư pháp Công an tỉnh Hà Tĩnh đã chính thức nhận đỡ đầu em Hoàng Phúc Giáp, con của anh Hoàng Phúc Loan, người đã chấp hành |1
20657|471|2025-10-28 12:48:47|2025-10-28 12:48:47|50279||Thực hiện kế hoạch công tác năm 2025, vừa qua, Công an thành phố Huế đã tổ chức đợt kiểm tra toàn diện công tác thi hành án hình sự tại cộng đồng và tái hòa nhập cộng đồng đối với 40/40 Công an phường, xã trên địa bàn thành phố.|1
20658|365|2025-10-31 16:31:36|2025-10-31 16:31:36|50282||Thực hiện Chương trình phối hợp giữa Công an tỉnh Phú Thọ và Ngân hàng Chính sách xã hội tỉnh về thực hiện Quyết định số 22/2023/QĐ-TTg ngày 17/8/2023 của Thủ tướng Chính phủ về tín dụng đối với người chấp hành xong án phạt tù (QĐ số 22/QĐ-TTg).|1
20659|587|2025-11-01 08:17:20|2025-11-01 08:18:47|50285||Sau những tháng ngày phải trả giá do những lỗi lầm bằng mất tự do, mong muốn nhất khi người trở về không chỉ là có một công việc làm, kế sinh nhai mà còn rất cần sự trao gửi niềm tin của cộng đồng đối với họ. Điều đó đã trở thành hiện thực bằng việc Chính |1
20660|248|2025-11-01 10:54:38|2025-11-07 00:56:40|50288||Ngày 24/10/2025, Công an tỉnh Thanh Hóa đã tổ chức Lớp tập huấn công tác thi hành án hình sự tại cộng đồng và công tác tái hòa nhập cộng đồng năm 2025. Hội nghị được tổ chức theo hình thức trực tiếp kết hợp trực tuyến, kết nối đến điểm cầu 166 xã, phường t|1
20661|NULL|2025-11-03 10:28:10|2025-11-07 00:59:51|50291||Từ ngày 15/9 đến ngày 24/9/2025, Công an tỉnh Lào Cai đã phối hợp với Cục Cảnh sát quản lý tạm giữ, tạm giam và thi hành án hình sự tại cộng đồng Bộ Công an tổ chức 7 lớp tập huấn về công tác tái hòa nhập cộng đồng tại các địa bàn: Mù Cang Chải, Nghĩa Lộ, |1
20662|198|2025-11-03 10:58:07|2025-11-07 01:02:00|50294||Ngày 14/10/2025, thực hiện Kế hoạch của UBND xã, Công an xã Lạng Giang phối hợp với Phòng Cảnh sát thi hành án hình sự và hỗ trợ tư pháp Công an tỉnh Bắc Ninh tổ chức Hội nghị tuyên truyền, phổ biến pháp luật thi hành án hình sự và tái hoà nhập cộng đồng.|1
20663|271|2025-11-03 11:44:19|2025-11-07 01:03:04|50297||Thực hiện Công văn số 4164/CAT-PC10 ngày 21/10/2025 của Công an tỉnh Thanh Hóa về việc tổ chức Hội nghị tập huấn nghiệp vụ công tác thi hành án hình sự tại cộng đồng và tái hòa nhập cộng đồng năm 2025, ngày 24/10/2025, Công an tỉnh Thanh Hóa đã tổ chức Hội|1
20664|233|2025-11-03 14:07:07|2025-11-07 01:04:09|50300||Chiều ngày 12/9/2025, UBND phường Bắc Hồng Lĩnh tổ chức Lễ ra mắt mô hình “Phường Bắc Hồng Lĩnh kiểu mẫu về công tác thi hành án hình sự tại cộng đồng và tái hòa nhập cộng đồng”. Tham dự có đồng chí Đại tá Nguyễn Phi Hải, Phó Giám đốc Công an tỉnh, đại diệ|1
20665|264|2025-11-03 14:23:17|2025-11-07 01:04:57|50303||Ra mắt mô hình “ Giáo dục, giúp đỡ người tái hòa nhập cộng đồng”, trên địa bàn phường Đông Hà|1
20666|233|2025-11-03 14:31:54|2025-11-07 01:05:46|50306||Trong gần hai năm qua, Quyết định số 22/2023/QĐ-TTg của Thủ tướng Chính phủ về tín dụng đối với người chấp hành xong án phạt tù đã được triển khai đồng bộ, hiệu quả tại thành phố Huế. Nổi bật trong đó là sự phối hợp giữa Công an thành phố Huế, Công an các |1
20667|231|2025-11-03 14:52:46|2025-11-07 01:06:49|50309||ĐÀ NẴNG: Nỗ lực triển khai công tác tái hòa nhập cộng đồng trên địa bàn xã Trà Liên|1
20668|293|2025-11-03 14:56:35|2025-12-09 13:50:56|50312||Ngày 24-10, tại Đà Nẵng, Đoàn kiểm tra của Cục Cảnh sát quản lý tạm giữ, tạm giam và thi hành án hình sự tại cộng đồng (Bộ Công an) đã có buổi làm việc, kết luận và thông qua biên bản kiểm tra công tác quản lý tạm giữ, tạm giam, thi hành án hình sự tại cộn|1
20669|267|2025-11-03 15:06:32|2025-11-07 01:09:12|50315||Thực hiện Quyết định số 1244/2025/QĐ-CTN ngày 03/7/2025 về đặc xá năm 2025 (đợt 2) của Chủ tịch nước, Công an tỉnh Cà Mau đã khẩn trương tiến hành công tác đặc xá, đảm bảo tính khách quan, công bằng, đúng quy định của pháp luật.|1
20670|282|2025-11-03 15:33:49|2025-11-07 01:11:38|50318||Ngày 24/10/2025, Công an tỉnh Đồng Nai tổ chức Hội nghị trực tuyến sơ kết công tác Quý III/2025 về tạm giữ, tạm giam; thi hành án hình sự; hỗ trợ tư pháp và quản lý kho vật chứng, đồng thời tổng kết công tác đặc xá, giảm án, tha tù có điều kiện và miễn, gi|1
20671|125|2025-11-03 15:42:45|2025-11-07 21:54:01|50321||Sáng 30/10/2025, Công an phường Bồ Đề, thành phố Hà Nội phối hợp với Phòng Giao dịch Ngân hàng Chính sách Xã hội Long Biên tổ chức Lễ ký kết Chương trình phối hợp trong công tác triển khai, quản lý và thực hiện chính sách tín dụng hỗ trợ tái hòa nhập cộng |1
20672|133|2025-11-03 15:51:43|2025-11-07 21:54:16|50324||Sau khi Quyết định số 22/2023 của Thủ tướng Chính phủ quy định về tín dụng đối với người chấp hành xong án phạt tù (gọi tắt là Quyết định 22) có hiệu lực từ ngày 10-10-2023, xã Long Bình (tỉnh Đồng Tháp) nhanh chóng triển khai chính sách tín dụng ưu đãi dà|1
20673|149|2025-11-03 16:02:33|2025-12-03 09:00:16|50327||Qua 3 tháng triển khai mô hình tổ chức theo địa giới hành chính mới (từ ngày 01/7/2025 đến nay), Công an xã Vạn Đức, tỉnh Gia Lai hoàn thành tốt mọi yêu cầu, nhiệm vụ đặt ra. Trong đó, công tác tái hòa nhập cộng đồng được chú trọng, tiếp tục hỗ trợ, giúp đ|1
20674|175|2025-11-03 16:16:36|2025-12-18 09:29:41|50996||Trong những năm qua Đảng và Nhà nước ta đã ban hành nhiều chính sách nhân văn dành cho người chấp hành xong án phạt tù nhằm giúp họ tái hòa nhập cộng đồng, trở thành người có ích cho xã hội. Trong đó, có Nghị định số 49/2020 NĐ-CP của Chính phủ quy định rõ|1
20675|415|2025-11-03 16:36:22|2025-12-17 10:10:52|50933||Cơ quan thi hành án hình sự Công an tỉnh Khánh Hòa tổ chức tuyên truyền tái hòa nhập cộng đồng cho người chấp hành xong án án phạt tù, người được đặc xá năm 2025 tại phường Nam Nha Trang|1
20676|255|2025-11-03 16:46:42|2025-12-17 09:27:11|50906||Chiều ngày 08/10/2025, tại Trung tâm học tập cộng đồng phường Đông Gia Nghĩa, tỉnh Lâm Đồng, Công an phường tổ chức hội nghị tuyên truyền, phổ biến, giáo dục pháp luật về thi hành án hình sự tại cộng đồng và tái hòa nhập cộng đồng. Tham dự có đại diện lãnh|1
20677|342|2025-11-03 17:15:45|2025-11-07 21:55:37|50336||Sáng ngày 29/9/2025, Công an xã Hiệp Thạnh đã tham mưu UBND xã tổ chức Hội nghị tuyên truyền, phổ biến, giáo dục pháp luật về thi hành án hình sự và tái hòa nhập cộng đồng trên địa bàn.|1
20678|359|2025-11-03 17:21:59|2025-12-18 09:27:28|50993||Để tạo điều kiện cho những người chấp hành xong án phạt tù xóa bỏ mặc cảm, sớm tái hòa nhập cộng đồng và tìm kiếm việc làm ổn định, Công an xã Quảng Khê đã phối hợp với Ngân hàng Chính sách xã hội Đắk Glong triển khai chương trình cho vay vốn ưu đãi. Đây l|1
20679|332|2025-11-03 17:28:58|2025-11-07 22:17:44|50342||Thực hiện chủ trương của Bộ Công an, Công an tỉnh về tăng cường các biện pháp hỗ trợ người chấp hành xong án phạt tù tái hòa nhập cộng đồng, sáng ngày 15/10/2025, Phòng Cảnh sát Thi hành án hình sự và Hỗ trợ tư pháp (PC10) Công an tỉnh Phú Thọ tổ chức Lễ r|1
20680|415|2025-11-03 17:40:39|2025-11-07 22:27:45|50345||Thực hiện chỉ đạo của Bộ Công an và Công an tỉnh Phú Thọ về tăng cường hiệu quả công tác thi hành án hình sự (THAHS) tại cộng đồng và công tác tái hòa nhập cộng đồng (THNCĐ), từ ngày 15/9 đến 30/9/2025, Phòng Cảnh sát Thi hành án hình sự và Hỗ trợ tư pháp |1
20681|407|2025-11-03 17:48:23|2025-11-07 22:28:07|50348||Trong những năm qua, cùng với sự phát triển của đời sống kinh tế - xã hội, công tác hỗ trợ, giúp đỡ người chấp hành xong án phạt tù tái hòa nhập cộng đồng được Đảng, Nhà nước và chính quyền các cấp đặc biệt quan tâm. Thực hiện chủ trương, chính sách nhân v|1
20682|314|2025-11-03 17:54:38|2025-11-07 22:29:34|50351||Thời gian qua, Công an phường Mông Dương đã tích cực phổ biến, giáo dục, tuyên truyền pháp luật, các quy định về công tác tái hòa nhập cộng đồng cho người chấp hành xong án phạt tù sinh sống trên địa bàn.|1
20683|9|2025-11-03 18:07:01|2025-12-17 09:20:41|50900||VĨNH LONG: CÔNG AN PHƯỜNG AN HỘI TỔ CHỨC GẶP MẶT, HƯỚNG NGHIỆP, TÍN DỤNG CHO NGƯỜI TÁI HÒA NHẬP CỘNG ĐỒNG|1
20684|8|2025-11-04 11:51:46|2025-12-18 09:23:13|50990||Cho vay đối với người chấp hành xong án phạt tù, theo quyết định số 22/2023/QĐ-TTg của Thủ tướng Chính phủ, là một chương trình tín dụng nhân văn, rất cần được phát huy nhằm tạo điều kiện cho người chấp hành xong án phạt tù hòa nhập cuộc sống và trở thành |1
20685|5|2025-11-04 12:00:48|2025-11-12 00:21:27|50357||Để tạo điều kiện cho những người chấp hành xong án phạt tù xóa bỏ mặc cảm, tái hòa nhập cộng đồng, tìm kiếm việc làm ổn định, Ngân hàng Chính sách xã hội Chi nhánh tỉnh Thanh Hóa (NHCSXH Thanh Hóa) đã tích cực triển khai thực hiện chương trình cho vay vốn |1
20686|7|2025-11-04 14:14:56|2025-11-12 00:20:57|50360||QTO - Với ý nghĩa nhân văn sâu sắc, Quyết định số 22/QĐ-TTg của Thủ tướng Chính phủ về tín dụng đối với người chấp hành xong án phạt tù (gọi tắt là QĐ 22) đang mở ra cánh cửa mới cho những người từng có thời gian lầm lỡ trong quá khứ. Quyết định kịp thời n|1
20687|7|2025-11-04 15:42:59|2025-11-12 00:20:31|50363||Triển khai chương trình cho vay người chấp hành xong án phạt tù theo Quyết định số 22/2023/QĐ-TTg ngày 17/8/2023 của Thủ tướng Chính phủ về tín dụng đối với người chấp hành xong án phạt tù |1
20688|7|2025-11-04 16:07:47|2025-11-12 00:19:45|50366||Ngày 28/10/2025, tại hội trường xã Định Quán, Tỉnh Đồng Nai, Công an tỉnh đã phối hợp với Chi nhánh Ngân hàng Chính sách Xã hội (NHCSXH) tỉnh Đồng Nai và Phòng Giao dịch (PGD) NHCSXH Định Quán tổ chức Hội nghị nhằm thông tin, tuyên truyền pháp luật, giới t|1
20689|6|2025-11-04 16:18:35|2025-11-12 00:19:24|50369||Ngày 9/10, Phòng Giao dịch Ngân hàng Chính sách xã hội (NHCSXH) Đông Hòa tổ chức giải ngân cho 2 hộ vay vốn chương trình tín dụng đối với người chấp hành xong án phạt tù theo Quyết định số 22/2023/QĐ-TTg, ngày 17/8/2023 của Thủ tướng Chính phủ.|1
20690|2|2025-11-04 16:29:29|2025-11-12 00:18:56|50372||ĐẮK LẮK: Hỗ trợ kinh tế - Đồng hành cùng người chấp hành xong án phạt tù tái hòa nhập cộng đồng|1
20691|2|2025-11-04 16:48:28|2025-12-18 09:03:36|50987||Ngày 24/10/2025, Phòng giao dịch NHCSXH Phù Ninh tổ chức hội nghị ký kết quy chế phối hợp với lãnh đạo công an 5 xã: Phù Ninh, Dân Chủ, Bình Phú, Phú Mỹ và Trạm Thản nhằm thúc đẩy, triển khai chính sách tín dụng đối với người chấp hành xong án phạt tù theo|1
20692|4|2025-11-04 16:57:23|2025-11-12 00:17:54|50378||Sau gần 2 năm triển khai, chương trình tín dụng đối với người chấp hành xong án phạt tù theo Quyết định số 22/2023/QĐ-TTg của Thủ tướng Chính phủ đã khẳng định hiệu quả tích cực. Chương trình không chỉ đáp ứng nhu cầu giải quyết việc làm, phát triển kinh t|1
20693|2|2025-11-04 17:24:46|2025-11-12 00:17:21|50381||Trong cuộc sống, có những người từng đi qua những bước ngoặt không dễ dàng. Nhưng khi được tạo điều kiện, họ biết nắm lấy cơ hội để làm lại và khẳng định mình. Ở Thái Nguyên, nhờ chính sách tín dụng ưu đãi dành cho người chấp hành xong án phạt tù theo Quyế|1
20694|2|2025-11-04 17:35:11|2025-11-12 00:16:51|50384||Quyết định 22 của Thủ tướng Chính phủ đã mang đến nhiều cơ hội cho người chấp hành xong án phạt tù được vay vốn, vươn lên trong cuộc sống, tái hòa nhập cộng đồng.|1
20695|2|2025-11-05 08:45:54|2025-11-12 00:16:28|50387||Chiều 21-10, Chi nhánh Ngân hàng Chính sách xã hội (NHCSXH) TP Cần Thơ và Công an TP Cần Thơ ký kết chương trình phối hợp thực hiện Quyết định số 22/2023/QĐ-TTg của Thủ tướng Chính phủ về tín dụng đối với người chấp hành xong án phạt tù.|1
20696|2|2025-11-05 08:54:47|2025-11-12 00:16:04|50390||Một trong những điểm sáng sau gần hai năm triển khai Quyết định số 22/2023/QĐ-TTg, ngày 17/8/2023 của Thủ tướng Chính phủ về tín dụng đối với người chấp hành xong án phạt tù là sự phối hợp hiệu quả giữa lực lượng công an, chính quyền địa phương và Phòng Gi|1
20697|2|2025-11-05 09:17:22|2025-12-18 09:01:20|50984||Chiều ngày 31/10/2025, UBND xã Thọ Phú tổ chức Lễ ra mắt mô hình “Chung tay, đồng hành, giúp đỡ người chấp hành xong hình phạt tù tái hòa nhập cộng đồng”; Tuyên truyền, cảm hoá, giáo dục pháp luật và hỗ trợ tái hoà nhập cộng đồng cho người chấp hành xong á|1
20698|8|2025-11-05 09:24:27|2025-12-17 10:38:33|50954||Tái hòa nhập cộng đồng là một trong những chủ trương nhân văn của Đảng, Nhà nước đối với người chấp hành xong hình phạt tù. Thực hiện chủ trương này, lực lượng Công an Sơn La đã có nhiều giải pháp giúp đỡ người chấp hành xong án phạt tù tái hòa nhập cộng đ|1
20699|2|2025-11-05 09:33:57|2025-11-12 00:14:54|50399||Giúp đỡ người chấp hành xong án phạt tù trở về địa phương ổn định cuộc sống là nhiệm vụ vừa mang tính pháp lý, vừa thể hiện giá trị nhân văn sâu sắc. Nhận thức rõ điều đó, thời gian qua, Công an phường Bình Khê đã triển khai nhiều hoạt động thiết thực, mở |1
20700|2|2025-11-05 09:41:50|2025-11-12 00:14:27|50402||Sau gần 02 năm triển khai, Quyết định số 22/2023/QĐ-TTg của Thủ tướng Chính phủ về tín dụng đối với người chấp hành xong án phạt tù đã và đang đi vào cuộc sống, bước đầu khẳng định được ý nghĩa xã hội và nhân văn của một cơ chế đặc thù, lần đầu tiên áp dụn|1
20701|5|2025-11-05 09:53:32|2025-11-12 00:14:03|50405||Ngày 3/10, Công an tỉnh Lai Châu tổ chức Hội nghị tuyên truyền, phổ biến, giáo dục pháp luật cho người chấp hành xong án phạt tù trở về tái hòa nhập cộng đồng tại địa bàn xã Tả Lèng, Sin Suối Hồ và các phường Đoàn Kết, Tân Phong.|1
20702|4|2025-11-05 09:58:39|2025-11-12 00:13:41|50408||Ngày 20/9/2025, Công an xã Pu Sam Cáp phối hợp với Hội Luật gia tỉnh Lai Châu tổ chức Hội nghị tuyên truyền, phổ biến pháp luật cho hơn 50 người chấp hành xong án phạt tù đang cư trú trên địa bàn xã.|1
20703|4|2025-11-05 10:38:53|2025-12-18 08:57:48|50981||Quyết định số 22/2023/QĐ-TTg của Thủ tướng Chính phủ về tín dụng đối với người chấp hành xong án phạt tù là một chính sách nhiều ý nghĩa, không chỉ tạo việc làm, sinh kế cho những người chót lầm lỡ, vi phạm pháp luật, mà còn giúp họ có điều kiện phát triển|1
20704|498|2025-11-07 13:52:47|2025-11-12 00:12:51|50414||Phó Chủ tịch UBND Thành phố Trương Việt Dũng đã ký ban hành Quyết định số 5418/QĐ-UBND ngày 01/11/2025 về việc phê duyệt Đề án "Hỗ trợ doanh nghiệp nhỏ và vừa trên địa bàn thành phố Hà Nội giai đoạn 2026 - 2030".|1
20705|5|2025-11-07 13:59:08|2025-11-12 00:12:34|50417||Thấu hiểu những khó khăn của người lầm lỗi sau khi trở về với gia đình và cộng đồng, Công an phường Bồ Đề (Hà Nội) đã phối hợp cấp ủy, chính quyền địa phương và Phòng giao dịch Ngân hàng Chính sách xã hội Long Biên chung tay giúp đỡ những người lầm lỗi đượ|1
20706|10|2025-11-07 14:16:46|2025-11-12 00:12:08|50420||Chiều ngày 07/10/2025, UBND phường Đào Duy Từ đã tổ chức Hội nghị tuyên truyền pháp luật, cảm hoá, giáo dục và tư vấn việc làm cho người chấp hành xong án phạt tù và người chấp hành án hình sự tại cộng đồng.|1
20707|4|2025-11-07 15:02:08|2025-11-12 00:11:38|50423||Nhờ sự cảm hóa và hỗ trợ sinh kế, nhiều người hoàn lương ở Mỹ Thuận đã viết lại cuộc đời, vươn lên thoát nghèo bền vững.|1
20708|9|2025-11-07 15:12:05|2025-12-17 09:37:17|50915||Sáng ngày 03/11/2025, Phòng Cảnh sát thi hành án hình sự và hỗ trợ tư pháp, Công an tỉnh Cà Mau phối hợp với Công an phường Hiệp Thành, tỉnh Cà Mau đến thăm hỏi anh H.T.T., sinh năm 1987, ở khóm Chòm Xoài, phường Hiệp Thành, tỉnh Cà Mau, người đã chấp hành|1
20709|9|2025-11-07 15:21:13|2025-12-17 09:36:10|50912||Cơ quan chức năng và chính quyền địa phương tỉnh Thanh Hóa đang tạo điều kiện cho những người chấp hành xong án phạt tù trở về nhà được tiếp cận vốn, tạo sinh kế hoàn lương.|1
20710|379|2025-11-07 22:35:07|2025-11-07 22:38:32|50426||Trong những năm qua, với chủ trương đưa Công an chính quy về xã của Bộ Công an, lực lượng Công an cấp xã trên địa bàn tỉnh Phú Thọ đã nỗ lực bám địa bàn, phát huy tốt vai trò là chỗ dựa tin cậy của quần chúng nhân dân, giữ vững ổn định tình hình an ninh tr|1
20711|1501|2025-11-07 22:48:38|2025-12-18 08:54:38|50978||Xác định công tác tập huấn nghiệp vụ cho lực lượng tham gia bảo vệ an ninh, trật tự ở cơ sở là nhiệm vụ quan trọng nhằm nâng cao kiến thức, hiểu biết về chính trị, pháp luật, nghiệp vụ và trang bị kỹ năng vận động, giáo dục đối tượng tại địa bàn cơ sở. Tro|1
20712|421|2025-11-08 17:15:02|2025-12-03 13:58:23|50432||Nhân dịp kỷ niệm 75 năm Ngày truyền thống lực lượng Cảnh sát thi hành án hình sự và hỗ trợ tư pháp (07/11/1950 – 07/11/2025), ngày 07/11/2025, đồng chí Đại tá Kiều Đức Tính – Phó Giám đốc Công an thành phố Huế, thay mặt Đảng ủy, Ban Giám đốc Công an thành |1
20713|7|2025-11-10 09:26:26|2025-11-12 00:10:30|50435||Thực hiện kế hoạch công tác năm 2025, vừa qua, Công an tỉnh Hưng Yên đã tổ chức đợt kiểm tra toàn diện công tác thi hành án hình sự tại cộng đồng (THAHSTCĐ) và tái hòa nhập cộng đồng (THNCĐ) trên địa bàn toàn tỉnh.|1
20714|12|2025-11-10 09:37:00|2025-12-18 08:52:46|50975||Trong thời gian từ ngày 26/9/2025 đến 16/10/2025, Phòng Cảnh sát thi hành án hình sự và hỗ trợ tư pháp Công an tỉnh Bắc Ninh đã chủ trì, phối hợp với các xã, phường trên địa bàn tỉnh tổ chức chuỗi hội nghị tuyên truyền, phổ biến pháp luật về thi hành án hì|1
20715|20|2025-11-10 09:45:57|2025-11-12 00:09:02|50441||Sáng 07/11/2025, Công an phường Bồng Lai tổ chức Hội nghị tuyên truyền, phổ biến pháp luật về thi hành án hình sự tại cộng đồng và tái hòa nhập cộng đồng trên địa bàn phường.|1
20716|16|2025-11-10 10:12:07|2025-11-12 00:01:01|50444||Trong 02 ngày 28 và 30/10/2025 Công an tỉnh Cà Mau tổ chức Hội nghị tập huấn công tác thi hành án hình sự tại cộng đồng và tái hòa nhập cộng đồng cho các đồng chí là đại diện lãnh đạo UBND cấp xã, đại diện một số cơ quan, ban, ngành, đoàn thể và Công an xã|1
20717|14|2025-11-10 10:27:43|2025-11-12 00:00:36|50447||Công an phường Long Đức, tỉnh Vĩnh Long đã phối hợp với các tổ chức xã hội trên địa bàn giúp đỡ các trường hợp được hưởng chính sách đặc xá trở về địa phương sớm hòa nhập cộng đồng, giúp họ tìm được việc làm phát triển kinh tế nuôi sống bản thân và gia đìn|1
20718|13|2025-11-10 10:38:13|2025-12-18 08:51:12|50972||Chiều ngày 22/10/2025, Công an phường tham mưu cho UBND phường Việt Yên phối hợp với Phòng Cảnh sát Thi hành án hình sự và Hỗ trợ tư pháp Công an tỉnh Bắc Ninh tổ chức Hội nghị tuyên truyền, phổ biến pháp luật về thi hành án hình sự tại cộng đồng và tái hò|1
20719|14|2025-11-10 10:47:49|2025-11-11 23:59:24|50453||UBND tỉnh Ninh Bình vừa ban hành Quyết định về 'Quy chế phối hợp trong công tác thi hành án hình sự và tái hòa nhập cộng đồng trên địa bàn tỉnh Ninh Bình.'|1
20720|17|2025-11-10 10:51:28|2025-11-11 23:58:51|50456||Nhằm tăng cường hỗ trợ, tạo điều kiện tối đa cho người chấp hành xong án phạt tù tái hòa nhập cộng đồng, UBND tỉnh Ninh Bình đã ban hành quy chế phối hợp thi hành án hình sự và tái hòa nhập cộng đồng, tạo cơ chế thống nhất giữa các sở, ngành và địa phương |1
20721|14|2025-11-10 11:05:59|2025-12-18 08:39:22|50969||Sáng ngày 06/11, UBND xã Ngọc Liên tổ chức Hội nghị triển khai kế hoạch thực hiện xây dựng Mô hình “Chung tay giúp đỡ người chấp hành xong án phạt tù tái hòa nhập cộng đồng”. Dự hội nghị có đồng chí Bùi Huy Toàn, Bí thư Đảng ủy, Chủ tịch HDND xã; đồng chí |1
20722|15|2025-11-10 11:53:19|2025-12-18 08:38:15|50966||Với sự đồng hành, hỗ trợ từ chính quyền địa phương, các tổ chức xã hội, nhiều người lầm lỡ ở Hà Tĩnh đã tìm thấy cơ hội làm lại cuộc đời.|1
20723|15|2025-11-10 14:00:55|2025-11-11 23:57:56|50465||Thực hiện Quyết định số 79/QĐ-UBND ngày 01/8/2025 của UBND tỉnh Ban hành Chương trình xây dựng, ban hành văn bản quy phạm pháp luật từ tháng 8 đến tháng 12 năm 2025. Công an tỉnh xây dựng Dự thảo Tờ trình của UBND tỉnh đề nghị ban hành Nghị quyết của HĐND |1
20724|336|2025-11-10 14:33:12|2025-11-10 14:33:12|50468||Một kênh tiếp cận tín dụng chính sách đầy nhân văn đang được thiết lập tại Đồng Nai nhằm hỗ trợ người chấp hành xong án phạt tù (CHXAPT) tái hòa nhập cộng đồng. Với sự chủ động vào cuộc của Phòng Cảnh sát thi hành án hình sự và hỗ trợ tư pháp (PC10), Công |1
20725|15|2025-11-11 14:38:49|2026-07-30 10:37:23|50471||Trên cơ sở đề nghị của Ủy ban nhân dân phường Yên Hòa, thành phố Hà Nội và sự đồng ý của Ban Giám đốc Học viện CSND, ngày 13/9/2025, tại trụ sở Hội đồng nhân dân - Ủy ban nhân dân phường Yên Hòa, Khoa Cảnh sát thi hành án hình sự và hỗ trợ tư pháp (THAHS &|0
20726|167|2025-11-11 14:59:48|2025-11-11 23:57:21|50474||Tỉnh Hà Tĩnh hiện có gần 3.000 người đang thi hành án và chấp hành xong án phạt tù đang sinh sống trong cộng đồng dân cư, nỗ lực tái hòa nhập và làm lại cuộc đời. Trên hành trình “tái sinh” đó, họ không đơn độc, không bị bỏ lại phía sau bởi luôn có sự đồng|1
20727|138|2025-11-11 15:16:06|2025-12-18 08:32:19|50963||Sáng ngày 13/10/2025, tại Công an phường Kon Tum, Công an tỉnh Quảng Ngãi; Đoàn kiểm tra Cảnh sát quản lý tạm giữ, tạm giam và thi hành án hình sự kiểm tra toàn diện công tác tạm giữ, tạm giam và thi hành án hình sự tại cộng đồng cộng đồng năm 2025. Tham d|1
20728|210|2025-11-11 15:35:42|2025-11-11 23:56:54|50480|| Ngày 25/9/2025, tại Hội trường văn hóa xã Bình Minh, Phòng Cảnh sát thi hành án hình sự và hỗ trợ tư pháp - Công an tỉnh Đồng Nai phối hợp cùng Ủy ban nhân dân xã Bình Minh, tỉnh Đồng Nai tổ chức Hội nghị thông tin, tuyên truyền pháp luật, giới thiệu việc|1
20729|248|2025-11-11 15:54:40|2025-11-11 23:56:41|50483||Lâm Đồng triển khai nhiều chính sách, chương trình thiết thực nhằm giúp đỡ người chấp hành xong án phạt tù, người lầm lỡ có cơ hội làm lại cuộc đời, trở thành công dân có ích cho xã hội.|1
20730|248|2025-11-11 16:03:05|2025-11-11 23:56:19|50486||Thời gian qua, tỉnh Đồng Nai đã tích cực thực hiện chính sách tín dụng đối với người chấp hành xong án phạt tù (CHXAPT), giúp những người hoàn lương vươn lên tái hòa nhập cộng đồng, kiến tạo cuộc sống mới. Đây cũng là chính sách quan trọng nhằm giải quyết |1
20731|296|2025-11-11 16:15:51|2025-11-11 23:56:02|50489||Sáng 11/11, UBND tỉnh tổ chức hội nghị sơ kết 5 năm thực hiện Nghị định số 49/2020/NĐ-CP của Chính phủ quy định chi tiết thi hành Luật Thi hành án hình sự về tái hòa nhập cộng đồng (giai đoạn 2020 - 2025) và 2 năm triển khai Quyết định số 22/2023/QĐ-TTg củ|1
20732|357|2025-11-11 16:33:59|2025-11-11 23:55:44|50492||Tỉnh ủy, HĐND, UBND tỉnh Ninh Bình đặc biệt coi trọng, quan tâm, chỉ đạo, ban hành nhiều chủ trương, chỉ đạo các sở, ngành, đoàn thể, UBND các cấp huy động sức mạnh tổng hợp của cả hệ thống chính trị triển khai đồng bộ các giải pháp hỗ trợ, giúp đỡ người c|1
20733|234|2025-11-11 16:37:34|2025-11-11 23:55:25|50495||Sau hơn 2 năm triển khai, Chi nhánh Ngân hàng Chính sách xã hội tỉnh Thanh Hóa đã giải ngân hơn 67 tỷ đồng cho 727 người vay vốn phát triển kinh tế, đưa Thanh Hóa trở thành địa phương dẫn đầu cả nước trong thực hiện Quyết định 22/2023/QĐ-TTg của Thủ tướng |1
20734|270|2025-11-11 16:47:55|2025-11-11 23:55:05|50498||Ban Chỉ đạo an ninh, trật tự xã Lương Sơn, tỉnh Thanh Hoá vừa tổ chức ra mắt hai mô hình “Đoàn Thanh niên chung tay giúp đỡ người tái hoà nhập cộng đồng” và “Trường học an toàn giao thông”. Đây là những mô hình tự quản có ý nghĩa thiết thực, hiệu quả đối v|1
20735|NULL|2025-11-11 16:54:36|2025-11-11 22:37:30|50501||Với sự tham gia của gần 3.000 cán bộ, đại biểu cơ sở, chuỗi hội nghị tuyên truyền về thi hành án hình sự và tái hòa nhập cộng đồng năm 2025 do Công an tỉnh Sơn La tổ chức đã thể hiện rõ quyết tâm của các cấp, ngành trong việc đồng hành cùng người chấp hành|1
20736|303|2025-11-11 17:03:25|2025-11-11 22:37:17|50504||Ngày 11/11, UBND tỉnh Ninh Bình tổ chức Hội nghị sơ kết 5 năm thực hiện Nghị định số 49/2020/NĐ-CP của Chính phủ về tái hòa nhập cộng đồng giai đoạn 2020–2025 và 2 năm triển khai Quyết định số 22/2023/QĐ-TTg về tín dụng hỗ trợ người chấp hành xong án phạt |1
20737|298|2025-11-11 17:26:09|2025-11-11 22:36:45|50507||UBND tỉnh Ninh Bình tổ chức Hội nghị sơ kết 5 năm thực hiện Nghị định số 49 của Chính phủ về công tác tái hòa nhập cộng đồng và 2 năm thực hiện Quyết định số 22 của Thủ tướng Chính phủ về tính dụng đối với người chấp hành xong án phạt tù|1
20738|45|2025-11-14 19:38:44|2025-11-14 22:14:19|50510||Chiều ngày 11/11, tại trụ sở Công an xã Xuân Đường, Phòng Cảnh sát thi hành án hình sự và hỗ trợ tư pháp Công an tỉnh Đồng Nai phối hợp với Công an xã Xuân Đường tổ chức hội nghị “Thông tin, tuyên truyền pháp luật, giới thiệu việc làm, đào tạo nghề, hỗ trợ|1
20739|45|2025-11-14 19:57:19|2025-11-14 22:14:44|50513||Không chỉ tuyên truyền pháp luật, hỗ trợ đào tạo nghề, Đồng Nai còn tạo điều kiện cho người chấp hành xong án phạt tù được tiếp cận nguồn vốn ưu đãi để khởi nghiệp, sản xuất, kinh doanh, từng bước ổn định cuộc sống và tái hòa nhập cộng đồng. Chính sách nhâ|1
20740|216|2025-11-14 20:09:03|2025-11-14 22:15:05|50516||Như bao người bình thường khác, những người hoàn lương sau khi chấp hành án phạt tù cũng có ước mơ về cuộc sống ổn định và một mái ấm bình yên. Tuy nhiên, hành trình hoàn lương của họ cũng lắm khó khăn khi đối mặt với không ít định kiến xã hội và việc tìm |1
20741|173|2025-11-14 20:21:43|2025-11-14 22:15:28|50519||Thực hiện chủ trương của Bộ Công an về đưa Công an chính quy đảm nhiệm các chức danh Công an xã, trong những năm qua, lực lượng Công an cấp xã trên địa bàn tỉnh Phú Thọ đã không ngừng phát huy vai trò nòng cốt trong công tác bảo đảm an ninh, trật tự cơ sở.|1
20742|189|2025-11-14 20:27:49|2025-11-14 22:15:51|50522||KHÓM THỚI AN A, PHƯỜNG MỸ THỚI RA MẮT MÔ HÌNH GIÚP ĐỠ NGƯỜI CHẤP HÀNH XONG ÁN PHẠT TÙ TÁI HÒA NHẬP CỘNG ĐỒNG|1
20743|261|2025-11-14 20:33:41|2025-11-14 22:16:15|50525||UBND Thành phố Hà Nội đã ban hành Kế hoạch 297/ KH-UBND về việc tăng cường thực hiện công tác thi hành án hình sự tại cộng đồng và tái hòa nhập cộng đồng trên địa bàn Thành phố.|1
20744|275|2025-11-14 20:42:41|2025-11-14 22:16:35|50528||Thực hiện Công văn số 18325/UBND-TDNC ngày 22/10/2025 của UBND tỉnh Thanh Hóa về việc tổ chức Hội nghị trực tuyến tập huấn công tác thi hành án và tái hòa nhập cộng đồng, sáng ngày 24/10/2025, Công an tỉnh Thanh Hóa đã tổ chức Hội nghị trực tuyến tập huấn |1
20745|242|2025-11-14 20:59:53|2025-11-14 22:16:56|50531||Chiều ngày 31/10/2025, UBND xã Thọ Phú tổ chức Lễ ra mắt mô hình “Chung tay, đồng hành, giúp đỡ người chấp hành xong hình phạt tù tái hòa nhập cộng đồng”; Tuyên truyền, cảm hoá, giáo dục pháp luật và hỗ trợ tái hoà nhập cộng đồng cho người chấp hành xong á|1
20746|308|2025-11-14 21:14:14|2025-11-14 22:17:09|50534||Sáng ngày 21/10, Công an tỉnh Hà Tĩnh tổ chức Hội nghị sơ kết công tác thi hành án hình sự, quản lý tạm giữ, tạm giam, hỗ trợ tư pháp và quản lý kho vật chứng quý III và 9 tháng đầu năm 2025. Tham dự có đại diện Viện Kiểm sát nhân dân tỉnh Hà Tĩnh; Lãnh đạ|1
20747|291|2025-11-14 21:18:50|2025-11-14 22:17:50|50537||Thực hiện Quyết định của Chủ tịch nước về đặc xá nhân dịp Quốc khánh 2/9, Đảng ủy, UBND xã Đam Rông 3 đã chỉ đạo các ban, ngành, đoàn thể, lực lượng Công an xã chủ động xây dựng kế hoạch tiếp nhận, quản lý và giúp đỡ người chấp hành xong án phạt tù trở về |1
20749|245|2025-11-14 21:33:35|2025-11-14 22:18:07|50543||Thời gian qua, công tác quản lý, giám sát, giáo dục, giúp đỡ người chấp hành xong án phạt tù trở về địa phương luôn được các cấp, các ngành quan tâm thực hiện. Công an phường Vĩnh Yên đã chủ động phối hợp chặt chẽ với chính quyền địa phương, các tổ dân phố|1
20750|471|2025-11-14 21:49:49|2025-11-14 22:18:32|50546||Thực hiện Công văn số 225/KH-CAT-PC10 ngày 28/10/2025 của Công an tỉnh Thái Nguyên về việc tổ chức hội nghị tuyên truyền, phổ biến, giáo dục pháp luật về công tác tái hòa nhập cộng đồng tại các xã, trên địa bàn tỉnh. Chiều ngày 11/11, Công an tỉnh Thái Ngu|1
20751|338|2025-11-14 21:57:00|2025-11-14 22:18:51|50549||Chiều ngày 10/11, tại Hội trường UBND xã Đồng Hỷ, UBND xã phối hợp với Phòng Cảnh sát Thi hành án hình sự và Hỗ trợ tư pháp (Công an tỉnh Thái Nguyên) tổ chức Hội nghị tuyên truyền, phổ biến pháp luật về công tác tái hòa nhập cộng đồng và ra mắt mô hình “K|1
20752|379|2025-11-14 22:02:47|2025-11-14 22:19:11|50552||Công an phối hợp MTTQ và các đoàn thể xã Vĩnh Tường (TP Cần Thơ) triển khai thực hiện từ năm 2022 đến nay, mô hình “Hòa nhập cộng đồng” đã và đang chung tay mở lối hoàn lương qua việc trợ giúp những người có quá khứ lầm lỗi sớm ổn định cuộc sống.|1
20753|60|2025-11-14 22:22:15|2025-11-19 08:34:26|50555||Sáng ngày 11/11/2025, tại Hội trường UBND phường Đào Viên, Công an phường Đào Viên đã phối hợp với Phòng Cảnh sát Thi hành án hình sự và Hỗ trợ tư pháp, Công an tỉnh Bắc Ninh tổ chức Hội nghị Tuyên truyền, phổ biến pháp luật về thi hành án hình sự tại cộng|1
20754|58|2025-11-17 20:20:57|2025-11-19 08:34:48|50558||Không ồn ào, không hình thức, tại phường Bồ Đề (Hà Nội), công tác hỗ trợ người từng lầm lỗi vay vốn tái hòa nhập cộng đồng đang phát huy hiệu quả rõ rệt với hàng chục trường hợp được tiếp cận nguồn vốn chính sách, tự tạo việc làm, ổn định cuộc sống và rời |1
20755|378|2025-11-17 20:29:34|2025-11-19 08:35:10|50561||Trong những năm gần đây, công tác hỗ trợ, tạo sinh kế cho người chấp hành xong án phạt tù đã được thành phố Hà Nội quan tâm đặc biệt. Việc triển khai tín dụng ưu đãi thông qua Ngân hàng Chính sách xã hội (NHCSXH) không chỉ giúp người hoàn lương có cơ hội v|1
20756|53|2025-11-17 21:22:25|2025-11-19 08:39:19|50564||Trong hành trình trở lại cuộc sống đời thường, không ít người từng lầm lỡ phải đối diện với mặc cảm, sự dè dặt của cộng đồng và cả những khó khăn mưu sinh.|1
20757|51|2025-11-18 14:26:11|2025-11-19 08:39:57|50567||Công an phường Phổ Yên làm tốt công tác tái hòa nhập cộng đồng tại địa bàn|1
20758|52|2025-11-18 14:32:36|2025-12-18 08:22:35|50960||Ngày 10/11/2025, Công an xã Đồng Hỷ, tỉnh Thái Nguyên đã tổ chức hội nghị tuyên truyền, phổ biến, giáo dục pháp luật về công tác tái hòa nhập cộng đồng và ra mắt mô hình “Kết nối, tạo việc làm cho người chấp hành xong án phạt tù, tái hòa nhập cộng đồng” tr|1
20759|61|2025-11-18 14:53:56|2025-11-19 08:41:11|50573||Chi nhánh Ngân hàng Chính sách xã hội (NHCSXH) TP Cần Thơ và Công An TP Cần Thơ vừa ký kết chương trình phối hợp tiếp tục thực hiện Quyết định số 22/2023/QÐ-TTg của Thủ tướng Chính phủ về tín dụng đối với người chấp hành xong án phạt tù (Quyết định số 22).|1
20760|51|2025-11-18 15:28:45|2025-11-19 08:42:23|50576||Công an thành phố Cần Thơ và Chi nhánh Ngân hàng Chính sách xã hội thành phố Cần Thơ ký kết Chương trình phối hợp thực hiện Quyết định số 22/2023/QĐ-TTg ngày 17/8/2023 của Thủ tướng Chính phủ|1
20761|2|2025-11-18 16:10:09|2025-12-03 10:58:11|50579||Để triển khai có hiệu quả Quyết định số 22/2023/QĐ-TTg ngày 17/8/2023 của Thủ tướng Chính phủ về tín dụng đối với người chấp hành xong án phạt tù là chính sách mới và nhân văn nhằm giúp đỡ người chấp hành xong án phạt tù ổn định cuộc sống, hòa nhập cộ|1
20762|57|2025-11-18 16:21:33|2025-11-19 08:49:32|50582||Ngày 17/8/2023, Thủ tướng Chính phủ đã ký Quyết định số 22/2023/QÐ-TTg (Quyết định 22) về tín dụng đối với người chấp hành xong án phạt tù (NCHXAPT), quyết định có hiệu lực từ 10/10/2023. Ðây là chính sách nhân văn, nhân đạo của Ðảng và Nhà nước ta, được x|1
20763|144|2025-11-18 16:41:14|2025-12-18 08:16:40|50957||Tiếp tục triển khai thực hiện tín dụng chính sách xã hội đối với người chấp hành xong án phạt tù|1
20764|157|2025-11-18 16:48:18|2025-11-19 08:50:27|50588||Ngày 9/10, Phòng Giao dịch Ngân hàng Chính sách xã hội (NHCSXH) Đông Hòa tổ chức giải ngân cho 2 hộ vay vốn chương trình tín dụng đối với người chấp hành xong án phạt tù theo Quyết định số 22/2023/QĐ-TTg, ngày 17/8/2023 của Thủ tướng Chính phủ.|1
20765|199|2025-11-18 16:56:52|2025-11-19 08:50:42|50591||CAX Hà Nha hỗ trợ người chấp hành xong án phạt tù vay vốn ưu đãi tái hoà nhập cộng đồng|1
20766|174|2025-11-18 17:15:27|2025-11-19 08:50:59|50594||Quyết định 22 của Thủ tướng Chính phủ đã mang đến nhiều cơ hội cho người chấp hành xong án phạt tù được vay vốn, vươn lên trong cuộc sống, tái hòa nhập cộng đồng.|1
20767|192|2025-11-18 20:06:48|2025-11-19 08:51:13|50597||NGÂN HÀNG CHÍNH SÁCH XÃ HỘI PHỐI HỢP VỚI CÔNG AN PHƯỜNG BÌNH LONG THĂM HỎI, ĐỘNG VIÊN NGƯỜI CHẤP HÀNH XONG ÁN PHẠT TÙ TRỞ VỀ ĐỊA PHƯƠNG |1
20768|220|2025-11-18 20:38:36|2025-11-19 08:50:06|50600||Sáng 21/10/2025, Công an xã Pờ Tó phối hợp với Phòng giao dịch Ngân hàng Chính sách xã hội Ia Pa tổ chức buổi tư vấn chính sách tín dụng đối với người chấp hành xong án phạt tù theo Quyết định số 22/2023/QĐ-TTg ngày 17/8/2023 của Thủ tướng Chính phủ.|1
20769|199|2025-11-18 20:52:21|2025-11-19 08:51:48|50603||Từ nguồn vốn vay ưu đãi của Ngân hàng Chính sách xã hội (NHCSXH), người dân miền biển Đức Phổ, tỉnh Quảng Ngãi có thêm nguồn lực phát triển sản xuất, kinh doanh, góp lực thực hiện mục tiêu giảm nghèo, từng bước làm giàu, xây dựng nông thôn mới, bảo đảm an |1
20770|693|2025-11-18 21:18:54|2025-11-19 08:52:01|50606||Để tạo điều kiện cho những người chấp hành xong án phạt tù xóa bỏ mặc cảm, sớm tái hòa nhập cộng đồng và tìm kiếm việc làm ổn định, Công an xã Hiền Lương đã phối hợp với Ngân hàng Chính sách xã hội Hạ Hoà triển khai chương trình cho vay vốn ưu đãi. Đây là |1
20771|233|2025-11-18 21:26:13|2026-06-01 12:54:51|50609||(Chính sách tín dụng hỗ trợ người chấp hành xong án phạt tù đang được triển khai nhằm tạo điều kiện để họ ổn định cuộc sống, tái hòa nhập cộng đồng và góp phần bảo đảm an ninh, trật tự tại cơ sở.) |1
20772|210|2025-11-18 21:41:07|2025-11-19 08:53:03|50612||Bình Long ra mắt mô hình Ánh sáng hoàn lương|1
20773|236|2025-11-18 21:52:21|2026-06-01 12:54:29|50615||Công an xã Phú An phối hợp với đội cất nhà từ thiện hỗ trợ cất nhà tình nghĩa cho người chấp hành xong án phạt tù tái hoà nhập cộng đồng|1
20774|459|2025-11-18 22:06:18|2025-11-19 08:53:45|50618||Trong thời gian qua,việc xây dựng, duy trì mô hình “Quản lý, giáo dục, tạo việc làm cho người chấp hành xong án phạt tù, người chấp hành án hình sự tại cộng đồng” trên địa bàn xã Phú Thịnh, tỉnh Thái Nguyên đã đạt nhiều kết quả đáng ghi nhận, góp phần quan|1
20775|NULL|2025-11-20 15:40:54|2025-11-20 15:41:46|50621|| Phòng Cảnh sát Thi hành án hình sự và Hỗ trợ tư pháp Công an tỉnh phối hợp với UBND phường Cẩm Phả, Quang Hanh, Cửa Ông và các đơn vị đồng hành tổ chức Hội nghị tuyên truyền pháp luật, tư vấn nghề nghiệp, vay vốn, xuất khẩu lao động cho người chấp hành xo|1
20776|NULL|2025-11-20 15:48:11|2025-11-20 15:48:16|50624||Sau khi chấp hành xong án phạt, nhiều người từng lầm lỡ trở về địa phương vẫn phải đối mặt với không ít khó khăn — từ việc tìm kiếm việc làm, xoay xở vốn sản xuất đến sự e dè của cộng đồng. Với phương châm “giúp người hoàn lương là góp phần giữ bình yên cơ|1
20777|2897|2025-11-22 14:10:36|2025-11-24 20:02:25|50627||Ngày 21/11/2025, Công an thành phố Huế tổ chức khai giảng lớp tập huấn nghiệp vụ công tác thi hành án hình sự tại cộng đồng và tái hòa nhập cộng đồng dành cho 120 học viên là lãnh đạo UBND cấp xã, chỉ huy Công an cấp xã và cán bộ phụ trách chuyên đề.|1
20778|NULL|2025-11-22 14:10:38|2025-12-17 09:34:08|50909||Ngày 21/11/2025, Công an thành phố Huế tổ chức khai giảng lớp tập huấn nghiệp vụ công tác thi hành án hình sự tại cộng đồng và tái hòa nhập cộng đồng dành cho 120 học viên là lãnh đạo UBND cấp xã, chỉ huy Công an cấp xã và cán bộ phụ trách chuyên đề.|1
20779|427|2025-11-22 16:07:48|2025-11-24 19:46:51|50630||Thực hiện Kế hoạch kiểm sát năm 2025, sáng ngày 19/11/2025, Viện kiểm sát nhân dân thành phố Cần Thơ đã tiến hành trực tiếp kiểm sát công tác thi hành án hình sự tại Cơ quan Thi hành án hình sự (THAHS) Công an thành phố Cần Thơ. Đây là hoạt động kiểm sát t|1
20780|219|2025-11-22 16:17:42|2025-11-24 19:46:32|50633||𝐍𝐚̂𝐧𝐠 𝐜𝐚𝐨 𝐡𝐢𝐞̣̂𝐮 𝐪𝐮𝐚̉ 𝐡𝐨̂̃ 𝐭𝐫𝐨̛̣ 𝐭𝐚́𝐢 𝐡𝐨̀𝐚 𝐧𝐡𝐚̣̂𝐩 𝐜𝐨̣̂𝐧𝐠 đ𝐨̂̀𝐧𝐠 𝐜𝐡𝐨 𝐧𝐠𝐮̛𝐨̛̀𝐢 𝐜𝐡𝐚̂́𝐩 𝐡𝐚̀𝐧𝐡 𝐱𝐨𝐧𝐠 𝐚́𝐧 𝐩𝐡𝐚̣𝐭 𝐭𝐮̀|1
20781|236|2025-11-24 20:00:54|2025-11-24 20:00:54|50636||Mùa đông lại về, mang theo những cơn gió lạnh và những trận mưa dài, rả rích. Nhưng mùa đông năm nay, em Hoàng Phúc Giáp và Hoàng Thị Như Quỳnh ở thôn Vĩnh Phú, xã Cẩm Xuyên sẽ ấm áp hơn vì đã có thêm những món quà nhỏ.|1
20782|340|2025-11-24 20:22:55|2025-12-03 10:17:24|50639||Sáng ngày 22/11, đoàn viên Chi đoàn và hội viên Hội Phụ nữ Phòng Cảnh sát Thi hành án hình sự và Hỗ trợ tư pháp – Công an thành phố Huế, phối hợp cùng đoàn viên Học viện Tư pháp đã tổ chức chương trình hỗ trợ người dân chịu ảnh hưởng nặng nề sau đợt mưa lũ|1
20783|823|2025-11-25 07:53:50|2025-11-25 07:53:50|50642||Không cần còng số 8, cũng chẳng có bản án răn đe, những người phụ nữ mang sắc phục Công an ở phường Sa Đéc (tỉnh Đồng Tháp) đã giữ lại những cuộc đời đang trôi dạt bằng tình thương, sự kiên nhẫn và lòng bao dung. Các chị không chỉ thắp hy vọng cho người từ|1
20784|283|2025-11-25 16:47:24|2025-11-25 16:47:24|50645||Ngày 11/11/2025, Phòng Cảnh sát thi hành án hình sự Công an tỉnh Bắc Ninh phối hợp Công an xã Tiên Lục đã đến thăm, làm việc và nắm bắt tình hình đời sống, kinh tế của anh Đỗ Bá Thành, sinh năm 1989, trú tại thôn Bằng, xã Tiên Lục, tỉnh Bắc Ninh.|1
20785|2|2025-11-29 16:53:24|2025-12-01 08:37:01|50648||Chiều ngày 31/10/2025, UBND xã tổ chức Hội nghị tuyên truyền, cảm hóa, giáo dục pháp luật và hỗ trợ tái hòa nhập cộng đồng cho người chấp hành xong án phạt tù. Đây là hoạt động có ý nghĩa thiết thực, góp phần nâng cao hiệu quả công tác thi hành án hình sự |1
20786|NULL|2025-11-29 17:01:29|2025-12-01 08:39:22|50651||Sáng 24/10/2024, Công an tỉnh Thanh Hóa tổ chức Lớp tập huấn bằng hình thức trực tuyến về công tác thi hành án hình sự tại cộng đồng và công tác tái hòa nhập cộng đồng năm 2025 cho lãnh đạo, chỉ huy, cán bộ, chiến sĩ các phòng nghiệp vụ, Công an các xã, ph|1
20787|133|2025-11-29 17:11:10|2025-12-01 08:40:04|50654||Việc giúp đỡ người chấp hành xong án phạt tù tái hòa nhập cộng đồng không chỉ thể hiện tinh thần nhân ái, bao dung của xã hội mà còn tạo điều kiện để họ làm lại cuộc đời, có công ăn việc làm ổn định, Khẳng định bản thân, trở thành công dân có ích cho xã hộ|1
20788|169|2025-11-29 17:27:59|2025-12-01 08:40:40|50657||Cơ quan Thi hành án hình sự (THAHS) Công an tỉnh Quảng Ngãi đã làm tốt chức năng tham mưu cấp ủy, chính quyền địa phương trong việc chỉ đạo triển khai thực hiện các chủ trương công tác lớn của Đảng, chính sách, pháp luật của Nhà nước về THAHS và tái hòa nh|1
20789|148|2025-11-29 17:42:05|2025-12-17 09:25:19|50660||Hiệu quả cho vay đối với người chấp hành xong án phạt tù |1
20790|2|2025-11-29 17:48:57|2025-12-03 08:51:18|50663||Chương trình thăm hỏi, tặng quà nhân dịp Quốc khánh mang ý nghĩa nhân văn sâu sắc, là nguồn động viên lớn, giúp những người từng lầm lỡ thêm tự tin, vượt qua mặc cảm để làm lại cuộc đời.|1
20791|4|2025-11-29 18:01:55|2025-12-03 08:58:35|50666||TUYÊN TRUYỀN, PHỔ BIẾN, PHÁP LUẬT VỀ CÔNG TÁC TÁI HÒA NHẬP CỘNG ĐỒNG ĐỐI VỚI NGƯỜI CHẤP HÀNH XONG HÌNH PHẠT TÙ|1
20792|2|2025-11-29 18:14:17|2025-12-03 08:58:19|50669||‎Vừa qua, Công an xã Phú An phối hợp với Đội cất nhà từ thiện hỗ trợ cất nhà cho người chấp hành xong án phạt tù tái hòa nhập cộng đồng.|1
20793|6|2025-11-29 18:21:52|2025-12-03 10:16:08|50672||Mỹ Thới: Đồng hành cùng người chấp hành xong án phạt tù tái hòa nhập cộng đồng|1
20794|NULL|2025-11-29 18:40:18|2025-12-17 10:44:40|50675||Công an xã Quảng Ninh tổ chức Hội nghị tuyên truyền phổ biến giáo dục pháp luật, tư vấn giới thiệu việc làm, hỗ trợ vay vốn đối với người chấp hành án hình sự tại cộng đồng, người tái hoà nhập cộng đồng và những người có nguy cơ phạm tội trên địa bàn xã|1
20795|2|2025-11-29 18:50:54|2026-07-08 13:49:10|50678||KHÔNG AI BỊ BỎ LẠI PHÍA SAU - CHUYỆN NGƯỜI HOÀN LƯƠNG Sau khi chấp hành xong án phạt tù, trở về địa phương, ai cũng mong muốn được bắt đầu một cuộc|0
20796|NULL|2025-11-29 18:56:40|2025-12-03 08:57:21|50681||Ngày 11/11/2025, Phòng Cảnh sát thi hành án hình sự Công an tỉnh Bắc Ninh phối hợp Công an xã Tiên Lục đã đến thăm, làm việc và nắm bắt tình hình đời sống, kinh tế của anh Đỗ Bá Thành, sinh năm 1989, trú tại thôn Bằng, xã Tiên Lục, tỉnh Bắc Ninh.|1
20797|2|2025-11-29 19:02:13|2025-12-03 08:50:47|50684||Ngày 28/11/2025, xã Nam Cường tổ chức hội nghị ra mắt mô hình “Quản lý, giám sát, giáo dục người chấp hành xong hình phạt tù trở về địa phương tái hòa nhập cộng đồng”. |1
20798|3|2025-11-29 19:06:56|2025-12-03 08:50:18|50687||Tuyên tuyền pháp luật, giới thiệu việc làm, hỗ trợ vay vốn cho người chấp hành xong án phạt tù|1
20799|4|2025-11-29 19:11:26|2025-12-02 10:18:53|50690||Hơn 300 phạm nhân sắp chấp hành xong án phạt tù đã được tư vấn, định hướng nghề nghiệp và giới thiệu việc làm.|1
20800|NULL|2025-11-29 19:18:52|2025-12-02 10:18:14|50693||BƯỚC QUA LỖI LẦM Nhằm tạo điều kiện cho các phạm nhân được đặc xá, chấp hành xong án phạt tù làm ăn, phát triển kinh tế, ổn định cuộc sống, Đảng, Nhà nước ta đã có nhiều chủ trương, chính sách giúp họ tái hòa nhập cộng đồng. Nhờ đó, những năm gần đây, tỷ l|1
20801|2|2025-11-29 19:32:25|2025-12-17 10:33:23|50951||Ngày 16/7, Công an tỉnh và chi nhánh Ngân hàng chính sách xã hội tỉnh Sơn La tổ chức hội nghị ký kết quy chế phối hợp thực hiện Quyết định số 22/2023/QĐ-TTg, ngày 17/8/2023 của Thủ tướng Chính phủ về tín dụng đối với người chấp hành xong án phạt tù trên đị|1
20802|NULL|2025-11-29 19:37:44|2026-06-01 12:52:41|50699||Nhằm triển khai hiệu quả chính sách tín dụng ưu đãi hỗ trợ người chấp hành xong án phạt tù tái hòa nhập cộng đồng, ngày 24/10/2025, Công an xã Dân Chủ phối hợp với Phòng giao dịch Ngân hàng Chính sách xã hội (NHCSXH) Phù Ninh tổ chức hội nghị ký kết quy ch|1
20803|170|2025-11-29 19:47:24|2025-12-02 10:10:27|50702||Mỗi năm, trên địa bàn tỉnh Phú Thọ có hàng nghìn người chấp hành xong án phạt tù trở về địa phương. Họ mang trong mình khát vọng làm lại cuộc đời, mong được sống và cống hiến như bao người bình thường khác. Thế nhưng, con đường trở lại với cộng đồng chưa b|1
20804|228|2025-11-29 19:55:19|2025-12-17 10:30:58|50948||Chiều ngày 10/11, tại Hội trường UBND xã Đồng Hỷ, UBND xã phối hợp với Phòng Cảnh sát Thi hành án hình sự và Hỗ trợ tư pháp (Công an tỉnh Thái Nguyên) tổ chức Hội nghị tuyên truyền, phổ biến pháp luật về công tác tái hòa nhập cộng đồng và ra mắt mô hình “K|1
20805|174|2025-11-29 20:09:18|2026-06-01 12:52:26|50708||Chiều ngày 21/11/2026 tại trụ sở Ngân hàng Chính sách xã hội Bắc Ninh đã diễn ra Hội nghị ký kết Chương trình phối hợp giữa Công an tỉnh và Chi nhánh Ngân hàng chính sách xã hội tỉnh Bắc Ninh nhằm hỗ trợ tín dụng đối với người chấp hành xong án phạt tù.|1
20806|213|2025-11-29 20:15:41|2025-12-03 10:13:33|50711||Theo Công an tỉnh Bắc Ninh, từ ngày 1/7/2025 đến nay, toàn tỉnh đã giải ngân hơn 10,2 tỷ đồng cho 104 trường hợp là người chấp hành xong án phạt tù có nhu cầu vay vốn đầu tư sản xuất, kinh doanh.|1
20807|287|2025-11-29 20:24:45|2025-12-03 10:11:56|50714||Ngày 21/1, Công an tỉnh Bắc Ninh phối hợp với Ngân hàng Chính sách xã hội tỉnh tổ chức Hội nghị ký kết Chương trình phối hợp triển khai thực hiện Quyết định số 22/2023 ngày 17/8/2023 của Thủ tướng Chính phủ về tín dụng đối với người chấp hành xong án phạt |1
20808|226|2025-11-29 20:38:25|2025-12-03 10:10:36|50717||NGHỆ AN: Hiệu quả từ chính sách tín dụng đối với người chấp hành xong án phạt tù|1
20810|224|2025-11-29 21:02:54|2026-07-13 17:38:08|50720||Nhờ được tiếp cận nguồn vốn ưu đãi từ Ngân hàng Chính sách - Xã hội theo Quyết định số 22/2023/QĐ-TTg của Thủ tướng Chính phủ, gia đình bà N.T.Q ở xã An Bình – mẹ của người chấp hành xong án phạt tù – đã mạnh dạn đầu tư mô hình chăn nuôi lươn thịt. Nguồn v|1
20811|249|2025-11-29 21:09:35|2025-12-03 10:00:47|50723||KHÁNH HÒA: Kết quả thực hiện Quyết định số 22 của Thủ tướng Chính phủ về vay vốn tín dụng đối với người chấp hành xong án phạt tù|1
20812|205|2025-11-29 21:15:15|2025-12-03 09:55:35|50726||PHÚ THỌ: Mở lối hoàn lương|1
20813|177|2025-12-01 08:57:36|2025-12-03 09:55:17|50729||UBND PHƯỜNG BẮC NHA TRANG TRIỂN KHAI KẾ HOẠCH  VỀ TÍN DỤNG CHO NGƯỜI CHẤP HÀNH XONG ÁN PHẠT TÙ|1
20814|255|2025-12-02 08:43:05|2025-12-17 10:25:11|50945|| GẶP MẶT, ĐỐI THOẠI VÀ HỖ TRỢ TÁI HÒA NHẬP CỘNG ĐỒNG CHO NGƯỜI CHẤP HÀNH ÁN |1
20815|221|2025-12-02 09:05:43|2026-07-15 16:31:14|50735||Sáng ngày 24/11/2025, tại Hội trường Phòng Cảnh sát Thi hành án hình sự và Hỗ trợ tư pháp Công an thành phố tổ chức lớp tập huấn công tác thi hành án hình sự tại cộng đồng và tái hòa nhập cộng đồng năm 2025, nhằm phổ biến những quy định mới của pháp luật, |1
20816|52|2025-12-08 10:31:49|2026-07-01 10:52:27|50738||Nâng cao hiệu quả công tác thi hành án hình sự tại cộng đồng và tái hòa nhập cộng đồng|1
20817|60|2025-12-08 10:42:22|2025-12-09 08:27:24|50741||Sáng ngày 02/12/2025, Công an tỉnh tổ chức Hội nghị tập huấn công tác thi hành án hình sự tại cộng đồng và tái hòa nhập cộng đồng năm 2025. Đồng chí Thiếu tướng Nguyễn Văn Long - Phó Cục trưởng Cục Cảnh sát quản lý tạm giữ, tạm giam và thi hành án hình sự |1
20818|63|2025-12-08 10:48:26|2025-12-09 08:27:42|50744||Sáng 4/12, Bộ Công an tổ chức hội nghị tổng kết công tác đặc xá và công tác tái hòa nhập cộng đồng đối với người được đặc xá năm 2025. Đồng chí Nguyễn Hòa Bình, Ủy viên Bộ Chính trị, Phó Thủ tướng Thường trực Chính phủ, Chủ tịch Hội đồng tư vấn đặc xá năm |1
20819|89|2025-12-08 10:52:01|2026-07-08 14:42:22|50747||Ngày 04/12/2025, Bộ Công an tổ chức Hội nghị tổng kết công tác đặc xá và tái hòa nhập cộng đồng đối với người được đặc xá năm 2025. Đồng chí Đại tá Hoàng Trọng Vỹ, Uỷ viên BCH Đảng bộ, Phó Giám đốc, Thủ trưởng Cơ quan thi hành án hình sự Cô|1
20820|122|2025-12-08 10:54:29|2026-07-08 14:51:17|50750||Ngày 04/12/2025, Bộ Công an đã tổ chức Hội nghị tổng kết công tác đặc xá và công tác tái hòa nhập cộng đồng đối với người được đặc xá năm 2025. Đồng chí Nguyễn Hòa Bình, Ủy viên Bộ Chính trị, Phó Thủ tướng Thường trực Chính phủ, Chủ tịch Hội đồng tư vấn đặ|1
20821|NULL|2025-12-08 10:58:36|2025-12-09 08:28:30|50753||Ngày 04/12/2025, Bộ Công an đã tổ chức Hội nghị tổng kết công tác đặc xá và công tác tái hòa nhập cộng đồng đối với người được đặc xá năm 2025. Đồng chí Nguyễn Hòa Bình, Ủy viên Bộ Chính trị, Phó Thủ tướng Thường trực Chính phủ, Chủ tịch Hội đồng tư vấn đặ|1
20822|196|2025-12-08 13:46:33|2025-12-09 08:28:47|50756||Xác định giữ vững an ninh trật tự (ANTT) là nền tảng cho phát triển kinh tế - xã hội, thời gian qua, xã Khả Cửu đã triển khai nhiều giải pháp đẩy mạnh phong trào Toàn dân bảo vệ an ninh Tổ quốc (BVANTQ) với nhiều cách làm sáng tạo, phù hợp thực tiễn và đạt|1
20823|98|2025-12-08 16:15:22|2025-12-09 08:29:04|50759||Ngày 4/12, Bộ Công an đã tổ chức hội nghị tổng kết công tác đặc xá và công tác tái hòa nhập cộng đồng đối với người được đặc xá năm 2025 theo hình thức trực tuyến. Đồng chí Nguyễn Hòa Bình - Ủy viên Bộ Chính trị, Phó Thủ tướng Thường trực Chính phủ chủ trì|1
20824|143|2025-12-08 16:22:00|2025-12-09 08:31:13|50762||Ngày 4/12, tại Hà Nội, Bộ Công an tổ chức Hội nghị tổng kết công tác đặc xá và tái hòa nhập cộng đồng đối với người được đặc xá năm 2025.|1
20825|139|2025-12-08 16:35:35|2025-12-17 08:27:08|50765||Giữa trập trùng núi rừng Tây Bắc, nguồn vốn tín dụng chính sách xã hội theo nhiều cách đang chảy về các bản làng xa xôi nhất của tỉnh Điện Biên, trở thành "chiếc cần câu" hữu hiệu giúp đồng bào các dân tộc thiểu số vươn lên thoát nghèo.|1
20826|87|2025-12-08 16:42:54|2025-12-17 10:18:43|50768||Các chương trình cho vay hộ nghèo, cận nghèo, hộ mới thoát nghèo, nước sạch và vệ sinh môi trường nông thôn, giải quyết việc làm,… của Ngân hàng Chính sách xã hội (NHCSXH) tỉnh Tây Ninh đã kịp thời tiếp sức cho các đối tượng có điều kiện phát triển kinh tế|1
20827|130|2025-12-08 16:47:46|2025-12-09 08:41:21|50771||Quyết định số 22/2023/QĐ-TTg của Thủ tướng Chính phủ về tín dụng đối với người chấp hành xong án phạt tù - có hiệu lực từ 10/10/2023 đã trở thành điểm tựa mới, mở ra một cánh cửa khác: Cánh cửa của niềm tin và cơ hội.|1
20828|178|2025-12-08 17:00:27|2025-12-09 13:49:25|50774||Phòng Cảnh sát Thi hành án Hình sự và Hỗ trợ tư pháp, Công an tỉnh Đồng Nai vừa phối hợp với UBND xã Long Hà, NHCSXH tỉnh tổ chức Hội nghị thông tin, tuyên truyền, giới thiệu việc làm, đào tạo nghề, tư vấn pháp lý, hỗ trợ vay vốn đối với người chấp hành xo|1
20829|251|2025-12-08 17:08:47|2025-12-09 08:42:07|50777||Sáng 04/12/2025, tại Hà Nội, Bộ Công an tổ chức Hội nghị tổng kết công tác đặc xá và tái hòa nhập cộng đồng đối với người được đặc xá năm 2025.|1
20830|207|2025-12-08 17:15:17|2025-12-09 08:42:25|50780||Sáng ngày 04/12, tại Hà Nội, Bộ Công an tổ chức Hội nghị tổng kết công tác đặc xá và tái hòa nhập cộng đồng đối với người được đặc xá năm 2025. Dự hội nghị có các đồng chí: Nguyễn Hòa Bình, Ủy viên Bộ Chính trị, Phó Thủ tướng Thường trực Chính phủ, Chủ tịc|1
20831|204|2025-12-08 17:23:41|2025-12-09 08:42:40|50783||Ngày 3/12, Phòng Cảnh sát Thi hành án hình sự và hỗ trợ tư pháp, Công an tỉnh Đồng Nai đã phối hợp với UBND phường Tân Triều tổ chức Hội nghị thông tin, tuyên truyền pháp luật, giới thiệu việc làm, đào tạo nghề, hỗ trợ vay vốn đối với người người chấp hành|1
20832|226|2025-12-08 17:35:38|2025-12-17 10:16:10|50942||Sáng ngày 04/12/2025, Bộ Công an tổ chức Hội nghị trực tuyến tổng kết công tác đặc xá và công tác tái hòa nhập cộng đồng đối với người được đặc xá năm 2025. |1
20833|253|2025-12-08 17:39:45|2025-12-09 08:45:09|50789||Gặp mặt, hỗ trợ và tư vấn dành cho các trường hợp đang thi hành án tại cộng đồng và những người chấp hành xong án phạt tù trở về địa phương|1
20834|208|2025-12-08 17:46:56|2025-12-09 08:43:51|50792||Sáng ngày 4/12, tại Hà Nội, Bộ Công an đã tổ chức Hội nghị trực tuyến tổng kết công tác đặc xá và công tác tái hòa nhập cộng đồng đối với người được đặc xá năm 2025.|1
20835|188|2025-12-08 18:04:23|2025-12-09 08:44:16|50795||Sáng 04/12, Bộ Công an tổ chức Hội nghị Tổng kết công tác đặc xá năm 2025 và công tác tái hòa nhập cộng đồng đối với người được đặc xá năm 2025. Dự và chỉ đạo hội nghị có đồng chí Nguyễn Hòa Bình, Ủy viên Bộ Chính trị, Phó Thủ tướng Thường trực Chính phủ, |1
20836|133|2025-12-09 13:45:54|2025-12-17 10:12:40|50936||Đẩy mạnh công tác tuyên truyền tái hòa nhập cộng đồng trên địa bàn tỉnh Lai Châu|1
20837|NULL|2025-12-09 14:05:23|2025-12-17 09:10:05|50897||Sáng 24/10/2024, Công an tỉnh Thanh Hóa đã tổ chức Lớp tập huấn công tác thi hành án hình sự tại cộng đồng và công tác tái hòa nhập cộng đồng năm 2025 cho lãnh đạo, chỉ huy, cán bộ, chiến sĩ các phòng nghiệp vụ, Công an các xã, phường và lực lượng tham gia|1
20838|NULL|2025-12-09 14:10:33|2025-12-17 10:13:23|50939||Cơ quan thi hành án hình sự Công an tỉnh Khánh Hòa tổ chức tuyên truyền tái hòa nhập cộng đồng cho người chấp hành xong  án phạt tù, người được đặc xá năm 2025 tại phường Nam Nha Trang|1
20839|307|2025-12-09 14:16:55|2025-12-17 10:09:08|50930||Ngày 28/11/2025, Công an phường An Phú đã tổ chức Hội nghị tập huấn công tác tái hoà nhập cộng đồng cho gần 100 học viên là Bí thư, Tổ trưởng Tổ dân phố, Thôn trưởng ở các làng, Tổ trưởng Tổ ANTT và Bí thư Đoàn Thanh niên các Tổ dân phố trên địa bàn phường|1
20840|222|2025-12-10 10:54:01|2025-12-11 23:25:46|50807||HỒ CHÍ MINH: Tập huấn công tác thi hành án hình sự tại cộng đồng và tái hòa nhập cộng đồng|1
20841|262|2025-12-10 12:00:33|2025-12-15 14:04:47|50810||Bộ Công an vừa tổ chức Hội nghị trực tuyến tổng kết công tác đặc xá và tái hòa nhập cộng đồng đối với người được đặc xá năm 2025. Đây là dịp để các đơn vị đánh giá toàn diện kết quả thực hiện chính sách nhân đạo của Đảng và Nhà nước trong năm qua.|1
20842|274|2025-12-10 12:03:54|2025-12-15 14:05:47|50813||ĐỒNG THÁP: Gần 800 người được đặc xá năm 2025|1
20843|208|2025-12-10 13:45:25|2025-12-15 14:06:02|50816||Sáng 04/12, tại Hà Nội, Bộ Công an tổ chức hội nghị tổng kết công tác đặc xá và tái hoà nhập cộng đồng đối với người được đặc xá năm 2025. Hội nghị được tổ chức theo hình thức trực tiếp kết hợp trực tuyến đến điểm cầu Công an 34 tỉnh, thành phố trực thuộc |1
20844|1|2025-12-10 15:30:34|2026-07-13 17:35:48|50819||KHÁNH HÒA: Câu chuyện pháp luật "Nâng cao công tác tái hòa nhập cộng đồng trên địa bàn tỉnh"|1
20845|192|2025-12-10 15:35:58|2025-12-15 14:04:22|50822||Ngày 03/10/2025, tại hội trường Ủy ban MTTQ Việt Nam xã Đức Hòa, Công an tỉnh tổ chức hội nghị tập huấn công tác tái hòa nhập cộng đồng và thi hành án hình sự tại cộng đồng năm 2025. Phó Bí thư Đảng ủy – Chủ tịch UBND xã – Lê Thị Ngọc Hoa; đại diện đồng ch|1
20846|NULL|2025-12-11 23:40:02|2026-07-13 17:31:38|50825||Ngày 21/11/2025, Công an thành phố Huế tổ chức khai giảng lớp tập huấn nghiệp vụ công tác thi hành án hình sự tại cộng đồng và tái hòa nhập cộng đồng dành cho 120 học viên là lãnh đạo UBND cấp xã, chỉ huy Công an cấp xã và cán bộ phụ trách chuyên đề.|1
20847|264|2025-12-11 23:46:44|2025-12-17 10:05:51|50927||Sáng ngày 10/12/2025, tại Hội trường UBND phường Phong Phú, thành phố Huế, Phòng Cảnh sát thi hành án hình sự và hỗ trợ tư pháp Công an thành phố Huế phối hợp cùng Đảng uỷ, UBND, UBMTTQ và các ban, ngành, đoàn thể phường Phong Phú tổ chức buổi tuyên truyền|1
20848|198|2025-12-15 14:16:06|2025-12-16 16:58:50|50831||Thực hiện chỉ đạo của Bộ Công an và Chương trình công tác năm 2025 của Công an thành phố, ngày 14-11, Công an TP Đà Nẵng tổ chức Hội nghị tập huấn công tác thi hành án hình sự tại cộng đồng và tái hòa nhập cộng đồng năm 2025.|1
20849|161|2025-12-15 14:33:42|2025-12-17 09:11:40|50834||Chiều ngày 28/10/2025, tại Công sở xã Na Mèo, Công an xã Na Mèo tổ chức Hội nghị tập huấn công tác Thi hành án hình sự tại cộng đồng và Tái hòa nhập cộng đồng. Dự hội nghị có đồng chí Lương Văn Huân – UVBTV, Chủ tịch UBMTTQ xã Na Mèo, đồng chí Phạm Văn Hợp|1
20850|203|2025-12-15 15:01:18|2025-12-16 16:59:27|50837||Công an tỉnh Quảng Trị khai giảng lớp tập huấn thi hành án hình sự tại cộng đồng năm 2025|1
20851|199|2025-12-15 15:06:47|2025-12-16 17:00:10|50840||Phó Thủ tướng Thường trực Chính phủ Nguyễn Hòa Bình đề nghị Bộ Công an, ban, ngành, địa phương tiếp tục làm tốt công tác tuyên truyền, phổ biến chủ trương, chính sách nhân đạo, nhân văn về đặc xá, khoan hồng, các quy định của Luật Đặc xá, kết hợp đấu tranh|1
20852|275|2025-12-15 15:11:31|2025-12-16 17:00:49|50843||Ngày 12/11/2025, Ủy ban nhân dân xã Tân Tập tổ chức Hội nghị triển khai công tác thi hành án hình sự và tái hòa nhập cộng đồng năm 2025. Phó Bí thư Đảng ủy, Chủ tịch UBND xã Tân Tập – Nguyễn Hoài Thanh chủ trì hội nghị.|1
20853|10|2025-12-15 15:24:03|2025-12-17 08:21:56|50846||Ngày 4/12, tại Hà Nội, Bộ Công an tổ chức Hội nghị tổng kết công tác đặc xá và tái hòa nhập cộng đồng đối với người được đặc xá năm 2025.|1
20854|12|2025-12-15 15:33:07|2025-12-17 08:24:59|50849||Ngày 4-12, Bộ Công an tổ chức Hội nghị tổng kết công tác đặc xá và tái hòa nhập cộng đồng đối với người được đặc xá năm 2025. Hội nghị được tổ chức trực tiếp kết hợp trực tuyến giữa đầu cầu Hà Nội với các đầu cầu trong cả nước.|1
20855|2|2025-12-15 15:46:31|2026-05-16 12:12:00|50852||Hà Tĩnh có hơn 1.000 người thi hành án hình sự tại cộng đồng. Nhờ vai trò của Công an Hà Tĩnh và địa phương, công tác quản lý, giám sát và hỗ trợ tái hòa nhập được thực hiện hiệu quả.|1
20856|11|2025-12-15 15:53:35|2025-12-17 09:59:01|50924||Vừa qua, Công an phường Vinh Phú, tỉnh Nghệ An tổ chức Hội nghị phổ biến, tư vấn pháp luật và trợ giúp pháp lý cho người chấp hành xong án phạt tù và người đang thi hành án hình sự tại cộng đồng, thu hút hơn 100 người tham gia.|1
20857|11|2025-12-15 16:10:12|2025-12-17 08:25:44|50858||Sáng 13/11/2025, Công an xã Sao Vàng đã tổ chức Hội nghị tuyên truyền, phổ biến giáo dục pháp luật về công tác thi hành án hình sự tại cộng đồng và tái hòa nhập cộng đồng năm 2025. Đồng chí Nguyễn Văn Chung, Ủy viên BCH Đảng bộ xã, Phó Chủ tịch UBND dự và |1
20858|93|2025-12-15 16:17:11|2025-12-17 08:25:28|50861||Sáng 4/12, Bộ Công an tổ chức hội nghị trực tuyến toàn quốc tổng kết công tác đặc xá và công tác tái hoà nhập cộng đồng đối với người được đặc xá năm 2025.|1
20859|83|2025-12-15 16:31:05|2025-12-17 08:25:15|50864||Phát huy vai trò nòng cốt trong công tác bảo đảm an ninh, trật tự tại địa bàn cơ sở, thời gian qua, lực lượng Công an cấp xã trên địa bàn toàn tỉnh Ninh Bình đã bám sát chỉ đạo của Đảng ủy, Giám đốc Công an tỉnh và cấp ủy, chính quyền địa phương, chủ động |1
20860|135|2025-12-15 16:36:30|2025-12-17 09:58:40|50921||QUẢNG TRỊ: Công an xã Hoàn Lão tổ chức gặp mặt, hỗ trợ và tư vấn cho người thi hành án tại cộng đồng và người chấp hành xong án phạt tù trở về địa phương|1
20861|291|2025-12-15 16:41:19|2025-12-17 08:24:30|50870||Ngày 4/12, Bộ Công an tổ chức Hội nghị trực tuyến từ điểm cầu Bộ Công an đến điểm cầu Công an các tỉnh, thành phố nhằm tổng kết công tác đặc xá và tái hòa nhập cộng đồng đối với người được đặc xá năm 2025.|1
20862|228|2025-12-15 16:51:52|2025-12-17 08:23:50|50873||Tiếp tục có những lần đặc xá nhân kỷ niệm các ngày lễ lớn, các sự kiện trọng đại|1
20863|211|2025-12-15 17:14:38|2026-07-13 17:29:36|50876||LAI CHÂU: Tập huấn công tác thi hành án hình sự tại cộng đồng và tái hòa nhập cộng đồng năm 2025|1
20864|159|2025-12-15 17:17:42|2026-07-13 17:24:51|50879||HỒ CHÍ MINH: Công an Thành phố Hồ Chí Minh Hỗ Trợ hơn 1.000 người được đặc xá tái hòa nhập cộng đồng|1
20865|193|2025-12-15 17:24:10|2025-12-17 08:23:10|50882||HỒ CHÍ MINH: CÔNG AN PHƯỜNG TỔ CHỨC HỘI NGHỊ TUYÊN TRUYỀN, PHỔ BIẾN PHÁP LUẬT ĐỐI VỚI NGƯỜI CHẤP HÀNH XONG ÁN PHẠT TÙ TRỞ VỀ ĐỊA PHƯƠNG TÁI HÒA NHẬP CỘNG ĐỒNG|1
20866|229|2025-12-15 17:33:55|2025-12-17 08:22:50|50885||Sáng 10/12, UBND phường Phong Phú tổ chức Lễ ra mắt mô hình 'Chung tay quản lý, giáo dục, giúp đỡ người chấp hành xong án phạt tù tái hòa nhập cộng đồng'.|1
20867|244|2025-12-15 17:37:51|2025-12-17 08:59:46|50888||Tỉnh Đồng Tháp có hơn 1.700 tổ bảo vệ ANTT ở cơ sở, với trên 5.400 thành viên tham gia. Trong năm qua, các tổ bảo vệ ANTT đã cung cấp hơn 4.000 tin báo có giá trị, hỗ trợ giải quyết trên 2.700 tin báo, thực hiện hơn 27.000 cuộc tuần tra, phát hiện gần 2.00|1
20868|230|2025-12-15 17:45:33|2025-12-17 08:22:26|50891||Hỗ trợ hơn 1.000 người được đặc xá tái hòa nhập cộng đồng|1
20869|240|2025-12-15 21:28:28|2025-12-17 09:23:05|50903||Sáng 09/12/2025, Công an tỉnh Nghệ An tổ chức Hội nghị tập huấn công tác thi hành án hình sự tại cộng đồng và tái hòa nhập cộng đồng năm 2025. Đồng chí Đại tá Nguyễn Đức Cường, Phó Giám đốc Công an tỉnh dự và phát biểu chỉ đạo Hội nghị.|1
20870|1869|2025-12-19 09:17:52|2025-12-20 20:00:44|50999||Ngày 18/12/2025, Công an tỉnh Đồng Tháp tổ chức thành công Hội thi nghiệp vụ Thi hành án hình sự và hỗ trợ tư pháp năm 2025.|1
20871|1648|2025-12-19 10:18:35|2025-12-19 17:05:07|51002||Phụ nữ PC10 tổ chức buổi nói chuyện chuyên đề và tuyên truyền, phổ biến, giáo dục pháp luật về công tác tái hòa nhập cộng đồng|1
20874|220|2025-12-19 16:48:05|2026-01-05 10:52:24|51011||Sáng 04/12, tại Hà Nội, Bộ Công an tổ chức Hội nghị tổng kết công tác đặc xá và tái hòa nhập cộng đồng đối với người được đặc xá năm 2025. Dự Hội nghị có các đồng chí: Nguyễn Hòa Bình, Ủy viên Bộ Chính trị, Phó Thủ tướng Thường trực Chính phủ, Chủ tịch Hội|1
20875|223|2025-12-20 20:13:58|2026-01-05 10:34:59|51014||Hội nghị do Phòng Cảnh sát Thi hành án hình sự và Hỗ trợ tư pháp phối hợp với Trung tâm dịch vụ việc làm và Ngân hàng Chính sách xã hội tỉnh, đồng tổ chức|1
20876|2987|2025-12-22 17:23:02|2025-12-22 17:23:02|51017||Ngày 22/12/2025, Công an thành phố phối hợp với Chi nhánh Ngân hàng Chính sách xã hội thành phố Huế tổ chức Hội nghị sơ kết 02 năm thực hiện Quyết định số 22/2023/QĐ-TTg của Thủ tướng Chính phủ về tín dụng đối với người chấp hành xong án phạt tù.|1
20877|169|2025-12-22 19:44:32|2025-12-23 11:53:19|51020||HÀ TĨNH: Hơn 1.700 người chấp hành xong án phạt tù được giúp đỡ tái hòa nhập cộng đồng|1
20878|158|2025-12-22 19:55:58|2026-01-05 10:21:00|51023||Ngày 05/11/2025, Công an tỉnh Đắk Lắk phối hợp với Cục Xây dựng phong trào bảo vệ an ninh Tổ quốc (Bộ Công an) tổ chức Hội nghị “điểm” sơ kết mô hình “Doanh nhân với an ninh trật tự” góp phần xây dựng nông thôn mới tại xã Ea Ô.|1
20879|166|2025-12-22 20:12:37|2025-12-23 11:54:09|51026||Tại trụ sở UBND xã Long Hà, Phòng Cảnh sát thi hành án hình sự và hỗ trợ tư pháp, Công an tỉnh Đồng Nai vừa phối hợp với UBND xã Long Hà tổ chức Hội nghị thông tin tuyên truyền, tư vấn pháp luật, giới thiệu việc làm, đào tạo nghề và hỗ trợ vay vốn cho nhữn|1
20880|333|2025-12-22 20:26:23|2026-01-05 10:18:13|51029|||1
20881|305|2025-12-22 20:39:04|2026-01-05 10:17:21|51035||Trong bối cảnh công tác tái hòa nhập cộng đồng cho người chấp hành xong án phạt tù đang được quan tâm trên phạm vi toàn quốc, nhiều địa phương đã triển khai các mô hình hỗ trợ thiết thực nhằm giảm nguy cơ tái phạm và tạo điều kiện để người lầm lỗi ổn định |1
20884|177|2025-12-24 09:54:43|2025-12-29 08:53:18|51041||Nhờ sự triển khai quyết liệt và hiệu quả các chính sách tín dụng chính sách của Nhà nước, Chi nhánh Ngân hàng Chính sách Xã hội (NHCSXH) tỉnh Quảng Trị đang chứng minh vai trò then chốt trong việc hỗ trợ người chấp hành xong án phạt tù (CHXAPT) tái hòa nhậ|1
20885|265|2025-12-24 17:35:16|2025-12-29 10:48:16|51044||Ngày 24/12/2025, Công an tỉnh An Giang tổ chức Hội nghị tập huấn, bồi dưỡng nghiệp vụ công tác thi hành án hình sự tại cộng đồng và tái hòa nhập cộng đồng năm 2025. Đồng chí Đại tá Trần Văn Cung, Phó Giám đốc Công an tỉnh An Giang dự và chỉ đạo hội nghị. T|1
20890|355|2025-12-25 20:23:29|2026-07-15 16:30:11|51047||Gặp ai, làm gì để được hỗ trợ, giúp đỡ tái hòa nhập cộng đồng|1
20891|337|2025-12-25 21:43:38|2026-01-05 10:09:35|51050||Chiều 25/12/2025, tại Hà Nội, Thượng tướng Lê Văn Tuyến, Thứ trưởng Bộ Công an đến dự và phát biểu chỉ đạo tại Hội nghị tổng kết công tác năm 2025, triển khai công tác năm 2026 của lực lượng Cảnh sát quản lý tạm giữ, tạm giam và thi hành án hình sự tại cộn|1
20892|274|2025-12-25 22:06:10|2026-05-16 11:39:45|51053||Thực hiện nghiêm túc chỉ đạo của Cục Cảnh sát quản lý tạm giữ, tạm giam và thi hành án hình sự tại cộng đồng, Bộ Công an về việc thực hiện công tác thi hành án hình sự tại cộng đồng và tái hòa nhập cộng đồng khi triển khai sắp xếp, tổ chức lại Công an cấp |1
20893|446|2025-12-27 17:59:51|2026-07-13 17:21:46|51056||Chiều ngày 25/12/2025, Ủy ban nhân dân xã Hoàn Lão tỉnh Quảng Trị đã tổ chức Hội nghị triển khai, ra mắt phát động mô hình “05 đồng hành” trong công tác tái hòa nhập cộng đồng trên địa bàn xã.|1
20894|310|2025-12-28 21:32:56|2025-12-29 10:45:31|51059||Nhằm góp phần chung tay xóa bỏ mặc cảm, giúp đỡ, hỗ trợ cho những người chấp hành xong án phạt tù trở về địa phương ổn định cuộc sống, hạn chế tái phạm, góp phần bảo đảm ANTT trên địa bàn. Ngày 19/12/2025, tại xã Hồ Thị Kỷ, tỉnh Cà Mau, Phòng Cảnh sát thi |1
20895|244|2025-12-28 21:45:46|2025-12-29 08:43:02|51062||Trong những năm qua, công tác hỗ trợ người chấp hành xong án phạt tù tái hòa nhập cộng đồng luôn được các cấp, các ngành quan tâm triển khai bằng nhiều giải pháp đồng bộ, thiết thực. Trong đó, việc tạo điều kiện tiếp cận pháp luật, việc làm và nguồn vốn va|1
20896|224|2025-12-28 22:14:28|2025-12-29 10:38:37|51065||Công an thành phố Cần Thơ vừa phối hợp với Chi nhánh Ngân hàng Chính sách xã hội, Trung tâm dịch vụ việc làm thành phố Cần Thơ tuyên truyền pháp luật, tư vấn vay vốn và giới thiệu việc làm cho gần 700 trường hợp thuộc diện tái hòa nhập cộng đồng trên địa b|1
20897|264|2025-12-29 14:11:37|2025-12-29 14:12:49|51071||KHÁNH HOÀ: Tập huấn công tác thi hành án hình sự và tái hoà nhập cộng đồng cho lực lượng bán chuyên trách|1
20898|262|2025-12-31 21:42:38|2025-12-31 21:42:38|51074||Ngày 31/12/2025, Phòng Cảnh sát thi hành án hình sự và hỗ trợ tư pháp Công an thành phố Huế tổ chức Hội nghị tổng kết công tác năm 2025, triển khai chương trình công tác năm 2026. Hội nghị được tổ chức nghiêm túc, thiết thực, nhằm đánh giá toàn diện kết qu|1
20899|NULL|2026-01-05 10:14:21|2026-01-05 10:14:21|51077|||1
20900|185|2026-01-15 13:54:19|2026-06-01 12:52:03|51542||Sáng 8-1, Phòng Cảnh sát thi hành án hình sự và hỗ trợ tư pháp - Công an tỉnh Đồng Tháp tổ chức Hội nghị tổng kết công tác năm 2025 và triển khai nhiệm vụ năm 2026.|1
20901|186|2026-01-15 14:44:38|2026-06-01 12:51:42|51083||Sáng 08/01/2026, Công an thành phố Cần Thơ tổ chức Hội nghị Tổng kết công tác tạm giữ, tạm giam, thi hành án hình sự và hỗ trợ tư pháp năm 2025, triển khai phương hướng, nhiệm vụ công tác năm 2026. Đại tá Trần Hoàng Độ Phó Giám đốc Công an thành phố, Thủ t|1
20902|192|2026-01-15 14:51:08|2026-06-01 12:51:29|51086||Công an thành phố Cần Thơ họp xét đề nghị giảm, miễn, rút ngắn thời gian chấp hành án hình sự tại cộng đồng nhân dịp Tết Nguyên đán Bính Ngọ 2026|1
20903|182|2026-01-15 15:44:48|2026-01-22 16:46:59|51089||ANTD.VN -CATP Hà Nội vừa ban hành Kế hoạch về tăng cường thực hiện công tác thi hành án hình sự tại cộng đồng và tái hòa nhập cộng đồng.|1
20904|240|2026-01-15 15:56:55|2026-01-22 16:47:09|51092||Mới đây, CATP Hà Nội đã tổ tập huấn pháp luật, nghiệp vụ về công tác thi hành án hình sự tại cộng đồng và bảo vệ cưỡng chế thi hành án dân sự năm 2025. Trong đó, có những nội dung mới, quan trọng về công tác tái hòa nhập cộng đồng đối với người chấp hành x|1
20905|200|2026-01-15 16:38:40|2026-01-22 16:47:19|51095||ANTD.VN -Mới đây, CATP Hà Nội đã tổ tập huấn pháp luật, nghiệp vụ về công tác thi hành án hình sự tại cộng đồng và bảo vệ cưỡng chế thi hành án dân sự năm 2025. Trong đó, có những nội dung mới, quan trọng về công tác tái hòa nhập cộng đồng đối với người ch|1
20906|182|2026-01-30 18:45:41|2026-07-15 16:26:21|51098||Ngày 30/01, UBND xã Đại Lộc, TP Đà Nẵng tổ chức Hội nghị gặp mặt, đối thoại, trợ giúp người chấp hành án hình sự tại cộng đồng, người chấp hành xong án phạt tù tái hòa nhập cộng đồng trên địa bàn.|1
20907|147|2026-02-06 16:00:08|2026-07-15 16:27:55|51170||Hải Châu ra mắt Mô hình “Điểm danh, kiểm diện đối tượng thi hành án hình sự tại cộng đồng thông qua ứng dụng điện tử” |1
20908|223|2026-02-06 16:11:30|2026-06-01 12:51:09|51104||Ngày 16-1, UBND phường Hải Châu (TP Đà Nẵng) phối hợp với Chi nhánh Ngân hàng Chính sách xã hội TP Đà Nẵng (VBSP Đà Nẵng) tổ chức Hội nghị đánh giá kết quả triển khai thực hiện Quyết định số 22/2023/QĐ-TTg ngày 17-8-2023 của Thủ tướng Chính phủ về tín dụng|1
20909|184|2026-02-25 14:59:28|2026-06-01 12:50:05|51107||Thực hiện chủ trương của Đảng và Nhà nước về công tác tái hòa nhập cộng đồng đối với người chấp hành xong án phạt tù, ngày 17/8/2023, Thủ tướng Chính phủ đã ban hành Quyết định số 22/2023/QĐ-TTg quy định về chính sách tín dụng ưu đãi từ Ngân hàng Chính sác|1
20911|185|2026-02-25 15:48:09|2026-06-01 12:49:52|51113||"Tín dụng chính sách và động lực cho người chấp hành xong án phạt tù tái hoà nhập cộng đồng”|1
20912|262|2026-02-25 20:28:15|2026-06-01 12:49:39|51116||Nhân dịp Tết Nguyên đán Bính Ngọ 2026, Phòng Cảnh sát thi hành án hình sự và Hỗ trợ tư pháp phối hợp Công an phường Quang Hanh và Ngân hàng Chính sách xã hội tỉnh Quảng Ninh tổ chức chương trình thăm hỏi, tặng quà Tết cho người chấp hành xong án phạt tù có|1
20913|202|2026-02-25 20:54:27|2026-05-16 11:48:57|51119||Công an phường Tân Châu vừa đến thăm hỏi, tặng quà cho người chấp hành xong án phạt tù hoàn lương tiêu biểu có hoàn cảnh khó khăn tái hòa nhập cộng đồng trên địa bàn phường.|1
20915|2|2026-02-26 09:23:37|2026-05-16 11:15:39|51122||Để tạo điều kiện tốt nhất cho những người chấp hành xong án phạt tù xóa bỏ mặc cảm, sớm tái hòa nhập cộng đồng và có việc làm ổn định, thời gian qua Công an xã Phú Nghĩa, tỉnh Đồng Nai đã phối hợp tốt với Ngân hàng Chính sách xã hội khu vực Bù Gia Mập triể|1
20916|2|2026-02-27 10:43:47|2026-06-01 12:49:27|51125||Gần 20 tỷ đồng hỗ trợ người chấp hành xong án phạt tù làm lại cuộc đời. Đây là con số qua 5 năm triển khai, công tác phối hợp giữa Công an TP.Đà Nẵng và Ngân sách Chính sách xã hội TP.Đà Nẵng đã góp phần ngăn chặn "tín dụng đen".|1
20917|2|2026-02-27 10:49:26|2026-07-15 16:23:44|51128||Công an xã Thượng Đức hỗ trợ người hoàn lương tiếp cận nguồn vốn chính sách, ổn định cuộc sống|1
20918|2|2026-05-06 14:26:06|2026-06-01 12:46:12|51131||Pháp luật không chỉ để phân xử đúng - sai, mà còn là điểm tựa để người từng phạm sai lầm đứng dậy, bước tiếp và bắt đầu lại một cách tử tế, bền vững hơn.|1
20919|95|2026-05-06 14:55:42|2026-05-16 11:08:51|51134||Chiều 1/4, UBND tỉnh Lâm Đồng tổ chức Hội nghị tổng kết 5 năm thực hiện Nghị định 49 và 2 năm thực hiện Quyết định 22 của Thủ tướng Chính phủ về công tác tái hòa nhập cộng đồng và chính sách tín dụng đối với người chấp hành xong án phạt tù.|1
20920|93|2026-05-07 14:29:14|2026-05-16 11:00:52|51137||Ủy ban nhân dân thành phố Cần Thơ tổ chức Hội nghị Tổng kết 05 năm thực hiện Nghị định số 49/2020/NĐ-CP của Chính phủ quy định chi tiết thi hành Luật Thi hành án hình sự về tái hòa nhập cộng đồng và sơ kết 02 năm thực hiện Quyết định số 22/2023/QĐ-TTg của |1
20921|124|2026-05-07 14:39:00|2026-06-01 12:45:57|51140||Công an thành phố Cần Thơ họp xét giảm, miễn, rút ngắn thời hạn chấp hành án hình sự tại cộng đồng dịp Lễ 30/4|1
20922|133|2026-05-07 14:49:08|2026-05-16 10:57:37|51143||Thực hiện chủ trương của Đảng ủy, lãnh đạo Công an tỉnh về tăng cường tham mưu triển khai các giải pháp hỗ trợ tái hòa nhập cộng đồng, Công an xã Quảng Khê đã chủ động tham mưu cấp ủy, chính quyền địa phương xây dựng và triển khai “Mô hình giải quyết việc |1
20923|152|2026-05-07 15:02:15|2026-05-16 10:56:58|51146||Chủ tịch UBND TP Đà Nẵng Phạm Đức Ấn vừa ký ban hành Công văn số 1546/UBND-CATP về tiếp tục thực hiện Quyết định số 22/2023/QĐ-TTg ngày 17-8-2023 của Thủ tướng Chính phủ về tín dụng và Văn bản số 7557/NHCS-TDSV ngày 20-9-2023 của Tổng Giám đốc Ngân hàng Ch|1
20924|152|2026-05-07 15:18:37|2026-05-16 10:56:41|51149||Chiều 18-3, UBND TP Đà Nẵng tổ chức hội nghị tổng kết 5 năm thực hiện Nghị định số 49/2020/NĐ-CP của Chính phủ về tái hòa nhập cộng đồng và sơ kết 2 năm triển khai Quyết định số 22/2023/QĐ-TTg của Thủ tướng Chính phủ về tín dụng đối với người chấp hành xon|1
20925|194|2026-05-07 16:14:56|2026-06-01 12:45:40|51152||Sáng 01/4/2026, tại Hà Nội, Bộ Công an tổ chức Hội nghị tổng kết 05 năm thực hiện Nghị định số 49/2020/NĐ-CP ngày 17/4/2020 của Chính phủ quy định chi tiết thi hành Luật Thi hành án hình sự về tái hoà nhập cộng đồng (THNCĐ) và sơ kết 02 năm thực hiện Quyết|1
20926|238|2026-05-15 11:25:24|2026-05-16 10:48:19|51155||Nhằm nâng cao hiệu quả công tác quản lý, giáo dục, giúp đỡ người chấp hành án hình sự tại cộng đồng tái hòa nhập xã hội, vừa qua, Công an phường Cửa Ông đã tổ chức gặp gỡ đối tượng thi hành án hình sự tại cộng đồng, tạm hoãn và cải tạo không giam giữ trên |1
20927|155|2026-05-15 12:26:29|2026-05-16 10:44:56|51167||Ngày 24/4/2026, tại phường Mạo Khê, Ban Thanh niên, Ban Phụ nữ Công an tỉnh Quảng Ninh phối hợp Phòng Cảnh sát thi hành án hình sự và hỗ trợ tư pháp, Công an phường Mạo Khê tổ chức Hội nghị tuyên truyền, phổ biến giáo dục pháp luật và tư vấn nghề nghiệp ch|1
20928|237|2026-05-16 10:09:22|2026-07-01 10:46:29|51161||Sáng nay ngày 16/5, tại UBND phường Hải Châu, thành phố Đà Nẵng tổ chức Phiên giao dịch việc làm dành cho người đang chấp hành án hình sự tại cộng đồng và người tái hòa nhập cộng đồng trên địa bàn 2 phường Hải Châu và Hòa Cường.|1
20929|226|2026-05-16 10:28:28|2026-07-01 10:39:38|51164||Sáng ngày 10/5, tại Trung tâm Hội nghị xã Nông Sơn, UBND xã Nông Sơn phối hợp Phòng Cảnh sát thi hành án hình sự và hỗ trợ tư pháp Công an thành phố Đà Nẵng cùng Trung tâm Dịch vụ việc làm thành phố Đà Nẵng tổ chức Phiên giao dịch việc làm năm 2026 dành ch|1
20930|151|2026-05-16 12:45:38|2026-06-01 12:27:03|51173||Mô hình dân vận khéo “Tuyên truyền pháp luật cho người sắp chấp hành xong án phạt tù và người bị tạm giữ, tạm giam” của Công an tỉnh Cà Mau mang đậm tính nhân văn, góp phần nâng cao hiệu quả công tác quản lý, giáo dục trong cơ sở giam giữ và hạn chế tái ph|1
20931|31|2026-05-18 10:52:02|2026-05-25 14:27:16|51176||Ngày 14/5/2026, Công an tỉnh Lai Châu tổ chức Hội nghị tuyên truyền, phổ biến, giáo dục pháp luật cho người chấp hành xong án phạt tù trên địa bàn các xã Bum Tở, Bum Nưa, Hua Bum. Thừa ủy quyền của Ban Giám đốc Công an tỉnh có đồng chí Thượng tá Lù Văn Hà |1
20932|22|2026-05-18 14:01:30|2026-05-25 14:35:09|51179||Kết nối việc làm, tiếp sức tái hòa nhập cộng đồng cho người chấp hành án tại xã Việt An|1
20933|35|2026-05-18 14:21:39|2026-06-01 12:26:48|51182||Sáng ngày 07/5/2026, Cơ quan Thi hành án hình sự Công an tỉnh tổ chức Hội nghị bàn giải pháp nâng cao chất lượng công tác quản lý, giám sát, giáo dục đối tượng thi hành án hình sự tại cộng đồng và tái hòa nhập cộng đồng.   |1
20934|1|2026-05-18 14:44:38|2026-06-01 12:25:18|51188||(ĐTO) Sáng 22-4, Công an tỉnh Đồng Tháp tổ chức Hội nghị tổng kết 5 năm thực hiện Nghị định số 49/2020/NĐ-CP ngày 17-4-2020 của Chính phủ quy định chi tiết thi hành Luật Thi hành án hình sự về tái hòa nhập cộng đồng; đồng thời, sơ kết 2 năm thực hiện Quyết|1
20935|145|2026-05-18 15:46:00|2026-06-01 12:25:06|51191||Tại xã Phú Thuận (TP Đà Nẵng), địa phương nằm ven sông Thu Bồn, hành trình tái hòa nhập cộng đồng (THNCĐ) của những người từng một thời lầm lỡ không còn là con đường đơn độc. Bằng sự chung tay của cả hệ thống chính trị, đặc biệt là vai trò nòng cốt của lực|1
20936|NULL|2026-05-19 09:54:32|2026-06-01 12:24:51|51194||UBND TP vừa có công văn số 1546/UBND-CATP về việc tiếp tục thực hiện Quyết định số 22/2023/QĐ-TTg ngày 17-8-2023 của Thủ tướng Chính phủ vềtín dụng đối với người chấp hành xong án phạt tù (NCHXAPT) và Văn bản số 7557/NHCS-TDSV ngày 20-9-2023 của Tổng Giám |1
20937|3|2026-05-19 10:32:18|2026-06-01 12:13:03|51197||Chiều 29-1, UBND xã Tam Xuân (TP Đà Nẵng) tổ chức Hội nghị tổng kết công tác tái hòa nhập cộng đồng, công tác thi hành án hình sự tại cộng đồng; đồng thời đánh giá kết quả triển khai thực hiện Quyết định số 22/2023/QĐ-TTg của Thủ tướng Chính phủ về tín dụn|1
20938|119|2026-05-19 10:41:03|2026-06-01 12:24:06|51200||Công an phường Liên Chiểu (TP Đà Nẵng) vừa tham mưu UBND phường xây dựng và tổ chức ra mắt mô hình "4 kèm 1" cảm hóa, giáo dục, giúp đỡ người chấp hành xong án phạt tù.|1
20939|150|2026-05-19 10:47:02|2026-06-01 12:12:52|51203||Từ gói vay theo Quyết định số 22 của Chính Phủ thông qua Ngân hàng Chính sách xã hội đối với người chấp hành xong án phạt tù trở về địa phương đã tạo điều kiện giúp nhiều trường hợp trên địa bàn Quảng Ngãi lầm lỡ có cơ hội vươn lên phát triển kinh tế.|1
20940|4|2026-05-19 14:06:26|2026-06-01 12:23:39|51206||Chiều 21-1, UBND Sơn Trà (Đà Nẵng) phối hợp Công an phường (CAP) tổ chức buổi gặp mặt, đối thoại với gần 200 người chấp hành án hình sự tại cộng đồng, người chấp hành xong án phạt tù (CHXAPT) tái hòa nhập cộng đồng và thanh thiếu niên từng vi phạm pháp luậ|1
20941|4|2026-05-19 15:21:27|2026-06-01 12:23:23|51209||Nhằm giúp người được đề nghị đặc xá dịp 30-4-2026 chuẩn bị tốt hành trang trở về địa phương, ngày 15-5, Trại tạm giam số 2 - Công an thành phố Hà Nội tổ chức tuyên truyền, phổ biến pháp luật và tư vấn chính sách tái hòa nhập cộng đồng.|1
20942|3|2026-05-19 15:42:35|2026-06-01 12:23:11|51212||Với quyết tâm không để người chấp hành xong án phạt tù bị bỏ lại phía sau, tỉnh Đồng Tháp đã triển khai đồng bộ nhiều giải pháp thiết thực, góp phần kéo giảm tỷ lệ tái phạm xuống dưới 1,5% mỗi năm, minh chứng rõ nét cho hiệu quả của công tác tái hòa nhập c|1
20943|187|2026-05-19 15:55:51|2026-06-01 12:12:41|51215||Sau những lỗi lầm đã qua, điều nhiều người chấp hành xong án phạt tù cần nhất là có cơ hội để làm lại cuộc đời. Từ thực tế đó, tỉnh Ninh Bình đang triển khai nhiều giải pháp hỗ trợ tái hòa nhập cộng đồng, trong đó mô hình Phiên chợ “Xanh lại ước mơ” trên k|1
20944|4|2026-05-19 16:14:29|2026-06-01 12:13:14|51218||Mục tiêu chương trình tín dụng đối với người chấp hành xong án phạt tù trên địa bàn Thành phố năm 2026 là 59 tỷ đồng.|1
20945|5|2026-05-19 16:25:10|2026-06-01 12:12:26|51221||Không chỉ đơn thuần là chính sách an sinh xã hội, công tác tái hòa nhập cộng đồng (THNCĐ) cho người chấp hành xong án phạt tù đang ngày càng được Đảng, Nhà nước quan tâm với tinh thần nhân văn sâu sắc: không để ai bị bỏ lại phía sau trên hành trình làm lại|1
20946|4|2026-05-19 16:35:14|2026-06-01 12:12:12|51224||Trong tiến trình xây dựng Nhà nước pháp quyền xã hội chủ nghĩa và xã hội an toàn, nhân văn, công tác phòng ngừa, đấu tranh với tội phạm không chỉ dừng lại ở việc xử lý hành vi vi phạm pháp luật, mà còn thể hiện ở khả năng mở ra con đường trở về cho những n|1
20947|3|2026-05-19 16:47:06|2026-06-01 12:02:14|51227||Trong những năm qua, việc triển khai chính sách tín dụng đối với người chấp hành xong án phạt tù theo Quyết định số 22/2023/QĐ-TTg của Thủ tướng Chính phủ trên địa bàn tỉnh Nghệ An đã đạt nhiều kết quả tích cực. Qua đó, góp phần bảo đảm an sinh xã hội, giữ|1
20948|14|2026-05-20 10:03:53|2026-06-01 12:01:58|51230||Tỉnh Vĩnh Long đang quản lý 8.242 người chấp hành xong án phạt tù. Công tác tái hòa nhập cộng đồng được cấp ủy, chính quyền quan tâm, nòng cốt là lực lượng Công an tích cực hỗ trợ, giúp họ ổn định cuộc sống, góp phần phòng ngừa tái phạm tội và bảo đảm an n|1
20949|13|2026-05-20 10:18:03|2026-06-01 12:01:41|51233||Chiều 31/3, Công an tỉnh và Chi nhánh Ngân hàng Chính sách xã hội (CSXH) tỉnh Vĩnh Long tổ chức hội nghị ký kết chương trình phối hợp thực hiện Quyết định số 22/2023/QĐ-TTg của Thủ tướng Chính phủ về tín dụng đối với người chấp hành xong án phạt tù.|1
20950|14|2026-05-20 11:09:34|2026-06-01 12:01:28|51236||Sáng ngày 06/02/2026, tại Hội trường Công an tỉnh Đồng Nai, Công an tỉnh Đồng Nai phối hợp với Ngân hàng Chính sách xã hội (NHCSXH) tỉnh Đồng Nai tổ chức Hội nghị sơ kết 02 năm thực hiện Chương trình phối hợp và ký kết Chương trình phối hợp thực hiện Quyết|1
20951|15|2026-05-20 14:16:51|2026-06-01 12:01:10|51239||không chỉ là yêu cầu của công tác thi hành án hình sự mà còn là thước đo nhân văn của chính sách pháp luật. Tại Đồng Nai, qua 5 năm thực hiện Nghị định số 49/2020/NĐ-CP và 2 năm triển khai Quyết định số 22/2023/QĐ-TTg, hệ thống chính trị đã vào cuộc đồng b|1
20952|11|2026-05-20 14:25:55|2026-06-01 12:00:58|51242||Qua 5 năm thực hiện Nghị định số 49, ngày 17-4-2020 của Chính phủ quy định chi tiết thi hành Luật Thi hành án hình sự về tái hòa nhập cộng đồng và 2 năm thực hiện Quyết định số 22, ngày 17-8-2023 của Thủ tướng Chính phủ về tín dụng đối với người chấp hành |1
20953|12|2026-05-20 14:33:34|2026-06-01 12:00:10|51245||Chiều ngày 10/3, Tỉnh Khánh Hoà tổ chức Hội nghị Tổng kết 5 năm thực hiện Nghị định số 49 của Chính phủ và sơ kết 02 năm thực hiện Quyết định số 22 của Thủ tướng Chính phủ.|1
20954|11|2026-05-20 14:48:58|2026-06-01 11:59:55|51248||Chiều 31/3, UBND tỉnh tổ chức hội nghị tổng kết 5 năm thực hiện Nghị định số 49/2020/NĐ-CP của Chính phủ quy định chi tiết thi hành Luật thi hành án hình sự về tái hòa nhập cộng đồng và sơ kết 2 năm thực hiện Quyết định số 22/2023/QĐ-TTg của Thủ tướng Chín|1
20955|11|2026-05-20 15:11:55|2026-06-11 09:50:53|51251||Sáng 26/3, UBND tỉnh tổ chức Hội nghị tổng kết 05 năm thực hiện Nghị định số 49/2020/NĐ-CP ngày 17/4/2020 của Chính phủ về tái hòa nhập cộng đồng và sơ kết 02 năm thực hiện Quyết định số 22/2023/QĐ-TTg ngày 17/8/2023 của Thủ tướng Chính phủ về tín dụng đối|1
20956|13|2026-05-20 15:28:09|2026-06-01 11:57:12|51254||Ngày 09/12/2025, Công an tỉnh Gia Lai phối hợp Công an xã Phù Mỹ tổ chức Hội nghị gặp mặt, tuyên truyền pháp luật về thi hành án hình sự tại cộng đồng và tái hòa nhập cộng đồng năm 2025 tại Công an xã đối với 83 thành viên của các xã Phù Mỹ, Bình Dương, An|1
20957|12|2026-05-20 15:40:19|2026-06-01 11:55:11|51257||Những nguồn vốn vay ưu đãi đang là “cần câu” giúp người chấp hành xong án phạt tù trên địa bàn tỉnh Lâm Đồng phát triển kinh tế, xóa bỏ mặc cảm, mở ra cơ hội tái hòa nhập cộng đồng bền vững.|1
20958|12|2026-05-20 15:56:55|2026-06-01 11:56:28|51260||Không chỉ là một chính sách an sinh đơn thuần, việc triển khai nguồn vốn tín dụng ưu đãi theo Quyết định số 22/2023/QÐ-TTg của Thủ tướng Chính phủ (gọi tắt là Quyết định số 22) đang trở thành “điểm tựa” quan trọng giúp nhiều người chấp hành xong án phạt tù|1
20959|10|2026-05-20 16:10:54|2026-06-01 11:56:09|51263||Chính sách tín dụng đối với người chấp hành xong án phạt tù là chủ trương có ý nghĩa nhân văn sâu sắc của Đảng và Nhà nước. Việc triển khai hiệu quả chính sách này không chỉ giúp người hoàn lương có điều kiện phát triển kinh tế, ổn định cuộc sống mà còn gó|1
20960|10|2026-05-21 08:36:13|2026-06-01 11:55:50|51266||Chiều 20/1, Công an thành phố và Ngân hàng Chính sách xã hội chi nhánh Đà Nẵng tổ chức tổng kết 5 năm (2020 - 2025) thực hiện quy chế phối hợp trong công tác bảo đảm an ninh trật tự, an toàn hoạt động tín dụng chính sách xã hội trên địa bàn thành phố.|1
20961|10|2026-05-21 10:06:01|2026-06-01 11:55:37|51269||Chiều 9/3, UBND thành phố Huế tổ chức hội nghị tổng kết 5 năm thực hiện Nghị định số 49/2020/NĐ-CP ngày 17/4/2020 của Chính phủ hướng dẫn Luật Thi hành án hình sự về tái hòa nhập cộng đồng và sơ kết 2 năm triển khai Quyết định số 22/2023/QĐ-TTg ngày 17/8/2|1
20962|10|2026-05-21 10:19:39|2026-06-01 11:55:24|51272||Để những người chấp hành xong án phạt tù làm lại cuộc đời, Phòng giao dịch Ngân hàng chính sách xã hội (NHCSXH) Minh Hóa đã hỗ trợ cho 11 trường hợp vay vốn sản xuất, kinh doanh. Sau khi được vay vốn, nhiều người đã phát huy hiệu quả nguồn vốn, có những đó|1
20963|30|2026-05-21 10:39:42|2026-06-05 15:57:21|51629||Những năm qua, lực lượng Công an tỉnh Quảng Trị được giao vai trò nòng cốt trong tham mưu và tổ chức thực hiện các biện pháp bảo đảm tái hòa nhập cộng đồng; các sở, ban, ngành, đoàn thể và chính quyền địa phương được yêu cầu tăng cường phối hợp, triển khai|1
20964|67|2026-05-21 11:28:11|2026-06-01 11:53:48|51275||Chiều 18/5/2026, Công an xã Hoằng Hóa phối hợp với Phòng Giao dịch Ngân hàng Chính sách xã hội (NHCSXH) Hoằng Hóa tổ chức lễ ký kết Quy chế phối hợp triển khai cho vay và bảo đảm an ninh trật tự (ANTT) trong hoạt động tín dụng chính sách xã hội trên địa bà|1
20965|151|2026-05-21 13:58:38|2026-06-01 11:54:00|51278||Công tác hỗ trợ người chấp hành xong án phạt tù vay vốn là một chủ trương, chính sách nhân văn, nhân đạo của Đảng và Nhà nước ta, tạo điều kiện cho những người chấp hành xong án phạt tù sớm ổn định cuộc sống, không tái phạm tội.|1
20966|91|2026-05-21 14:04:44|2026-06-01 11:54:23|51281||Công an phường Duy Tân, tỉnh Ninh Bình đẩy mạnh công tác phối hợp, tuyên truyền chính sách tín dụng đối với người sau cai nghiện ma túy và người chấp hành xong án phạt tù trở về địa phương|1
20967|50|2026-05-21 14:14:27|2026-06-01 11:53:34|51284|||1
20968|57|2026-05-21 14:42:12|2026-06-01 11:54:47|51287||Việc tổ chức cho phạm nhân được đề nghị đặc xá tham gia các lớp giáo dục pháp luật, giáo dục công dân và tư vấn hướng nghiệp mang ý nghĩa nhân văn sâu sắc, góp phần nâng cao chất lượng công tác giáo dục, cải tạo và hỗ trợ tái hòa nhập cộng đồng.|1
20969|64|2026-05-21 16:00:34|2026-06-01 11:53:14|51290||Ngày 9/3, UBND tỉnh tổ chức hội nghị tổng kết 5 năm thực hiện Nghị định số 49/2020/NĐ-CP, ngày 17/4/2020 của Chính phủ quy định chi tiết thi hành Luật Thi hành án hình sự về tái hòa nhập cộng đồng và sơ kết 2 năm thực hiện Quyết định số 22/2023/QĐ-TTg, ngà|1
20970|68|2026-05-21 16:12:47|2026-06-01 11:52:06|51293||Với những người từng có thời lầm lỡ, chấp hành án phạt tù trở về cuộc sống bình thường, việc tái hòa nhập cộng đồng không hề dễ dàng. Để giúp đỡ họ, hệ thống ngân hàng chính sách xã hội cùng lực lượng công an và cấp ủy, chính quyền, đoàn thể các địa phương|1
20971|57|2026-05-21 20:55:13|2026-06-01 11:51:53|51296||Ngày 21/5, Trại tạm giam số 1 Công an TP Hồ Chí Minh tổ chức Chương trình Tái hòa nhập cộng đồng cho 76 phạm nhân (PN), trong đó có 40 PN thuộc Phân trại QLPN chuẩn bị được đặc xá. Đây là hoạt động trọng tâm nhằm thực hiện hiệu quả phong trào thi đua “Ba N|1
20972|75|2026-05-21 21:07:12|2026-06-01 11:51:38|51299||Đặc xá là sự khoan hồng của pháp luật, mở ra cơ hội để những người từng lầm lỗi làm lại cuộc đời. Với tinh thần đó, Trại tạm giam Công an tỉnh Thanh Hóa đang tích cực triển khai nhiều hoạt động giáo dục pháp luật, tư vấn tâm lý, hướng nghiệp và hỗ trợ thủ |1
20973|146|2026-05-21 21:43:17|2026-06-01 11:51:26|51305||Chương trình tái hoà nhập cộng đồng năm 2026 với chủ đề “Đi về hướng bình minh” nhằm sẻ chia kinh nghiệm, tôn vinh, biểu dương, ghi nhận những cách làm hay, việc làm sáng tạo, những điển hình trong công tác tái hoà nhập cộng đồng.|1
20974|39|2026-05-21 22:18:20|2026-06-01 11:51:08|51308||Chính sách tín dụng ưu đãi theo Quyết định số 22 của Thủ tướng Chính phủ về tín dụng đối với người chấp hành xong án phạt tù đang phát huy hiệu quả thiết thực, góp phần tháo gỡ khó khăn về vốn, tạo sinh kế bền vững cho người hoàn lương. Tại Phú Thọ, việc t|1
20975|80|2026-05-22 08:27:40|2026-06-01 11:40:39|51311||Chiều 20/5, Công an xã Thạch Lập phối hợp với Phòng giao dịch Ngân hàng Chính sách xã hội Ngọc Lặc tổ chức lễ ký kết quy chế phối hợp trong triển khai cho vay và bảo đảm an ninh trật tự, an toàn hoạt động tín dụng chính sách xã hội trên địa bàn...|1
20976|71|2026-05-22 10:05:59|2026-06-01 11:40:17|51314||Chiều ngày 09/3, dưới sự chủ trì của đồng chí Phan Trung Bá, Phó Chủ tịch Ủy ban nhân dân tỉnh, Ủy ban nhân dân tỉnh Lào Cai tổ chức Hội nghị tổng kết 5 năm thực hiện Nghị định 49 của Chính phủ quy định chi tiết Luật Thi hành án hình sự về tái hòa nhập cộn|1
20977|69|2026-05-22 10:21:48|2026-06-01 11:40:03|51317||Đoàn kiểm tra Cục Cảnh sát quản lý tạm giữ, tạm giam và thi hành án hình sự tại cộng đồng Bộ Công an đã có buổi làm việc với Công an tỉnh Phú Thọ thông qua kết quả kiểm tra công tác thi hành án hình sự tại cộng đồng và tái hòa nhập cộng đồng trên địa bàn t|1
20978|NULL|2026-05-22 10:46:19|2026-06-01 11:38:53|51320||Sáng ngày 08/4/2026, Công an tỉnh Quảng Ngãi, được sự ủy quyền của UBND tỉnh, đã tổ chức Hội nghị tổng kết 05 năm thực hiện Nghị định số 49/2020/NĐ-CP của Chính phủ và sơ kết 02 năm thực hiện Quyết định số 22/2023/QĐ-TTg của Thủ tướng Chính phủ về tín dụng|1
20979|129|2026-05-22 10:56:47|2026-06-01 11:39:09|51323||Ngày 24/3/2026, Công an tỉnh Thái Nguyên tổ chức Hội nghị sơ kết 05 năm thực hiện Nghị định 49/NĐ-CP của Chính phủ về tái hòa nhập cộng đồng và 02 năm thực hiện Quyết định số 22/2023/ QĐ-TTg của Thủ tướng Chính phủ về tín dụng đối với người chấp hành xong |1
20980|44|2026-05-22 11:48:29|2026-06-01 09:56:20|51326||Sáng 6/3/2026, UBND tỉnh Thanh Hoá tổ chức hội nghị Tổng kết 05 năm thực hiện Nghị định số 49/2020/NĐ-CP ngày 17/4/202020 của Chính phủ quy định chi tiết thi hành Luật Thi hành án hình sự về tái hòa nhập cộng đồng và sơ kết 02 năm thực hiện Quyết định số 2|1
20981|31|2026-05-22 12:02:52|2026-06-01 11:39:26|51329||Sáng 26/3/2026, UBND tỉnh Hà Tĩnh tổ chức hội nghị Tổng kết 05 năm thực hiện Nghị định số 49/2020/NĐ-CP ngày 17/4/2020 của Chính phủ quy định chi tiết thi hành Luật Thi hành án hình sự về tái hòa nhập cộng đồng và sơ kết 02 năm thực hiện Quyết định số 22/2|1
20982|76|2026-05-22 13:58:02|2026-06-01 11:38:37|51332||Ngày 07/4/2026, Tổng Bí thư, Chủ tịch nước Tô Lâm đã ký Quyết định số 457/QĐ-CTN về đặc xá năm 2026. Quyết định này vừa có giá trị pháp lý, vừa thể hiện truyền thống nhân ái của dân tộc Việt Nam, chính sách khoan hồng của Đảng và Nhà nước ta đối với người |1
20983|199|2026-05-22 14:15:26|2026-06-01 11:38:24|51335||Chiều 18-3, UBND TP Đà Nẵng tổ chức Hội nghị tổng kết 5 năm thực hiện Nghị định số 49/2020/NĐ-CP ngày 17-4-2020 của Chính phủ quy định chi tiết thi hành Luật Thi hành án hình sự về tái hòa nhập cộng đồng và sơ kết 2 năm thực hiện Quyết định số 22/2023/QĐ-T|1
20984|NULL|2026-05-22 14:21:56|2026-06-01 11:38:08|51338||Chủ tịch UBND TP Đà Nẵng Phạm Đức Ấn vừa ký ban hành Công văn số 1546/UBND-CATP về tiếp tục thực hiện Quyết định số 22/2023/QĐ-TTg ngày 17-8-2023 của Thủ tướng Chính phủ về tín dụng và Văn bản số 7557/NHCS-TDSV ngày 20-9-2023 của Tổng Giám đốc Ngân hàng Ch|1
20985|60|2026-05-22 14:32:27|2026-07-01 10:53:32|51341||Công tác tái hòa nhập cộng đồng đối với người chấp hành xong án phạt tù trở về địa phương là việc làm thể hiện tính nhân văn, góp phần quan trọng giúp đỡ những người từng lầm lỗi xóa bỏ mặc cảm, tích cực hòa nhập cộng đồng, trở thành công dân có ít cho xã |1
20986|121|2026-05-22 15:18:00|2026-06-01 10:22:19|51344||Thực hiện chỉ đạo của Công an thành phố Đồng Nai về việc cấp thẻ căn cước cho người được đề nghị đặc xá năm 2026, ngày 20/5/2026, Phân trại Quản lý phạm nhân, Trại tạm giam số 2 đã phối hợp Công an xã Nha Bích tổ chức thu nhận hồ sơ, cấp thẻ căn cước cho 1|1
20987|29|2026-05-22 15:24:37|2026-06-01 10:00:25|51347||Nhằm chuẩn bị tốt các điều kiện cho công tác đặc xá năm 2026, ngày 20/5/2026, Phân trại tạm giam Phước Long, Trại tạm giam số 2 đã phối hợp Công an xã Phú Nghĩa tổ chức thu nhận thông tin, dữ liệu dân cư và làm thủ tục cấp thẻ căn cước cho các phạm nhân đủ|1
20988|NULL|2026-05-22 15:40:31|2026-05-25 18:29:08|51350||Nhiều chính sách hỗ trợ người chấp hành xong án phạt tù tái hòa nhập cộng đồng trên địa bàn Đà Nẵng phát huy hiệu quả tích cực|1
20989|646|2026-05-23 14:15:50|2026-07-01 10:43:17|51353||Sáng 23/5, tại UBND xã Trà Tân, Phòng Cảnh sát thi hành án hình sự và hỗ trợ tư pháp Công an thành phố phối hợp cùng Trung tâm Dịch vụ việc làm, Sở Nội vụ thành phố Đà Nẵng và UBND xã Trà Tân tổ chức Phiên giao dịch việc làm năm 2026, mở ra thêm nhiều cơ h|1
20990|111|2026-05-24 02:04:05|2026-05-25 18:26:27|51356||Sáng ngày 22/5, Trại tạm giam Công an tỉnh Hà Tĩnh tổ chức chương trình “Đoàn viên ngày trở về” dành cho các phạm nhân được đề nghị đặc xá nhân dịp 1/6 năm nay. Chương trình là hoạt động ý nghĩa, thể hiện sự quan tâm, động viên của các cấp, ngành đối với n|1
20991|87|2026-05-24 23:55:27|2026-07-01 10:50:38|51359||Thực hiện Chương trình giáo dục phạm nhân năm 2026 và kế hoạch giáo dục pháp luật, giáo dục công dân cho phạm nhân đủ điều kiện đề nghị đặc xá năm 2026; từ ngày 11-16/5/2026, Trại Tạm giam số 1 Công an thành phố Đà Nẵng đã tổ chức giáo dục tái hòa nhập cộn|1
20992|110|2026-05-25 00:05:27|2026-07-01 10:44:52|51362||Kỷ niệm 51 năm Ngày Giải phóng miền Nam, thống nhất đất nước (30/4/1975 – 30/4/2026) và hưởng ứng Ngày Sách và Văn hóa đọc Việt Nam năm 2026, Trại Tạm giam số 1 Công an thành phố Đà Nẵng tổ chức cuộc thi viết “Từ trang sách đến cuộc đời” lần thứ 2 dành cho|1
20993|85|2026-05-25 00:13:30|2026-07-01 10:41:27|51365||Thực hiện kế hoạch của lãnh đạo Cục Quản lý hành chính về trật tự xã hội và Công an thành phố về triển khai cấp căn cước cho phạm nhân được đề nghị đặc xá năm 2026; ngày 14/5/2026 Trại Tạm giam số 1 đã phối hợp với Phòng Quản lý hành chính về trật tự xã hộ|1
20994|10|2026-05-25 00:32:08|2026-05-25 19:01:06|51368|||1
20995|53|2026-05-25 10:13:35|2026-06-01 09:57:14|51371||Ngày 20/5/2026, tại Hội trường Ủy ban nhân dân xã Lịch Hội Thượng, Công an xã Lịch Hội Thượng phối hợp Ngân hàng Chính sách xã hội – Phòng giao dịch Trần Đề tổ chức trao vốn vay hỗ trợ sản xuất, kinh doanh cho 03 trường hợp chấp hành xong án phạt tù trở về|1
20997|48|2026-05-25 10:28:56|2026-07-01 10:55:15|51377||Hàng năm, xã Chư Sê có khoảng 10 - 15 người chấp hành xong án phạt tù (NCHXAPT) trở về địa phương sinh sống. Trước thực tế đó, Công an xã đã chủ động tham mưu cấp ủy, chính quyền triển khai nhiều giải pháp đồng bộ nhằm hỗ trợ cho NCHXAPT tái hòa nhập cộng |1
20998|34|2026-05-25 10:42:09|2026-05-25 18:24:32|51380||Trong 2 năm, thông qua nguồn vốn từ Chi nhánh Ngân hàng Chính sách xã hội, tỉnh Vĩnh Long có 753 người chấp hành xong án phạt tù được vay tổng số tiền hơn 42 tỷ đồng phục vụ sản xuất, kinh doanh, phát triển kinh tế.|1
20999|52|2026-05-25 10:49:43|2026-05-25 18:24:17|51383||Công an phường Long Bình chung tay hỗ trợ người chấp hành xong án phạt tù tái hòa nhập cộng đồng|1
21000|36|2026-05-25 10:58:34|2026-05-25 18:23:43|51386||Đặc xá là chính sách khoan hồng đặc biệt của Đảng và Nhà nước, thể hiện truyền thống nhân đạo, nhân văn sâu sắc của dân tộc Việt Nam; đồng thời là động lực để người chấp hành án phạt tù nỗ lực cải tạo tiến bộ, sớm tái hòa nhập cộng đồng. Thực hiện Quyết đị|1
21001|98|2026-05-25 11:50:39|2026-05-25 18:23:12|51389||Ngày 11/2, tại trụ sở Công an tỉnh Bắc Ninh, UBND tỉnh tổ chức tổng kết 5 năm thực hiện Nghị định số 49/2020/NĐ-CP của Chính phủ quy định chi tiết thi hành Luật Thi hành án hình sự về tái hòa nhập cộng đồng và sơ kết 2 năm thực hiện Quyết định số 22/2023/Q|1
21002|53|2026-05-25 12:00:01|2026-07-01 10:56:58|51392||Nhằm bảo đảm quyền công dân, tạo điều kiện thuận lợi cho phạm nhân tái hòa nhập cộng đồng sau khi chấp hành xong án phạt tù, sáng 19/5/2026, Trại Tạm giam số 3 Công an tỉnh phối hợp Công an phường Thống Nhất tổ chức thu nhận hồ sơ cấp thẻ căn cước cho các |1
21004|149|2026-05-25 12:12:55|2026-05-25 12:18:09|51395||Để tạo điều kiện tốt nhất cho những người chấp hành xong án phạt tù xóa bỏ mặc cảm, sớm tái hòa nhập cộng đồng và có việc làm ổn định, thời gian qua Công an xã Phú Nghĩa, tỉnh Đồng Nai đã phối hợp tốt với Ngân hàng Chính sách xã hội khu vực Bù Gia Mập triể|1
21005|48|2026-05-25 12:15:45|2026-05-25 12:17:47|51398||ĐỒNG NAI: Trên 700 trường hợp chấp hành xong án phạt tù được vay số tiền hơn 61 tỷ đồng|1
21006|34|2026-05-25 14:01:16|2026-06-05 15:57:08|51401|| Tổng kết 05 năm thực hiện Nghị định số 49 và sơ kết 02 năm thực hiện Quyết định số 22 của Thủ tướng Chính phủ|1
21007|27|2026-05-25 14:13:42|2026-07-01 10:23:54|51404||Đánh giá kết quả triển khai thực hiện công tác tái hòa nhập cộng đồng trên địa bàn tỉnh Lâm Đồng|1
21008|127|2026-05-25 14:27:24|2026-07-01 10:58:50|51626||Chiều ngày 24/4/2026, UBND xã Ia Chim tổ chức ra mắt Mô hình “Điểm tựa tái hòa nhập” trên địa bàn. Đây là mô hình đầu tiên trên địa bàn được thành lập sau sáp nhập chính quyền địa phương 2 cấp nhằm hỗ trợ người chấp hành xong án phạt tù ổn định cuộc sống. |1
21009|30|2026-05-25 14:36:13|2026-05-25 18:22:23|51407||Thời gian qua, công tác giúp đỡ những người được đặc xá, chấp hành xong án phạt tù trở về địa phương tái hòa nhập cộng đồng đã được Công an xã Đông Sơn thực hiện nghiêm túc và đúng quy định. Xác định đây là một trong những giải pháp trọng tâm nhằm phòng ng|1
21010|156|2026-05-25 14:53:36|2026-07-01 10:22:42|51410||Công an xã Ba Gia làm tốt công tác quan tâm, hỗ trợ người tái hòa nhập cộng đồng và thi hành án hình sự tại cộng đồng|1
21011|247|2026-05-25 15:00:27|2026-05-25 18:21:39|51413||Phường Đăk Bla ra mắt Mô hình tái hòa nhập cộng đồng ”Vòng tay nhân ái, thắp sáng niềm tin”|1
21012|175|2026-05-25 15:52:48|2026-07-01 10:59:31|51416||Nhằm nâng cao hiệu quả công tác hỗ trợ tái hòa nhập cộng đồng, Công an xã Ngọk Bay đã triển khai khảo sát xây dựng mô hình “Cánh cửa xanh”, góp phần giúp người chấp hành xong án phạt tù ổn định cuộc sống, hạn chế tái phạm và giữ vững an ninh, trật tự tại đ|1
21013|157|2026-05-25 15:59:19|2026-06-01 09:55:42|51521||Sáng 8/4, Công an tỉnh tổ chức Hội nghị Tổng kết 5 năm thực hiện Nghị định số 49 của Chính phủ quy định chi tiết thi hành Luật Thi hành án hình sự về tái hòa nhập cộng đồng và sơ kết 2 năm thực hiện Quyết định số 22 của Thủ tướng Chính phủ về tín dụng đối |1
21014|179|2026-05-25 16:10:13|2026-06-01 09:55:27|51422||Những năm tháng lầm lỗi khép lại, nhiều người trở về đời thường với nỗi mặc cảm, lo âu và câu hỏi mưu sinh chưa lời đáp. Nhưng khi chính sách pháp luật được thực thi bằng sự thấu hiểu và sẻ chia, những đồng vốn nghĩa tình đã trở thành điểm tựa, giúp họ đứn|1
21015|147|2026-05-25 16:26:48|2026-05-25 17:06:44|51425||Xác định công tác quản lý, cảm hóa, giáo dục và giúp đỡ người chấp hành xong án phạt tù là nhiệm vụ chính trị quan trọng trong việc bảo đảm an ninh trật tự tại địa phương, thời gian qua, Công an xã Lâm Giang, tỉnh Lào Cai đã triển khai hiệu quả nhiều giải |1
21016|191|2026-05-25 16:33:38|2026-05-25 17:06:01|51428||Thực hiện đợt cao điểm tấn công, trấn áp tội phạm và bảo đảm an ninh, trật tự dịp Tết Nguyên đán Bính Ngọ 2026, Công an tỉnh đã thành lập 06 đoàn kiểm tra công tác thi hành án hình sự tại cộng đồng và tái hòa nhập cộng đồng. Hoạt động này nhằm đánh giá thự|1
21017|179|2026-05-25 16:38:48|2026-05-25 17:00:04|51431||Hướng tới Lễ công bố Quyết định đặc xá năm 2026 của Chủ tịch nước vào ngày 01/6/2026, Công an tỉnh Quảng Ngãi đã chủ động phối hợp với các ngành, đoàn thể và chính quyền địa phương triển khai đồng bộ nhiều giải pháp thiết thực hỗ trợ người chấp hành xong á|1
21018|228|2026-05-26 08:56:17|2026-05-26 16:19:45|51434||Trong những năm gần đây, tại Thanh Hóa công tác hỗ trợ người chấp hành xong án phạt tù trở về địa phương tái hòa nhập cộng đồng ngày càng được quan tâm và chú trọng.|1
21019|58|2026-05-26 09:08:13|2026-06-01 09:30:24|51437||Hội Luật gia thành phố Đà Nẵng phối hợp Trại giam An Điềm tổ chức tuyên truyền pháp luật cho phạm nhân sắp chấp hành xong án phạt tù.|1
21020|58|2026-05-26 09:30:32|2026-06-01 09:30:41|51440||Với vai trò nòng cốt trong công tác quản lý, giáo dục giúp đỡ người chấp hành xong án phạt tù, Công an phường, xã trên địa bàn tỉnh Gia Lai đã tích cực tham mưu, phối hợp với các ngành, đoàn thể triển khai hiệu quả chính sách vay vốn, tạo việc làm cho ngườ|1
21021|56|2026-05-26 09:40:17|2026-06-01 09:29:06|51443||Công an xã Vụ Bản đồng hành, giúp đỡ người tái hòa nhập cộng đồng|1
21022|72|2026-05-26 10:39:03|2026-07-01 10:21:27|51446||Thực hiện chỉ đạo của Bộ Công an và Công an tỉnh về triển khai các nhiệm vụ thực hiện Quyết định đặc xá của Chủ tịch nước năm 2026. Vừa qua, Trại tạm giam số 2 đã phối hợp với Công an xã Vũ Thư, tỉnh Hưng Yên tổ chức rà soát, xác minh, thu nhận hồ sơ cấp c|1
21023|100|2026-05-26 10:47:10|2026-05-26 16:22:04|51449||Trại Tạm giam số 1 tổ chức giáo dục tái hòa nhập cộng đồng cho phạm nhân đủ điều kiện đề nghị đặc xá|1
21024|159|2026-05-26 10:57:02|2026-05-26 16:21:36|51452||Công an phường Châu Sơn đồng hành giúp đỡ người tái hoà nhập cộng đồng ổn định cuộc sống|1
21025|166|2026-05-26 14:24:04|2026-05-26 16:21:23|51455||100 phạm nhân tại Trại giam Xuân Hà (Hà Tĩnh) đã được tư vấn hướng nghiệp, tuyên truyền pháp luật trước ngày tái hòa nhập cộng đồng.|1
21026|130|2026-05-26 14:28:27|2026-05-26 16:21:11|51458||Sáng ngày 25/5/2026, tại Hội trường Ủy ban nhân dân phường Sa Huỳnh tỉnh Quảng Ngãi, Thanh tra Công an tỉnh đã tổ chức công bố Quyết định của Chánh Thanh tra Công an tỉnh về thanh tra việc chấp hành các quy định của pháp luật về thi hành án hình sự và tái |1
21027|211|2026-05-26 14:36:58|2026-05-26 16:20:58|51461||Sáng ngày 27/12/2025, Công an đặc khu Phú Quý tổ chức buổi tuyên truyền, phổ biến pháp luật về tái hòa nhập cộng đồng và thi hành án hình sự tại cộng đồng cho các đối tượng là người chấp hành xong án phạt tù, người được đặc xá và người đang chấp hành án hì|1
21028|149|2026-05-26 14:48:04|2026-05-26 16:20:46|51464||Công an xã Định Hóa giúp đỡ người lầm lỡ tái hòa nhập cộng đồng vay vốn, phát triển kinh tế|1
21029|226|2026-05-26 15:41:14|2026-06-01 09:30:05|51518||Kiểm tra chuyên đề thi hành án hình sự tại Cộng đồng và tái hoà nhập cộng đồng tại Công an thành phố Hải Phòng|1
21030|133|2026-05-26 15:47:46|2026-05-26 16:20:23|51473||Thời gian qua, song song với việc tập trung nâng cao hiệu lực, hiệu quả quản lý nhà nước về TTATXH, Công an 7 xã, phường trong Cụm thi đua số 2 Công an thành phố gồm: Kiến Thụy, Kiến Hải, Kiến Minh, Nghi Dương, Kiến Hưng, Đồ Sơn và Nam Đồ Sơn, đã chú trọng|1
21031|166|2026-05-26 15:54:43|2026-06-01 09:23:35|51476||Công an xã Hải Thịnh đẩy mạnh công tác hỗ trợ người chấp hành xong án phạt tù vay vốn phát triển kinh tế, ổn định cuộc sống|1
21032|137|2026-05-26 16:17:39|2026-06-01 09:28:08|51479||Đây là mục tiêu chính của chương trình tuyên truyền phổ biến, giáo dục pháp luật và tư vấn nghề nghiệp cho người chấp hành xong án phạt tù trên địa bàn phường Mạo Khê, do Phòng Công tác chính trị phối hợp với Phòng Cảnh sát Thi hành án hình sự và hỗ trợ tư|1
21033|196|2026-05-26 16:24:17|2026-05-26 17:29:37|51482||Công an phường Yên Tử vừa tham mưu chính quyền địa phương tổ chức Hội nghị tuyên truyền các quy định của pháp luật về thi hành án hình sự tại cộng đồng và tái hòa nhập cộng đồng với sự tham gia của 120 đại biểu và người chấp hành án tham dự.|1
21034|181|2026-05-26 23:04:45|2026-06-01 09:28:44|51488||Phòng Cảnh sát thi hành án hình sự và hỗ trợ tư pháp (THSHS và HTTP),Công an tỉnh tổ chức Hội nghị tuyên truyền chính sách tín dụng, việc làm, giáo dục pháp luật cho người chấp hành xong án phạt tù, người chấp hành án hình sự tại cộng đồng và người được gi|1
21035|49|2026-05-27 08:56:26|2026-06-01 09:28:22|51491||Thực hiện chủ trương của Bộ Công an và kế hoạch của Công an tỉnh Lâm Đồng về rà soát, cấp căn cước và tài khoản định danh điện tử cho phạm nhân trong diện xét đề nghị đặc xá năm 2026, Công an xã Quảng Khê đã phối hợp với Trại giam Đắk P’lao – Cục C10, Bộ C|1
21036|41|2026-05-27 09:05:38|2026-06-01 09:27:54|51494||Công an Phường Hồng Châu tăng cường công tác quản lý người thi hành án hình sự tại cộng đồng và tái hoà nhập cộng đồng|1
21038|13|2026-05-27 10:16:01|2026-06-01 09:27:37|51500||Thực hiện Nghị định số 49/2020/NĐ-CP ngày 17/4/2020 của Chính phủ quy định chi tiết thi hành Luật Thi hành án hình sự về tái hòa nhập cộng đồng, trong 05 năm qua, Hội Phụ nữ Công an tỉnh Hưng Yên đã chủ động tham mưu, tổ chức triển khai nhiều giải pháp thi|1
21039|26|2026-05-27 10:37:25|2026-07-01 10:15:41|51503||Công tác tái hòa nhập cộng đồng (THNCĐ) cho người chấp hành xong án phạt tù (CHXAPT) và người được đặc xá thời gian qua đã đạt nhiều kết quả tích cực, góp phần quan trọng bảo đảm an ninh, trật tự. Những chuyển biến rõ nét từ nhận thức xã hội đến hiệu quả t|1
21040|16|2026-05-27 17:08:37|2026-06-01 09:26:19|51506||Hội nghị thảo luận, thống nhất nội dung tổ chức hội nghị ký kết Chương trình phối hợp “Tiếp nhận, giúp đỡ người chấp hành xong án phạt tù về địa phương"|1
21041|NULL|2026-05-27 19:04:16|2026-05-27 19:06:46|51512||Sáng ngày 25/5/2026, tại Công an thành phố Hải Phòng, Cục Cảnh sát quản lý tạm giữ, tạm giam và thi hành án hình sự tại cộng đồng - Bộ Công an đã tổ chức Hội nghị công bố Kế hoạch và Quyết định kiểm tra chuyên đề công tác thi hành án hình sự (THAHS) tại cộ|1
21042|221|2026-05-27 19:24:30|2026-05-27 19:25:38|51515||Ngày 27/5/2026, Công an tỉnh Ninh Bình chủ trì phối hợp với UBMT Tổ quốc Việt Nam tỉnh - Sở Nội vụ - Chi nhánh ngân hàng chính sách xã hội tỉnh Ninh Bình tổ chức Hội nghị thảo luận, thống nhất nội dung tổ chức hội nghị ký kết Chương trình phối hợp “Tiếp nh|1
21044|149|2026-05-29 00:31:02|2026-07-01 10:19:00|51530||Sáng ngày 26/5/2026, Trại tạm giam số 1 – Công an thành phố Đà Nẵng đã phối hợp với Trung tâm Dịch vụ việc làm thành phố Đà Nẵng tổ chức chương trình tư vấn, định hướng nghề nghiệp và việc làm cho phạm nhân có đủ điều kiện được đề nghị đặc xá năm 2026, nhằ|1
21045|27|2026-05-29 08:49:23|2026-06-01 09:26:31|51533||Công an xã Tân Dương thăm hỏi, động viên và tặng quà cho các cá nhân chấp hành xong án phạt tù trở về địa phương|1
21046|19|2026-05-29 09:04:28|2026-06-05 15:56:42|51623||Nhân dịp Tết Nguyên đán Bính Ngọ năm 2026, Công an xã mỹ tú tổ chức đoàn công tác đến thăm hỏi, tặng quà cho các trường hợp chấp hành xong án phạt tù hoàn lương tiêu biểu, có hoàn cảnh khó khăn trên địa bàn xã, nhằm động viên, hỗ trợ tái hòa nhập cộng đồng|1
21047|28|2026-05-29 10:22:18|2026-06-01 09:27:24|51536||Tại Cà Mau, hành trình “thắp sáng ước mơ hoàn lương” đang được lặng lẽ vun đắp trong các trại tạm giam thuộc Công an tỉnh. Hiện có hơn 960 can, phạm nhân đang chấp hành pháp luật, đồng thời được giáo dục, cảm hoá, nuôi dưỡng niềm tin để làm lại cuộc đời.|1
21048|16|2026-05-29 10:30:53|2026-06-01 09:26:45|51539||Ngày 27/5, Công an xã Trường Hà tổ chức Hội nghị tập huấn công tác tiếp nhận, quản lý, giám sát, giáo dục, giúp đỡ người chấp hành xong án phạt tù trở về địa phương trên địa bàn xã năm 2026.|1
21049|20|2026-05-29 10:56:51|2026-06-01 09:26:09|51545||Ngày 26/3, UBND tỉnh tổ chức Hội nghị tổng kết 5 năm thực hiện Nghị định số 49/2020/NĐ-CP ngày 17/4/2020 của Chính phủ quy định chi tiết thi hành Luật Thi hành án hình sự về tái hòa nhập cộng đồng và sơ kết 2 năm thực hiện Quyết định số 22/2023/QĐ-TTg ngày|1
21050|12|2026-05-29 11:05:04|2026-06-01 09:25:55|51548||Công an xã Thanh Lâm tích cực hỗ trợ, giúp đỡ người chấp hành xong án phạt tù, tái hòa nhập cộng đồng và thi hành án hình sự tại cộng đồng|1
21051|19|2026-05-29 14:24:11|2026-06-01 09:25:44|51551||Từ ngày 01/7/2025 đến nay, Công an xã Chợ Đồn, tỉnh Thái Nguyên đã phối hợp Phòng Giao dịch - Ngân hàng chính sách xã hội Chợ Đồn, các ban, ngành, đoàn thể địa phương rà soát, lập danh sách, tạo điều kiện cho 09 trường hợp chấp hành xong án phạt tù tiếp cậ|1
21052|96|2026-05-29 14:37:27|2026-06-01 09:25:32|51554||Trong những năm gần đây, công tác tái hòa nhập cộng đồng đối với người chấp hành xong án phạt tù và các đối tượng thuộc diện quản lý tại cơ sở đang được cấp ủy, chính quyền và Công an xã Hiệp Lực, tỉnh Thái Nguyên đặc biệt quan tâm, triển khai đồng bộ với |1
21053|31|2026-05-29 14:43:56|2026-07-01 10:14:24|51557||Ngày 26/5/2026, Phòng Cảnh sát giao thông Công an tỉnh phối hợp Trại giam Thanh Phong tổ chức tuyên truyền, phổ biến pháp luật về trật tự an toàn giao thông (TTATGT) cho 173 phạm nhân thuộc diện đề nghị xét đặc xá năm 2026. Đây không chỉ là hoạt động nhằm |1
21054|37|2026-05-29 14:53:25|2026-06-01 09:25:11|51560||Công an TP Hà Nội đã chủ động chuẩn bị các điều kiện cần thiết để thực hiện các nội dung về công tác đặc xá theo chỉ đạo của Hội đồng tư vấn đặc xá và Ban chỉ đạo về đặc xá năm 2026 của Bộ Công an. |1
21055|59|2026-05-29 14:58:31|2026-07-01 10:20:27|51563||Vừa qua, Công an xã Sơn Vĩ đã tổ chức buổi tuyên truyền, phổ biến giáo dục pháp luật cho các công dân đã chấp hành xong án phạt tù tái hòa nhập cộng đồng hiện đang cư trú trên địa bàn.|1
21056|53|2026-05-29 15:05:23|2026-06-01 09:24:58|51566||Theo lãnh đạo Công an xã Phúc Lợi (Lào Cai), việc triển khai chính sách tín dụng trên địa bàn tỉnh không chỉ tạo việc làm, sinh kế cho những người lầm lỡ mà còn giúp họ có điều kiện phát triển bình đẳng, tái hòa nhập cộng đồng bền vững.|1
21057|135|2026-05-29 15:37:40|2026-06-01 09:24:48|51569||Thực hiện Nghị định số 49/2020/NĐ-CP của Chính phủ và Quyết định số 22/2023/QĐ-TTg của Thủ tướng Chính phủ về công tác tái hòa nhập cộng đồng đối với người chấp hành xong án phạt tù, những năm qua, UBND xã Xuân Quang (tỉnh Lào Cai) đã triển khai đồng bộ nh|1
21058|173|2026-06-01 09:00:58|2026-06-01 09:24:20|51572||Chiều 30/5, tại Hà Nội, Văn phòng Chủ tịch nước phối hợp với Bộ Công an, Bộ Ngoại giao và Tòa án nhân dân tối cao tổ chức Họp báo công bố Quyết định đặc xá năm 2026 của Chủ tịch nước Cộng hòa xã hội chủ nghĩa Việt Nam.|1
21059|131|2026-06-01 09:16:33|2026-06-01 09:23:56|51575|||1
21060|140|2026-06-01 09:28:58|2026-06-01 10:22:55|51578||Công an xã Lệ Thủy ra mắt mô hình hỗ trợ tái hòa nhập cộng đồng|1
21061|135|2026-06-01 10:09:06|2026-06-01 10:22:44|51581||Không chỉ triển khai thực thi hiệu quả các quy định của pháp luật đối với người chấp hành xong án phạt tù (CHXAPT), nhiều xã, phường của tỉnh còn triển khai thực hiện hiệu quả Nghị định số 49/2020/NĐ-CP ngày 17/4/2020 của Chính phủ quy định chi tiết thi hà|1
21062|167|2026-06-01 10:19:46|2026-06-01 10:22:29|51584||Công an phường Thái Hòa, tỉnh Nghệ An đã tham mưu xây dựng và chủ trì triển khai mô hình dân vận khéo 'Gia đình – xã hội đồng hành trong công tác tái hòa nhập cộng đồng' và có những hiệu quả bước đầu đáng ghi nhận…|1
21063|129|2026-06-01 10:48:45|2026-07-01 10:13:09|51587||Thực hiện Kế hoạch số 57/KH-UBND ngày 05/8/2020 của UBND tỉnh Gia Lai; Kế hoạch số 1461/KH-CAT-PC10 ngày 02/7/2020 của Giám đốc Công an tỉnh về triển khai thực hiện Nghị định số 49/2020/NĐ-CP ngày 17/4/2020 của Chính phủ quy định chi tiết thi hành Luật Thi|1
21064|206|2026-06-01 10:57:51|2026-06-01 11:37:29|51590||Thời gian qua, Công an phường An Nhơn Đông luôn quan tâm đến công tác tuyên truyền, cảm hóa, giáo dục pháp luật và hỗ trợ tái hòa nhập cộng đồng cho người chấp hành xong án phạt tù. Đây là hoạt động có ý nghĩa thiết thực, góp phần nâng cao hiệu quả công tá|1
21065|166|2026-06-01 14:20:38|2026-06-01 17:01:44|51593||Thực hiện các chủ trương, chính sách của Đảng, Nhà nước về công tác thi hành án hình sự tại cộng đồng và tái hòa nhập cộng đồng đối với những người chấp hành xong án phạt tù, trong thời gian qua, Công an xã Mù Cả đã triển khai nhiều biện pháp tuyên truyền,|1
21066|161|2026-06-01 14:34:57|2026-06-01 17:01:29|51596||Công an phường Thượng Hồng tham mưu UBND phường xây dựng và ra mắt tổ tự quản đảm bảo ANTT - TTATGT tại các vị trí trọng điểm và mô hình “4+ về quản lý, giúp đỡ số người chấp hành xong án phạt tù, số người đặc xá về địa phương tái hòa nhập cộng đồng”.|1
21067|174|2026-06-01 14:44:36|2026-07-01 10:10:58|51599||Thực hiện Kế hoạch của Cơ quan Thi hành án hình sự Công an thành phố Đồng Nai về công tác giáo dục và hỗ trợ tái hòa nhập cộng đồng đối với phạm nhân được đề nghị đặc xá năm 2026, từ ngày 25 đến 29/5/2026, Phân Trại tạm giam Lộc Ninh thuộc Trại tạm giam số|1
21068|106|2026-06-01 14:55:44|2026-06-01 17:00:48|51602||Chiều ngày 18/3/2026, tại Hội trường Công an xã Nhân Cơ, tỉnh Lâm Đồng, Công an xã Nhân Cơ đã tham mưu Đảng ủy, Ủy ban nhân dân xã tổ chức Lễ ra mắt mô hình “Chia sẻ, đồng hành tái hòa nhập cộng đồng” trên địa bàn.|1
21069|166|2026-06-01 15:50:46|2026-06-01 17:00:35|51605||Sáng 01/6/2026, tại Hà Nội, đồng chí Phạm Gia Túc, Ủy viên Bộ Chính trị, Phó Thủ tướng Thường trực Chính phủ, Chủ tịch Hội đồng tư vấn đặc xá năm 2026 đến dự Lễ công bố Quyết định đặc xá năm 2026 của Chủ tịch nước tại Trại giam Thanh Xuân thuộc Cục Cảnh sá|1
21070|186|2026-06-01 16:07:34|2026-06-01 17:00:15|51608||Sáng 1/6, tại Trại tạm giam số 1, Công an tỉnh Đắk Lắk tổ chức Lễ công bố Quyết định đặc xá năm 2026 của Chủ tịch nước và hướng nghiệp cho các phạm nhân chuẩn bị tái hòa nhập cộng đồng.|1
21071|184|2026-06-01 17:14:04|2026-06-02 10:40:17|51611||Thực hiện Quyết định số 751/QĐ-CTN ngày 26/5/2026 của Chủ tịch nước về đặc xá năm 2026, sáng ngày 1/6/2026 Công an tỉnh Bắc Ninh đã tổ chức lễ công bố đặc xá cho 68 phạm nhân tại Trại Tạm giam số 1 và Trại tạm giam số 2. |1
21072|143|2026-06-01 22:15:15|2026-07-01 10:12:11|51614||Sáng 1/6, Trại tạm giam Công an tỉnh Lai Châu tổ chức Lễ công bố Quyết định đặc xá năm 2026 của Chủ tịch nước đối với các phạm nhân đủ điều kiện được hưởng chính sách khoan hồng của Đảng và Nhà nước.|1
21073|139|2026-06-01 22:56:30|2026-07-01 10:09:21|51617||Sáng 01/6, Trại Tạm giam số 1 Công an TP Đà Nẵng tổ chức Lễ công bố Quyết định đặc xá năm 2026 của Chủ tịch nước đối với 54 phạm nhân đang chấp hành án tại đơn vị. Đại tá Võ Thị Trinh, Phó Giám đốc, Thủ trưởng Cơ quan Thi hành án hình sự Công an TP Đà Nẵng|1
21074|189|2026-06-02 10:34:05|2026-06-09 09:44:49|51620||Phòng Cảnh sát Thi hành án hình sự và Hỗ trợ tư pháp Công an tỉnh Phú Thọ phối hợp với Trung tâm dịch vụ việc làm Phú Thọ và Ngân hàng Chính sách xã hội - Chi nhánh tỉnh Phú Thọ tổ chức Hội nghị “Tuyên truyền, phổ biến giáo dục pháp luật, tư vấn việc làm, |1
21075|19|2026-06-02 11:44:42|2026-06-05 15:55:30|51632||Công an phường Vị Khê làm tốt công tác tái hòa nhập cộng đồng, góp phần xây dựng mô hình phiên chợ “xanh lại ước mơ” trên không gian mạng|1
21076|32|2026-06-02 14:20:14|2026-07-01 10:06:34|51635||Ngày 1/6, Trại giam Cao Lãnh, Bộ Công an tổ chức Lễ công bố Quyết định đặc xá năm 2026 của Chủ tịch nước. Tham dự có Thứ trưởng Tư pháp Đặng Hoàng Oanh, Ủy viên Hội đồng tư vấn đặc xá năm 2026; Thiếu tướng Phạm Văn Thân, Phó Cục trưởng Cục Cảnh sát quản lý|1
21077|35|2026-06-02 14:28:34|2026-06-05 15:56:02|51638||Ngày 1/6, Trại giam Quảng Ninh (Bộ Công an) ở phường Hoàng Quế, tổ chức công bố Quyết định đặc xá năm 2026 của Chủ tịch nước cho 76 phạm nhân đang chấp hành án phạt tù tại các phân trại thuộc đơn vị.|1
21078|2|2026-06-02 14:46:35|2026-06-05 15:55:51|51641||Sáng 01/6/2026, tại xã Tân Minh, tỉnh Lâm Đồng, Trại giam Thủ Đức thuộc Cục Cảnh sát Quản lý trại giam, cơ sở giáo dục bắt buộc, trường giáo dưỡng Bộ Công an tổ chức Lễ công bố Quyết định đặc xá và cấp Giấy chứng nhận đặc xá cho người được đặc xá. Thượng t|1
21079|2|2026-06-02 16:00:13|2026-06-05 15:56:29|51644||Sau 5 năm triển khai Nghị định số 49/2020/NĐ-CP ngày 17-4-2020 của Chính phủ quy định chi tiết thi hành Luật Thi hành án hình sự về tái hòa nhập cộng đồng (Nghị định 49/2020/NĐ-CP), công tác quản lý, giáo dục và hỗ trợ người chấp hành xong án phạt tù tại T|1
21080|4|2026-06-02 16:07:30|2026-06-05 15:56:16|51647||Hòa cùng khí thế ra quân cao điểm “30 ngày đêm tổng rà soát, truy quét làm trong sạch địa bàn” nhằm thực hiện mục tiêu xây dựng tỉnh Tây Ninh không ma túy vào năm 2030, ngày 29/5/2026, Công an xã Cần Đước tổ chức Hội nghị tuyên truyền, phổ biến pháp luật v|1
21081|3|2026-06-02 16:15:45|2026-06-05 15:55:18|51650||Thực hiện mô hình “Thắp sáng niềm tin - đồng hành tái hòa nhập cộng đồng”, ngày 28/4/2026, Công an xã Phú Thuận tổ chức gặp mặt, đối thoại với các trường hợp người chấp hành xong án phạt tù trở về địa phương.|1
21082|NULL|2026-06-02 16:54:00|2026-06-04 00:08:10|51653||Ngày 25/3/2026, Phòng Cảnh sát thi hành án hình sự và hỗ trợ tư pháp (THAHS và HTTP) Công an tỉnh Vĩnh Long phối hợp Ủy ban nhân dân xã Tập Ngãi tổ chức Hội nghị ra mắt mô hình dân vận khéo “Cảm hóa, giáo dục pháp luật cho người chấp hành án hình sự tại cộ|1
21083|NULL|2026-06-02 17:06:02|2026-06-04 00:07:48|51656||Công tác tái hòa nhập cộng đồng (THNCĐ) đối với người chấp hành xong án phạt tù trở về địa phương là việc làm thể hiện tính nhân văn, góp phần quan trọng giúp đỡ những người từng lầm lỗi xóa bỏ mặc cảm, tích cực hòa nhập cộng đồng, trở thành công dân có íc|1
21084|NULL|2026-06-03 09:53:01|2026-06-04 00:07:17|51659||Giữa những lớp cửa sắt khép kín của các cơ sở giam giữ, quá trình cảm hóa, giáo dục người lầm lỗi được Công an tỉnh Cà Mau kiên trì vun đắp từng ngày. Ở đó, những người lầm lỗi được nâng đỡ nhận thức, “gieo mầm” hướng thiện và tiếp sức toàn diện về nhiều m|1
21085|NULL|2026-06-03 10:36:45|2026-06-04 00:07:03|51662||Việc quản lý, giáo dục, giúp đỡ người thi hành án tại cộng đồng và người chấp hành xong án phạt tù tái hòa nhập cộng đồng không chỉ là trách nhiệm của lực lượng chức năng mà cần sự chung tay của cả hệ thống chính trị và toàn xã hội. Quan tâm, tạo điều kiện|1
21086|2|2026-06-03 10:53:17|2026-06-04 00:06:26|51665|||1
21087|NULL|2026-06-03 14:13:41|2026-06-04 00:06:09|51668||Chủ tịch UBND tỉnh Bắc Ninh Phạm Hoàng Sơn vừa ký ban hành Kế hoạch số 195/KH-UBND triển khai thực hiện Đề án “Nâng cao chất lượng, hiệu quả công tác tái hòa nhập cộng đồng trên địa bàn tỉnh, giai đoạn 2026 - 2031” năm 2026.|1
21088|37|2026-06-03 14:22:47|2026-06-04 00:06:50|51671||Thực hiện chủ trương của Đảng, Nhà nước về công tác đặc xá và nâng cao hiệu quả tái hòa nhập cộng đồng cho người chấp hành xong án phạt tù, Trại tạm giam số 2, Công an tỉnh Lâm Đồng đã phối hợp với các đơn vị chức năng tổ chức Hội nghị tư vấn tín dụng, hướ|1
21089|54|2026-06-03 14:37:16|2026-06-04 00:05:55|51674||Những ngày cuối tháng 5/2026, không khí tại các Trại tạm giam Công an tỉnh Cà Mau trở nên đặc biệt hơn thường lệ. Sau những cánh cổng sắt khép kín, nhiều phạm nhân đang từng ngày đếm ngược đến thời khắc được trở về với gia đình khi có tên trong danh sách đ|1
21090|58|2026-06-03 14:53:20|2026-07-01 10:05:15|51677||Ấm áp tình người - Đồng hành tái hòa nhập cộng đồng|1
21091|NULL|2026-06-03 15:02:53|2026-06-04 00:05:40|51680||Hướng tới Lễ công bố Quyết định đặc xá năm 2026 của Chủ tịch nước vào ngày 01/6/2026, Công an tỉnh Quảng Ngãi đã chủ động phối hợp với các ngành, đoàn thể và chính quyền địa phương triển khai đồng bộ nhiều giải pháp thiết thực hỗ trợ người chấp hành xong á|1
21093|144|2026-06-03 16:01:22|2026-06-04 00:03:58|51686||Thông qua hoạt động phổ biến, tư vấn pháp luật và hỗ trợ tiếp cận chính sách vay vốn, việc làm, Hội Luật gia Tp. Cần Thơ đang tích cực đồng hành cùng người chấp hành xong án phạt tù vượt qua mặc cảm, ổn định cuộc sống và tái hòa nhập cộng đồng. |1
21094|181|2026-06-03 16:10:57|2026-06-04 00:04:36|51689||Trở về sau khi chấp hành xong án phạt tù, hành trình làm lại cuộc đời của những người từng lầm lỡ chưa bao giờ dễ dàng. Tuy nhiên, với sự vào cuộc đồng bộ, nhân văn của cả hệ thống chính trị cùng sự sẻ chia của cộng đồng, những “cánh cửa” cơ hội đang dần m|1
21095|180|2026-06-03 16:16:57|2026-06-04 00:04:25|51692|||1
21096|236|2026-06-03 21:38:18|2026-06-04 00:05:24|51695||Ngày 29/5, tại Hội trường Công an xã Lộc Tấn, Công an xã Lộc Tấn tham mưu UBND xã Lộc Tấn phối hợp với Phòng Thi hành án và Hỗ trợ tư pháp Công an thành Phố Đồng Nai tổ chức Hội nghị ra mắt mô hình “Bước cùng nhau” trên địa bàn xã nhằm nâng cao hiệu quả cô|1
21097|217|2026-06-03 21:59:45|2026-06-04 00:05:06|51698||Sáng 1-6, Trại giam Suối Hai, Cục C10, Bộ Công an đã tổ chức Lễ công bố Quyết định đặc xá năm 2026 của Chủ tịch nước cho 168 phạm nhân đang chấp hành án phạt tù tại đơn vị.|1
21098|142|2026-06-03 22:22:53|2026-06-05 15:54:58|51701||Giải quyết việc làm cho người chấp hành xong án phạt tù trở về địa phương là một chủ trương lớn, mang tính nhân văn sâu sắc, góp phần ổn định an sinh và giữ gìn trật tự an toàn xã hội. Để khơi thông dòng chảy việc làm này, tỉnh Ninh Bình đang tiên phong tr|1
21099|123|2026-06-03 22:29:05|2026-06-04 00:04:11|51704||Ngày 24/5/2026, Phòng An ninh nội địa, Công an tỉnh Lai Châu phối hợp với cán bộ, chiến sĩ Cục An ninh nội địa, Bộ Công an tổ chức gặp gỡ, thăm hỏi, động viên, hỗ trợ những người lầm lỗi ở cộng đồng. Cán bộ, chiến sỹ tiếp tục thăm hỏi, giúp đỡ anh Giàng A |1
21100|124|2026-06-03 22:34:27|2026-06-04 00:03:40|51707||Phường Hội An tổ chức đối thoại, tiếp sức người tái hòa nhập cộng đồng vươn lên ổn định cuộc sống|1
21101|185|2026-06-03 22:46:07|2026-06-04 00:02:56|51710||Nhằm giúp đỡ những người chấp hành xong án phạt tù ổn định cuộc sống và tái hòa nhập cộng đồng. Chiều ngày 14/4, Ngân hàng CXSH Tiên Du phối hợp với Hội LHPN, Hội Nông dân và Công an xã Phật Tích tổ chức Hội nghị tuyên truyền pháp luật, giới thiệu việc làm|1
21102|11|2026-06-04 08:46:17|2026-07-01 10:01:08|51713||Ngày 29/5/2026, Phân Trại tạm giam Văn Chấn thuộc Trại tạm giam số 2 Công an tỉnh Lào Cai đã nhận được thư cảm ơn của phạm nhân Trần Văn Tài (sinh năm 2001, thường trú tại phường Âu Lâu, tỉnh Lào Cai) sau khi chấp hành xong án phạt tù trở về địa phương.  |1
21103|173|2026-06-04 08:52:39|2026-07-01 09:49:59|51716||Công an phường Hồng Quang triển khai, lập danh sách các trưởng hợp người chấp hành xong án phạt tù về địa phường có nhu cầu vay vốn|1
21104|166|2026-06-04 09:06:02|2026-06-05 15:53:38|51719||Thực hiện các chủ trương, chính sách của Đảng, Nhà nước về công tác thi hành án hình sự tại cộng đồng và tái hòa nhập cộng đồng đối với những người chấp hành xong án phạt tù, trong thời gian qua, Công an xã Mù Cả đã triển khai nhiều biện pháp tuyên truyền,|1
21105|NULL|2026-06-04 09:13:51|2026-06-05 15:54:16|51722||Những năm gần đây, công tác hỗ trợ người chấp hành xong án phạt tù tái hòa nhập cộng đồng trên địa bàn tỉnh đã có nhiều chuyển biến tích cực.|1
21106|NULL|2026-06-04 10:19:32|2026-07-01 09:49:19|51725||Không chỉ giúp người chấp hành xong án phạt tù có vốn làm ăn, ổn định cuộc sống, chương trình tín dụng ưu đãi theo Quyết định số 22/2023/QĐ-TTg ngày 17/8/2023 của Thủ tướng Chính phủ còn là điểm tựa nhân văn, thể hiện sự quan tâm của Đảng, Nhà nước đối với|1
21107|NULL|2026-06-04 10:30:45|2026-06-05 15:53:24|51728|||1
21108|NULL|2026-06-04 10:40:59|2026-06-05 15:53:14|51731||Phường Hà Nam tuyên truyền chính sách tín dụng và tư vấn, giới thiệu việc làm hỗ trợ người lầm lỡ tái hòa nhập cộng đồng|1
21109|NULL|2026-06-04 10:52:06|2026-07-01 09:48:40|51734||Sau khi chấp hành xong án phạt tù trở về địa phương, nhiều người từng mang theo tâm lý mặc cảm, tự ti, e ngại khi đối diện với gia đình và cộng đồng. Tuy nhiên, bằng sự quan tâm của cấp ủy, chính quyền, sự đồng hành của lực lượng Công an và các tổ chức đoà|1
21110|NULL|2026-06-04 11:01:23|2026-06-05 15:52:50|51737||Những năm qua, được sự quan tâm, chỉ đạo thường xuyên của Bộ Công an, Tỉnh ủy, UBND tỉnh và sự phối hợp, giúp đỡ của các ban, ngành, đoàn thể có liên quan, công tác tái hòa nhập cộng đồng trên địa bàn Nghệ An được triển khai, thực hiện nghiêm túc, đồng bộ,|1
21111|NULL|2026-06-04 14:26:05|2026-06-05 15:52:40|51740||Ngày 15/5/2026, Công an xã Phú Hòa đã phối hợp với các ban, ngành, đoàn thể địa phương và Ngân hàng Chính sách xã hội tổ chức chương trình tuyên truyền, phổ biến pháp luật gắn với hướng dẫn vay vốn chính sách xã hội đối với người tái hòa nhập cộng đồng và |1
21112|123|2026-06-04 14:44:43|2026-06-05 15:52:28|51743||Bằng sự quan tâm, gần gũi và trách nhiệm, những cán bộ, chiến sĩ Công an tỉnh Hưng Yên nói chung và Công an phường Phố Hiến nói riêng đã trở thành điểm tựa, đồng hành, giúp đỡ nhiều người từng lầm lỡ, đang nỗ lực làm lại cuộc đời sau khi chấp hành xong án |1
21113|108|2026-06-04 14:51:44|2026-06-05 15:52:17|51746||Trong hành trình tìm lại bản ngã của những người lầm lỗi, bên cạnh sự nỗ lực tự thân, không thể thiếu những đôi tay tiếp dẫn đầy trách nhiệm. Tại Gia Lai, phòng Cảnh sát thi hành án hình sự và hỗ trợ tư pháp (CSTHAHS và HTTP) đã và đang trở thành điểm tựa |1
21114|152|2026-06-04 16:04:43|2026-06-05 15:52:07|51749||Phát huy vai trò nòng cốt trong công tác tái hòa nhập cộng đồng – Dấu ấn của Công an thành phố|1
21115|106|2026-06-04 16:18:59|2026-06-05 15:51:54|51752||Giữa hè nóng như đổ lửa, chúng tôi có mặt tại Quảng Ninh tìm hiểu về hành trình hoàn lương của những người từng có một thời lầm lỡ…|1
21116|192|2026-06-04 22:06:12|2026-07-01 09:47:43|51755||Ngày 28/4/2026, Công an phường Thanh Miếu đã tổ chức một hội nghị quan trọng nhằm tư vấn, giới thiệu việc làm và hỗ trợ vay vốn cho những người đã chấp hành xong án phạt tù, giúp họ tái hòa nhập cộng đồng. Đây là một phần trong nỗ lực của Đảng và Nhà nước |1
21117|191|2026-06-04 22:12:48|2026-06-05 15:51:31|51758||Sáng 21/4/2026, xã Nam Cường tổ chức hội nghị ra mắt mô hình “Chung tay giúp đỡ người chấp hành xong án phạt tù, tái hoà nhập cộng đồng”. Dự hội nghị có các đồng chí Lãnh đạo Đảng uỷ, UBND; UBMTTQ Việt Nam xã; Lãnh đạo một số phòng nghiệp vụ Công an tỉnh H|1
21118|181|2026-06-04 22:20:08|2026-06-05 15:51:20|51761||Thay vì kiểm tra hành chính đơn thuần, Công an xã Than Uyên đẩy mạnh công tác rà soát, chủ động tham mưu và phối hợp chặt chẽ cùng hệ thống chính trị nhằm quản lý, hỗ trợ hiệu quả những người chấp hành xong án phạt tù, góp phần giữ vững thế trận an ninh tr|1
21119|174|2026-06-04 22:31:36|2026-06-05 15:51:10|51764||Thực hiện Kế hoạch số 2027/KH-CAT-PC10 ngày 25/02/2026 của Giám đốc Công an tỉnh về việc kiểm tra công tác thi hành án hình sự, quản lý tạm giữ, tạm giam, tái hòa hòa nhập cộng đồng, hỗ trợ tư pháp và quản lý kho vật chứng năm 2026. Sáng 21/4/2026, Đoàn ki|1
21120|170|2026-06-04 22:40:43|2026-06-05 15:50:59|51767||Thực hiện Kế hoạch số 913/KH-PC10 ngày 09/4/2026 của Phòng Cảnh sát Thi hành án hình sự và Hỗ trợ tư pháp (PC10) về triển khai mô hình “Phổ biến, giáo dục pháp luật về công tác tái hòa nhập cộng đồng đối với người chấp hành xong án phạt tù”, chiều ngày 15/|1
21121|211|2026-06-05 10:55:04|2026-07-01 09:45:46|51770||"Bắt đầu lại" với người từng lầm lỡ chưa bao giờ là điều dễ dàng. Muốn chăn nuôi cần vốn mua con giống, thức ăn, dựng chuồng trại. Muốn buôn bán nhỏ cần hàng hóa ban đầu. Muốn học nghề cũng cần chi phí đi lại, sinh hoạt và thời gian kiên trì. Thấu hiểu điề|1
21122|137|2026-06-05 11:01:10|2026-07-01 09:44:32|51773||Hàng trăm nghìn người được tiếp nhận, quản lý, giáo dục, giúp đỡ; hàng chục nghìn người được tư vấn, đào tạo nghề, giới thiệu việc làm; hơn 16.000 người đã được tiếp cận vốn vay ưu đãi để sản xuất, kinh doanh, tạo sinh kế. Sau 5 năm thực hiện Nghị định số |1
21123|82|2026-06-05 18:05:42|2026-07-01 09:45:06|51776||Hành trình trở về của người chấp hành xong án phạt tù chưa bao giờ dễ dàng. Đó là đoạn đường đi qua mặc cảm, định kiến, thiếu việc làm, thiếu vốn, thiếu kỹ năng nghề nghiệp và cả thiếu niềm tin vào chính mình. Bù lấp những thiếu hụt ấy, tín dụng ưu đãi do |1
21124|79|2026-06-06 16:20:25|2026-06-07 18:47:08|51779||Công an xã Lộc Thạnh vừa phối hợp cùng UBND xã Lộc Thạnh và Phòng Cảnh sát Thi hành án hình sự và Hỗ trợ tư pháp Công an thành phố Đồng Nai tổ chức Hội nghị ra mắt mô hình “Mái ấm tình thương”.|1
21125|187|2026-06-06 16:30:12|2026-06-07 18:47:28|51782||Nhằm nâng cao hiệu quả công tác quản lý, giáo dục, giúp đỡ người chấp hành án hình sự tại cộng đồng và người chấp hành xong án phạt tù tái hòa nhập cộng đồng, góp phần phòng ngừa tái phạm, giữ vững an ninh, trật tự tại địa phương, trong các ngày 21, 22, 28|1
21126|202|2026-06-06 16:42:05|2026-06-07 18:47:53|51785||Thực hiện Chỉ thị số 15/CT-BCA ngày 19/12/2020 của Bộ trưởng Bộ Công an về việc nâng cao hiệu quả, chất lượng công tác thi hành án hình sự tại cộng đồng trong tình hình mới, thời gian qua, Phòng Cảnh sát thi hành án hình sự và hỗ trợ tư pháp (CSTHAHS và HT|1
21127|168|2026-06-06 16:46:28|2026-06-07 19:13:26|51788||Thực hiện chủ trương tạo điều kiện cho người chấp hành xong án phạt tù tái hòa nhập cộng đồng, Công an xã Vệ Giang đã tích cực phối hợp với chính quyền địa phương và Ngân hàng Chính sách xã hội hỗ trợ người dân tiếp cận nguồn vốn ưu đãi để phát triển kinh |1
21128|157|2026-06-06 17:00:38|2026-06-07 19:13:50|51791|||1
21129|183|2026-06-06 18:16:54|2026-06-07 19:15:33|51794||Hội Phụ nữ Trại tạm giam số 1 tặng quà cho nữ phạm nhân được đặc xá năm 2026|1
21130|188|2026-06-06 18:22:19|2026-06-07 19:15:55|51797||  Xã hội Thứ Bảy, 06/06/2026 18:17 (GMT +7) Tuyên truyền chính sách tín dụng, việc làm và pháp luật cho người chấp hành án tại cộng đồng Thứ 4, 03/06/2026 / 19:28:51 [GMT +7]  Chia sẻ Ngày 3/6, Cơ quan Thi hành án hình sự Công an tỉnh phối hợp với cấp ủy, |1
21131|283|2026-06-06 18:36:01|2026-06-07 19:16:25|51800||Theo Phó Thủ tướng Thường trực Chính phủ Phạm Gia Túc, các quyết định đặc xá luôn nhận được sự đồng tình của nhân dân trong nước và đánh giá cao từ cộng đồng quốc tế, góp phần giữ vững an ninh chính trị, trật tự an toàn xã hội.|1
21132|79|2026-06-06 18:43:49|2026-06-09 10:04:56|51803||Chiều 29/4/2026, tại UBND xã Biển Hồ, Công an xã tham mưu UBND xã tổ chức Hội nghị ra mắt mô hình “Quản lý, giáo dục, giúp đỡ người chấp hành xong án phạt tù, người được đặc xá về địa phương tái hòa nhập cộng đồng” trên địa bàn xã Biển Hồ. Tham dự Hội nghị|1
21133|15|2026-06-06 19:44:37|2026-06-09 10:04:45|51806||Thực hiện công tác tái hòa nhập cộng đồng đối với người chấp hành xong án phạt tù, thời gian qua, Công an xã Bình Xuyên đã chủ động triển khai nhiều biện pháp quản lý, giáo dục, tuyên truyền và hỗ trợ nhằm giúp những người trở về địa phương ổn định cuộc số|1
21134|17|2026-06-06 20:22:45|2026-06-09 10:04:19|51809||Công an xã Ý Yên, tỉnh Ninh Bình giúp đỡ người lầm lỡ tái hoà nhập cộng đồng|1
21135|13|2026-06-06 20:31:22|2026-06-09 10:04:05|51812||Ngày 26/5/2026, Trại tạm giam số 2, Công an tỉnh Lâm Đồng đã tổ chức Hội nghị tư vấn về tín dụng theo Quyết định số 22/2023/QĐ-TTg của Thủ tướng Chính phủ và tư vấn hướng nghiệp, giới thiệu việc làm cho số phạm nhân được đề nghị đặc xá năm 2026. Đây là chư|1
21136|28|2026-06-06 20:45:58|2026-06-09 09:45:37|51815||Với tinh thần “không để ai bị bỏ lại phía sau”, thời gian qua, Công an xã Bảo Lâm 2 đã chủ động triển khai nhiều giải pháp thiết thực, đồng hành cùng người chấp hành xong án phạt tù trở về địa phương, giúp họ xóa bỏ mặc cảm, ổn định cuộc sống và tự tin tái|1
21137|NULL|2026-06-06 20:52:59|2026-06-09 09:45:20|51818||Ngày 07/4/2026, Tổng Bí thư, Chủ tịch nước Tô Lâm đã ký Quyết định số 457/QĐ-CTN về đặc xá năm 2026. Quyết định này vừa có giá trị pháp lý, vừa thể hiện truyền thống nhân ái của dân tộc Việt Nam, chính sách khoan hồng của Đảng và Nhà nước ta đối với người |1
21138|135|2026-06-06 21:02:17|2026-06-09 09:44:25|51821||Trại tạm giam số 1 phổ biến, giáo dục tái hòa nhập cộng đồng cho 109 phạm nhân|1
21139|2|2026-06-06 21:08:45|2026-06-09 09:44:09|51824||Thực hiện chủ trương, chính sách nhân đạo của Đảng và Nhà nước về công tác đặc xá. Nhằm nâng cao nhận thức pháp luật, ý thức trách nhiệm của người được đặc xá chuyển bị tái hòa nhập cộng đồng, góp phần đảm bảo an ninh trật tự, phòng ngừa tái phạm tội. Trại|1
21140|182|2026-06-06 21:17:32|2026-06-09 09:43:57|51827||Sáng ngày 23/5/2026, tại Trung tâm Học tập cộng đồng xã An Phước, UBND xã An Phước phối hợp Công an xã An Phước và Phòng Thi hành án hình sự và Hỗ trợ tư pháp Công an thành phố Đồng Nai tổ chức Hội nghị tuyên truyền pháp luật về thi hành án hình sự tại cộn|1
21141|NULL|2026-06-06 21:23:10|2026-06-07 18:48:18|51830||Sau những lỗi lầm đã qua, điều nhiều người chấp hành xong án phạt tù cần nhất là có cơ hội để làm lại cuộc đời. Từ thực tế đó, tỉnh Ninh Bình đang triển khai nhiều giải pháp hỗ trợ tái hòa nhập cộng đồng, trong đó mô hình Phiên chợ “Xanh lại ước mơ” trên k|1
21142|3|2026-06-06 21:33:13|2026-06-09 09:43:47|51833||Nhằm nâng cao hiệu quả công tác tái hòa nhập cộng đồng, hỗ trợ người chấp hành xong hình phạt tù ổn định cuộc sống, hạn chế tái phạm và vi phạm pháp luật, Ban Chỉ đạo thực hiện phong trào toàn dân bảo vệ an ninh Tổ quốc tỉnh Ninh Bình vừa ban hành Kế hoạch|1
21143|2|2026-06-06 21:43:43|2026-06-09 09:43:36|51836||Nhằm tạo điều kiện thuận lợi cho người chấp hành xong án phạt tù (CHXAPT) tái hòa nhập cộng đồng, ngày 17/8/2023, Thủ tướng Chính phủ đã ban hành Quyết định số 22 về tín dụng đối với nhóm đối tượng này. Đây được xem là một chủ trương nhân văn, kịp thời, tạ|1
21144|6|2026-06-06 21:54:52|2026-06-09 09:43:22|51842||Những năm gần đây, cùng với việc triển khai đồng bộ các giải pháp bảo đảm an ninh trật tự ở cơ sở, Công an xã Hà Bắc đã đặc biệt chú trọng công tác quản lý, giám sát, giáo dục người chấp hành án hình sự tại cộng đồng và hỗ trợ tái hòa nhập cộng đồng đối vớ|1
21145|1|2026-06-07 08:56:50|2026-06-09 09:43:11|51845||Thực hiện Nghị định số 49/2020/NĐ-CP, ngày 17/4/2020 của Chính phủ quy định chi tiết thi hành Luật thi hành án hình sự về tái hoà nhập cộng đồng, Công an xã Vĩnh Thông, tỉnh Thái Nguyên đã chủ động tham mưu cấp ủy, chính quyền địa phương huy động sức mạnh |1
21146|1|2026-06-07 09:23:42|2026-06-09 09:42:38|51848||Việc triển khai đồng bộ Nghị định số 49/2020/NĐ-CP và Quyết định 22/2022/QĐ-TTg đã tạo chuyển biến tích cực trong công tác tái hòa nhập cộng đồng, giúp người chấp hành xong án phạt tù sớm ổn định cuộc sống.|1
21147|3|2026-06-07 09:49:13|2026-06-09 09:42:49|51851||Năm 2026 là năm có ý nghĩa đặc biệt khi toàn Đảng, toàn dân và toàn quân triển khai thực hiện Nghị quyết Đại hội XIV của Đảng, mở ra giai đoạn phát triển mới của đất nước. Nhân sự kiện chính trị trọng đại này, Chủ tịch nước đã ký Quyết định đặc xá năm 2026|1
21148|2|2026-06-07 10:01:17|2026-07-01 09:43:07|51854||Chương trình cho vay đối với người chấp hành xong án phạt tù – Cơ hội tái hòa nhập cộng đồng|1
21149|1|2026-06-07 10:13:14|2026-06-09 09:42:17|51857||Chiều ngày 31/3/2026, UBND tỉnh tổ chức hội nghị tổng kết 5 năm thực hiện Nghị định số 49/2020/NĐ-CP ngày 17/4/2020 của Chính phủ quy định chi tiết thi hành Luật Thi hành án hình sự về tái hòa nhập cộng đồng (Nghị định số 49/2020/NĐ-CP) và sơ kết 2 năm thự|1
21150|1|2026-06-07 14:19:32|2026-06-09 09:35:11|51860||Tại dự thảo quyết định, Bộ Công an đề xuất nâng gấp đôi mức cho vay vốn và người chấp hành xong án phạt tù có thể vay vốn đi xuất khẩu lao động theo hợp đồng.|1
21151|8|2026-06-07 14:49:43|2026-06-09 09:41:48|51863||Đặc xá là chính sách nhân đạo, thể hiện sự khoan hồng của Đảng và Nhà nước đối với những người biết ăn năn hối cải. Trên hành trình trở về, bên cạnh nỗ lực của bản thân, những người từng lầm lỡ còn được các cấp, ngành ở Đắk Lắk đặc biệt quan tâm hỗ trợ tái|1
21152|5|2026-06-07 14:56:39|2026-06-09 09:42:00|51866||Trở về sau thời gian chấp hành án phạt tù, nhiều người mong muốn có một công việc ổn định để bắt đầu lại cuộc sống. Thế nhưng, hành trình tái hòa nhập cộng đồng chưa bao giờ dễ dàng khi phía trước vẫn còn nhiều khó khăn, mặc cảm và áp lực mưu sinh. Thời gi|1
21153|1|2026-06-07 15:12:42|2026-07-01 09:38:27|51869||Trở về với cuộc sống đời thường, điều khiến những người từng lầm lỡ trăn trở không chỉ là rào cản tâm lý, mà còn là bài toán sinh kế. Những năm qua, nguồn vốn ưu đãi từ Ngân hàng Chính sách xã hội (NHCSXH) đã trở thành “cầu nối” nhân văn, giúp nhiều người |1
21154|18|2026-06-07 15:27:39|2026-06-09 09:37:35|51872||Sáng 01/4, Bộ Công an tổ chức Hội nghị Tổng kết 05 năm thực hiện Nghị định số 49/2020/NĐ-CP ngày 17/4/2020 của Chính phủ quy định chi tiết thi hành Luật Thi hành án hình sự về tái hòa nhập cộng đồng và sơ kết 02 năm thực hiện Quyết định số 22/2023/QĐ-TTg n|1
21155|3|2026-06-07 15:46:57|2026-06-09 09:37:23|51875||Phó Thủ tướng Thường trực Chính phủ Nguyễn Hòa Bình đề nghị Bộ Công an chủ trì, phối hợp với các bộ, ngành nghiên cứu tham mưu xây dựng Nghị định thay thế Nghị định 49 và sửa đổi Quyết định 22 phù hợp với thực tế, dễ thực hiện, dễ tiếp cận về điều kiện, di|1
21156|9|2026-06-07 16:17:52|2026-06-09 09:35:34|51878||Nhằm xóa mặc cảm, tạo thuận lợi, giải quyết việc làm, ổn định cuộc sống cho những người từng lầm lỡ, thời gian vừa qua, Phòng Giao dịch Ngân hàng Chính sách xã hội Phú Bình (Thái Nguyên) đã tạo điều kiện để hàng trăm người chấp hành xong án phạt tù vay vốn|1
21157|3|2026-06-07 16:36:20|2026-06-09 09:35:22|51881||Sáng ngày 4/2/2026, Phòng giao dịch Ngân hàng Chính sách xã hội (NHCSXH) Quỳnh Lưu phối hợp với Công an các xã trên địa bàn tổ chức Lễ ký kết phối hợp công tác đảm bảo an ninh trật tự và thực hiện các hoạt động tín dụng chính sách xã hội.|1
21158|4|2026-06-07 20:04:56|2026-07-01 09:37:58|51884||Sáng ngày 11/05/2026 Phòng giao dịch Ngân hàng CSXH Bát Xát đã tổ chức phiên giao dịch điểm Sàng Ma Sáo xã Dền Sáng.|1
21160|4|2026-06-07 20:20:53|2026-06-11 09:50:26|51929||Công an xã Nam Xang thực hiện hiệu quả Quyết định số 22/2023/QĐ-TTG của Thủ tướng Chính phủ về tín dụng đối với người chấp hành xong án phạt tù|1
21161|2|2026-06-07 20:29:57|2026-06-09 09:34:30|51890||Chương trình Tín dụng Ngân hàng chính sách xã hội cho Người chấp hành xong án phạt tù.|1
21162|43|2026-06-07 20:49:25|2026-06-09 09:34:20|51893||Sáng 5/6, tại xã Pu Sam Cáp, Công an tỉnh Lai Châu tổ chức Hội nghị tuyên truyền, phổ biến, giáo dục pháp luật cho người chấp hành xong án phạt tù trên địa bàn các xã: Pu Sam Cáp, Nậm Tăm, Nậm Cuổi và Nậm Mạ.|1
21163|51|2026-06-07 20:57:40|2026-06-09 09:34:03|51896||Nhằm triển khai hiệu quả Quyết định số 22/2023/QĐ-TTg, ngày 17/8/2023 của Thủ tướng Chính phủ về tín dụng đối với người chấp hành xong án phạt tù, góp phần hỗ trợ tái hòa nhập cộng đồng, ngày 16/10/2025, Công an xã Liên Châu phối hợp với Phòng giao dịch Ng|1
21164|62|2026-06-07 21:32:43|2026-06-15 10:09:42|52040||Công an tỉnh Lai Châu phối hợp với UBND xã Sìn Hồ tổ chức Hội nghị tuyên truyền phổ biến, giáo dục, pháp luật cho người chấp hành xong ăn phạt tù |1
21165|157|2026-06-07 21:47:45|2026-06-09 09:33:43|51902||Ngày 08/4/2026, Công an xã Tân Long Hội tổ chức Hội nghị tư vấn vay vốn theo Quyết định số 22/2023/QĐ-TTg của Thủ tướng Chính phủ dành cho người chấp hành xong án phạt tù trên địa bàn xã.|1
21166|104|2026-06-08 09:15:04|2026-07-01 09:35:12|51905||Phòng Giao dịch Ngân hàng Chính sách xã hội (NHCSXH) Hữu Lũng đẩy nhanh tiến độ giải ngân Cho vay chương trình tín dụng đối với người chấp hành xong án phạt tù vào tháng cuối năm 2025.|1
21167|119|2026-06-08 10:51:46|2026-06-09 09:33:23|51908||Việc tiếp cận nguồn vốn vay ưu đãi đã giúp nhiều người chấp hành xong án phạt tù có điều kiện làm lại cuộc đời, xóa bỏ mặc cảm, đồng thời là tấm gương tuyên truyền, chăm chỉ lao động sản xuất, phát triển kinh tế bản thân và gia đình.|1
21168|91|2026-06-08 11:10:21|2026-06-09 09:33:10|51911||Ngày 04/6, Công an phường Tân Giang phối hợp với các tổ chức đoàn thể và Ngân hàng Chính sách xã hội tổ chức Hội nghị tuyên truyền pháp luật, tư vấn nghề nghiệp, giới thiệu việc làm và hỗ trợ vay vốn cho người tái hòa nhập cộng đồng, người sau cai nghiện m|1
21169|186|2026-06-09 08:27:27|2026-06-09 09:33:02|51914||Hội nghị đánh giá tiến độ tổ chức hội nghị ký kết chương trình phối hợp hỗ trợ người chấp hành xong án phạt tù tái hòa nhập cộng đồng|1
21170|156|2026-06-09 08:36:15|2026-06-09 09:32:53|51917||Mới đây, vào ngày 04/6/2026, UBND xã Thạnh Đức tổ chức hội nghị công bố Quyết định thành lập Mô hình “Câu lạc bộ Doanh nghiệp hỗ trợ người tái hòa nhập cộng đồng” trên địa bàn xã và ký kết giao ước phối hợp hỗ trợ giữa Công an xã với các doanh nghiệp tham |1
21171|129|2026-06-09 08:44:11|2026-06-09 09:32:45|51920||Sáng ngày 6/6/2026, Công an tỉnh Lai Châu tổ chức Hội nghị tuyên truyền, phổ biến, giáo dục pháp luật cho người chấp hành xong án phạt tù trên địa bàn các xã Sìn Hồ, Hồng Thu, Tủa Sin Chải. Thừa ủy quyền của Ban Giám đốc Công an tỉnh có đồng chí Thượng tá |1
21172|170|2026-06-09 08:52:26|2026-06-09 09:32:37|51923||Thực hiện công tác tái hòa nhập cộng đồng đối với người được đặc xá trở về với gia đình và địa phương, Công an xã Bình Tân đã xây dựng kế hoạch tiếp nhận, quản lý và giúp đỡ 04 người được đặc xá năm 2026, tạo điều kiện để người được đặc xá có việc làm, ổn |1
21173|188|2026-06-09 09:07:17|2026-07-01 09:33:50|51926||Chiều 04/6/2026, tại Hội trường UBND xã, Công an xã Vĩnh Quang đã chủ trì tham mưu UBND xã đã tổ chức Lễ ra mắt mô hình “Chung tay cảm hóa, hướng nghiệp, hỗ trợ vay vốn, tái hòa nhập cộng đồng” trên địa bàn xã Vĩnh Quang.|1
21174|28|2026-06-09 10:23:43|2026-06-11 09:46:31|51932||Ngày 04/6, phường Đồng Xoài đã tổ chức Hội nghị ra mắt mô hình “Ánh bình minh”. Mô hình hoạt động nhằm nâng cao hiệu quả công tác quản lý, giáo dục, giúp đỡ người chấp hành xong án phạt tù, tái hòa nhập cộng đồng trên địa bàn phường.|1
21175|29|2026-06-09 10:45:29|2026-06-11 09:50:40|51935||Thực hiện kế hoạch cao điểm tấn công, trấn áp tội phạm, bảo đảm an ninh trật tự các dịp lễ lớn năm 2026 của Công an thành phố Đồng Nai, Phòng Cảnh sát thi hành án hình sự và hỗ trợ tư pháp đã phối hợp với chính quyền địa phương tổ chức tuyên truyền pháp lu|1
21176|27|2026-06-09 11:00:05|2026-07-01 09:39:41|51938||Chiều ngày 22/5/2026, Công an xã Trà Giang phối hợp với Đảng ủy, UBND xã Trà Giang tổ chức Hội nghị ra mắt mô hình dân vận khéo “Phục vụ trong yêu thương” và “Chung tay vì cuộc sống mới”. Đây là hoạt động có ý nghĩa thiết thực nhằm đẩy mạnh phong trào thi |1
21177|29|2026-06-09 14:37:06|2026-07-01 09:33:18|51941||Trong hành trình tái hòa nhập cộng đồng của những người từng lầm lỡ, việc làm luôn được xem là “chìa khóa” quan trọng giúp họ ổn định cuộc sống, khẳng định giá trị bản thân và tránh xa nguy cơ tái phạm.|1
21178|12|2026-06-09 14:55:34|2026-07-01 09:32:44|51944||Dự kiến, ngày 1/6 tới đây, các cơ sở giam giữ trong cả nước sẽ đồng loạt công bố quyết định của Chủ tịch nước đặc xá cho những người có kết quả cải tạo tốt, để họ trở về cộng đồng làm lại cuộc đời. Đây không chỉ là chính sách nhân đạo thể hiện truyền thống|1
21179|11|2026-06-09 15:04:36|2026-06-11 09:48:41|51947||Trong 02 ngày 14 và 15/5/2026, Cụm thi đua số 3 CATP Hà Nội tổ chức Hội nghị tuyên truyền, phổ biến pháp luật và hướng dẫn thủ tục vay vốn hỗ trợ tái hòa nhập cộng đồng cho phạm nhân tại Trại tạm giam số 1 và Trại tạm giam số 2. Chương trình có sự tham dự |1
21180|12|2026-06-09 15:44:51|2026-06-11 09:49:42|51950||Thực hiện chủ trương, chính sách nhân đạo của Đảng và Nhà nước về công tác đặc xá. Nhằm nâng cao nhận thức pháp luật, ý thức trách nhiệm của người được đặc xá chuyển bị tái hòa nhập cộng đồng, góp phần đảm bảo an ninh trật tự, phòng ngừa tái phạm tội. Trại|1
21181|10|2026-06-09 16:02:41|2026-06-11 09:47:41|51953||Sáng 09/3/2026, UBND tỉnh tổ chức hội nghị tổng kết 05 năm thực hiện Nghị định số 49/2020/NĐ-CP ngày 17/4/2020 của Chính phủ quy định chi tiết thi hành Luật Thi hành án hình sự và tái hòa nhập cộng đồng và sơ kết 02 năm thực hiện Quyết định số 22/2023/QĐ-T|1
21182|12|2026-06-09 16:19:19|2026-06-11 09:49:26|51956||Công tác hỗ trợ người chấp hành xong án phạt tù tái hòa nhập cộng đồng đang được các cấp, ngành và lực lượng Công an xã trên địa bàn tỉnh Phú Thọ triển khai đồng bộ, hiệu quả, góp phần phòng ngừa tái phạm, giữ vững an ninh, trật tự ngay từ cơ sở.|1
21183|11|2026-06-09 16:42:01|2026-06-11 09:48:54|51959||Thực hiện chỉ đạo của Giám đốc Công an tỉnh về việc tăng cường kiểm tra, hướng dẫn nghiệp vụ, ngày 14/3/2026, Đoàn kiểm tra Công an tỉnh đã tiến hành kiểm tra thực tế tại Công an Đặc khu Lý Sơn. Nội dung kiểm tra tập trung vào việc thẩm định hồ sơ, sổ sách|1
21184|10|2026-06-09 22:18:26|2026-06-11 09:48:29|51962||Sau cánh cổng trại giam, hành trình trở về của những người từng lầm lỡ chưa bao giờ là bằng phẳng. Đối mặt với sự tự ti, mặc cảm và nỗi lo sinh kế, thế nhưng tại Đắk Lắk, sự đồng hành của lực lượng Công an cùng chính quyền địa phương đang trở thành điểm tự|1
21185|13|2026-06-09 22:22:56|2026-06-11 09:48:04|51965||Công an tỉnh Bắc Ninh vừa ban hành Kế hoạch số 3858/KH-CAT-CSTHAHS&HTTP thực hiện Đề án “Nâng cao chất lượng, hiệu quả công tác tái hòa nhập cộng đồng trên địa bàn tỉnh giai đoạn 2026 - 2031” năm 2026.|1
21186|10|2026-06-10 09:09:46|2026-06-11 09:48:17|51968||‎Nhân dịp Tết Bính Ngọ 2026, Công an xã Bình Giang đã tổ chức gặp mặt, thăm hỏi và trao quà động viên tinh thần cho các cá nhân chấp hành xong án phạt tù, hoàn lương, chấp hành tốt quy định địa phương, có hoàn cảnh khó khăn đang tái hòa nhập cộng đồng trên|1
21187|11|2026-06-10 09:16:57|2026-06-11 09:47:31|51971||Vừa qua, Đoàn công tác do Đại tá Trần Quốc Phục, Phó Giám đốc Công an tỉnh Vĩnh Long làm Trưởng đoàn; Phòng An ninh nội địa Công an tỉnh phối hợp cùng chính quyền địa phương xã Ngãi Tứ đến bàn giao nhà đại đoàn kết cho hộ gia đình ông Kim Khu (ngụ ấp Tổng |1
21188|10|2026-06-10 09:28:02|2026-06-11 09:46:15|51974||hời gian qua, Công an phường Long Tuyền (TP Cần Thơ) thực hiện hiệu quả công tác quản lý nhà nước đối với người chấp hành xong án phạt tù trở về địa phương, góp phần giữ vững ANTT, lan tỏa những giá trị nhân văn sâu sắc trong cộng đồng.|1
21189|10|2026-06-10 09:36:00|2026-06-11 09:46:04|51977||‎Công an phường Vĩnh Tế vừa tổ chức gặp mặt, thăm hỏi và tặng quà cho các cá nhân chấp hành xong án phạt tù, hoàn lương tiêu biểu có hoàn cảnh khó khăn, đang tái hòa nhập cộng đồng trên địa bàn phường.|1
21190|38|2026-06-10 09:42:34|2026-06-11 09:45:34|51980||Nhận thức rõ tầm quan trọng của công tác tái hòa nhập cộng đồng là một trong những nhiệm vụ trọng tâm nhằm ổn định an ninh, trật tự và phòng ngừa tội phạm, Công an xã Khánh Bình đã chủ động phối hợp với chính quyền, các ban, ngành, đoàn thể địa phương triể|1
21191|40|2026-06-10 09:57:25|2026-07-01 09:04:52|51983||Sáng 15/01/2026, UBND xã Ân Hảo tổ chức Hội nghị ra mắt Mô hình tái hòa nhập cộng đồng “Bước cùng nhau” trên địa bàn xã. Đây là mô hình có ý nghĩa thiết thực, góp phần nâng cao hiệu quả công tác quản lý, giáo dục, giúp đỡ người chấp hành xong án phạt tù, n|1
21192|38|2026-06-10 10:10:39|2026-06-11 09:45:00|51986||Hiện nay, trên địa bàn phường có 82 người chấp hành xong án phạt tù còn thời gian thử thách đang được theo dõi, quản lý, giúp đỡ. Trong số đó, vẫn còn một bộ phận người sau khi trở về địa phương mang tâm lý mặc cảm, tự ti, gặp khó khăn trong hòa nhập cộng |1
21193|54|2026-06-10 14:16:14|2026-06-11 09:44:52|51989||Xác định công tác quản lý, giáo dục người lầm lỗi tại cộng đồng là biện pháp quan trọng để phòng ngừa tội phạm "từ sớm, từ xa". Chiều ngày 15/01/2026, Công an xã Khun Há, tỉnh Lai Châu đã xuống địa bàn, gặp gỡ trực tiếp các đối tượng trong diện quản lý để |1
21194|136|2026-06-10 14:27:33|2026-06-11 09:44:41|51992||Nhằm góp phần chung tay xóa bỏ mặc cảm, giúp đỡ, hỗ trợ cho những người chấp hành xong án phạt tù trở về địa phương ổn định cuộc sống, góp phần bảo đảm ANTT trên địa bàn. Sáng 16/01/2026, UBND phường Quy Nhơn Đông tổ chức buổi ra mắt mô hình “Chung tay giú|1
21195|130|2026-06-10 14:55:45|2026-06-11 09:44:28|51995||Sáng 02/3/2026, Ban Chỉ đạo “Thực hiện phong trào toàn dân Bảo vệ An ninh Tổ quốc” tỉnh An Giang tổ chức Hội nghị tổng kết công tác xây dựng phong trào toàn dân bảo vệ An ninh Tổ quốc (ANTQ) năm 2025; triển khai phương hướng, nhiệm vụ công tác trọng tâm nă|1
21196|83|2026-06-10 15:01:39|2026-06-11 09:44:15|51998||Từng có lúc lầm bước, nhiều người ở Đồng Nai đang nỗ lực làm lại cuộc đời với sự bao dung, hỗ trợ kịp thời của chính quyền, của cộng đồng. Họ kiên trì gây dựng lại cuộc sống, lấy khó khăn thành động lực để vươn lên, từng bước khẳng định giá trị bản thân có|1
21197|218|2026-06-10 15:09:35|2026-06-11 09:44:05|52001||Trong những ngày đầu đón năm mới 2026, Công an xã Phú Mỹ đã chủ động tham mưu Ủy ban nhân dân xã Phú Mỹ triển khai mô hình “Hỗ trợ giống sản xuất đến người tái hòa nhập cộng đồng cải thiện kinh tế gia đình”; việc làm mang đậm tính nhân văn của lực lượng Cô|1
21198|135|2026-06-10 15:16:18|2026-06-11 09:43:56|52004||Hành trình tái hòa nhập cộng đồng của người chấp hành xong án phạt tù luôn cần một “điểm tựa”. Tại xã Cát Tiên 3, sự tận tâm của cán bộ Công an xã đã giúp nhiều người từng lầm lỡ vượt qua mặc cảm, ổn định cuộc sống và làm lại cuộc đời.|1
21199|232|2026-06-10 16:18:10|2026-06-11 09:43:45|52007||Triển khai mô hình “Giúp người lầm lỡ tái hòa nhập cộng đồng” – Cách làm sáng tạo tại CAX Chiên Đàn|1
21200|56|2026-06-10 16:27:51|2026-06-14 18:32:09|52010||Thực hiện Kế hoạch của Công an tỉnh về việc “Mở đợt cao điểm tấn công, trấn áp tội phạm, bảo đảm ANTT Đại hội đại biểu toàn quốc lần thứ XIV của Đảng, bầu cử đại biểu Quốc hội khóa XVI và HĐND các cấp nhiệm kỳ 2026-2031, tết Nguyên đán Bính Ngọ 2026 (thời |1
21201|153|2026-06-10 16:32:12|2026-06-11 09:43:25|52013||Ngày 30/12, UBND xã Trường Hà tổ chức Lễ ra mắt mô hình “Khởi đầu mới” tại xóm Mã Lịp. |1
21202|164|2026-06-10 16:39:53|2026-06-11 09:21:09|52016||Những năm gần đây, Công an xã Mường Bi (tỉnh Phú Thọ) luôn xác định công tác quản lý, giáo dục và giúp đỡ người chấp hành xong án phạt tù tái hòa nhập cộng đồng là nhiệm vụ quan trọng, góp phần giữ gìn an ninh trật tự và bảo đảm an sinh xã hội tại địa phươ|1
21204|245|2026-06-11 09:02:35|2026-06-11 10:36:27|52028||Hiệu quả trong 05 năm thực hiện Chương trình phối hợp về công tác tái hòa nhập cộng đồng.|1
21205|294|2026-06-11 10:24:19|2026-06-14 18:31:07|52031||Thắp lại niềm tin, đồng hành cùng người hoàn lương tái hòa nhập cộng đồng trên địa bàn An Khê|1
21206|175|2026-06-11 10:31:22|2026-06-11 10:36:55|52034||Nhằm tạo điều kiện thuận lợi cho người chấp hành xong án phạt tù tái hòa nhập cộng đồng, thời gian qua, Công an xã biên giới Ia O đã chủ động, tích cực phối hợp với Phòng giao dịch Chi nhánh Ngân hàng Chính sách xã hội (NHCSXH) Ia Grai triển khai hiệu quả |1
21207|42|2026-06-11 14:18:25|2026-06-13 09:13:44|52037||Ngày 10/6, tại Hội trường UBND xã Thọ Sơn, Phòng Cảnh sát Thi hành án hình sự và hỗ trợ tư pháp Công an thành phố Đồng Nai phối hợp với UBND xã Thọ Sơn tổ chức Hội nghị ra mắt mô hình “Trong tôi một niềm tin” nhằm nâng cao hiệu quả công tác quản lý, giáo d|1
21208|131|2026-06-11 14:50:09|2026-06-13 09:13:27|52043||Thực hiện Quyết định số 22/2023/QĐ-TTg của Thủ tướng Chính phủ về tín dụng đối với người chấp hành xong án phạt tù, đến ngày 10/6/2026, Phòng giao dịch Ngân hàng Chính sách xã hội Tam Nông đã giải ngân được 3 tỷ đồng cho 31 trường hợp vay vốn phát triển sả|1
21209|170|2026-06-11 14:55:37|2026-06-13 09:12:16|52046||Công an xã Nguyên Bình phối hợp ký kết Chương trình, Quy chế phối hợp với Phòng giao dịch Ngân hàng Chính sách xã hội Nguyên Bình|1
21210|125|2026-06-11 15:06:41|2026-06-13 09:11:51|52049||Phòng Giao dịch NHCSXH Tư Nghĩa tiếp tục thực hiện tín dụng cho người chấp hành xong án phạt tù trên địa bàn xã Vệ Giang|1
21211|138|2026-06-11 15:44:37|2026-06-13 09:11:28|52052||Phòng Giao dịch Ngân hàng Chính sách xã hội Krông Búk tiếp tục triển khai và giải ngân cho người chấp hành xong án phạt tù được vay vốn tín dụng chính sách xã hội theo Quyết định số 22/2023/QĐ-TTg, ngày 17/8/2023 của Thủ tướng Chính phủ về tín dụng đối với|1
21212|134|2026-06-11 15:51:05|2026-06-16 15:40:03|52055||Tín dụng chính sách – Điểm tựa cho người hoàn lương tái hoà nhập cộng đồng|1
21213|207|2026-06-11 16:00:09|2026-06-13 09:10:59|52058||UBND phường Hóa Châu, thành phố Huế vừa ra mắt Ban điều hành mô hình “Tái hòa nhập cộng đồng cho người chấp hành xong án phạt tù”, kết hợp tuyên truyền, phổ biến pháp luật cho công dân chấp hành xong án phạt tù (CHXAPT) trở về địa phương.|1
21214|177|2026-06-11 16:22:42|2026-06-13 09:10:42|52061||Chiếc chìa khóa giúp người từng lầm lỡ mở cánh cửa tương lai không chỉ là ý chí vươn lên của bản thân mà còn cần sự đồng hành, sẻ chia từ gia đình, cộng đồng và những chính sách nhân văn của Nhà nước. Với tinh thần đó, chiều 5-6, Công an phường Giảng Võ ph|1
21215|177|2026-06-12 08:56:23|2026-06-16 15:40:18|52064||Nhằm tạo điều kiện cho người chấp hành xong án phạt tù có cơ hội ổn định cuộc sống, phát triển kinh tế, tái hòa nhập cộng đồng bền vững, thời gian qua, Chính phủ đã triển khai chương trình cho vay ưu đãi thông qua Ngân hàng Chính sách xã hội. Đây là chủ tr|1
21216|174|2026-06-12 09:17:17|2026-06-13 09:10:16|52067||Ngân hàng chính sách Đắk GLong đồng hành cùng người chấp hành xong án phạt tù tái hòa nhập cộng đồng|1
21217|188|2026-06-12 15:39:19|2026-06-15 10:07:56|52070||Có những lỗi lầm có thể khép lại bằng bản án…., Nhưng hành trình làm lại cuộc đời chỉ thực sự bắt đầu…. Khi người lầm lỗi được trao cơ hội, niềm tin và sự đồng hành của cộng đồng. |1
21218|161|2026-06-14 21:44:33|2026-06-15 10:08:53|52073||Xác định công tác tái hòa nhập cộng đồng là một trong những giải pháp quan trọng nhằm phòng ngừa tái phạm và giữ vững an ninh, trật tự tại cơ sở, thời gian qua Công an xã Bằng Luân đã triển khai nhiều biện pháp quản lý, giáo dục, hỗ trợ người chấp hành xon|1
21219|253|2026-06-14 21:53:05|2026-06-15 10:08:33|52076||Công tác tái hoà nhập cộng đồng là quá trình thực hiện tổng thể các biện pháp nhằm quản lý, giáo dục, giúp đỡ người chấp hành xong án phạt tù tái hòa nhập cộng đồng, tránh tái vi phạm pháp luật, góp phần bảo đảm ổn định an ninh, trật tự tại địa phương. Do |1
21220|270|2026-06-14 22:03:40|2026-07-01 08:58:24|52079||Sáng ngày 12/6/2026, Công an phường An Lộc đã tổ chức Hội nghị ra mắt mô hình “Tự lực vươn lên” hỗ trợ người chấp hành xong án phạt tù tái hòa nhập cộng đồng trên địa bàn phường.|1
21221|274|2026-06-14 22:09:49|2026-06-15 10:08:21|52082||Thực hiện Hướng dẫn số 33/HD-HĐTVĐX ngày 11/4/2026 của Hội đồng Tư vấn đặc xá về triển khai thực hiện Quyết định số 457/QĐ-CTN ngày 07/4/2026 của Chủ tịch nước về đặc xá năm 2026 và Kế hoạch số 112/KH-CAT-PC10 ngày 14/4/2026 của Công an tỉnh Đắk Lắk về tri|1
21222|14|2026-06-15 10:53:11|2026-06-16 15:41:50|52085||Thực hiện sự chỉ đạo của Công an tỉnh Hưng Yên về việc kiện toàn, duy trì và nâng cao hiệu quả hoạt động của các mô hình tự quản trong phong trào toàn dân bảo vệ an ninh Tổ quốc góp phần xã hội hóa nhiệm vụ bảo đảm an ninh trật tự, giữ vững ổn định chính t|1
21223|13|2026-06-15 11:01:02|2026-06-16 15:43:32|52088||Những năm qua, với sự chỉ đạo quyết liệt của Tỉnh ủy, UBND tỉnh, việc triển khai Nghị định số 49/2020/NĐ-CP ngày 17/4/2020 của Chính phủ quy định chi tiết thi hành Luật thi hành án hình sự về tái hòa nhập cộng đồng và Quyết định số 22/2023/QĐ-TTg ngày 17/8|1
21224|12|2026-06-15 11:16:47|2026-06-16 15:43:21|52091||Một cuộc gặp mặt, đối thoại diễn ra vào tối ngày 10-6- giữa Đảng ủy, UBND, Ủy ban MTTQ Việt Nam và các cơ quan chức năng phường An Khê (TP Đà Nẵng) với hơn 300 người chấp hành án hình sự tại cộng đồng; người chấp hành xong án phạt tù tái cộng đồng; người q|1
21225|26|2026-06-15 11:37:05|2026-06-16 15:43:09|52094||Xác định người chấp hành xong án phạt tù thường mang tâm lý mặc cảm, gặp nhiều khó khăn trong hòa nhập cộng đồng và tiếp cận các nguồn lực phát triển kinh tế, thực hiện Quyết định số 22/2023/QĐ-TTg của Thủ tướng Chính phủ về tín dụng đối với người chấp hàn|1
21226|NULL|2026-06-15 15:24:42|2026-07-01 17:04:23|52097||Công tác tái hòa nhập cộng đồng đối với người chấp hành xong án phạt tù là chủ trương lớn, thể hiện tính nhân văn sâu sắc của Đảng và nhà nước. Đây cũng là giải pháp quan trọng nhằm phòng ngừa tái phạm tội, giữ vững an ninh, trật tự. Với sự vào cuộc đồng b|1
21227|24|2026-06-15 15:54:00|2026-06-16 15:42:50|52100||Chi hội phụ nữ Công an phường Đa Mai đã tổ chức ra mắt mô hình "Chi hội Phụ nữ Công an phường đồng hành cùng công tác tái hoà nhập cộng đồng"|1
21228|31|2026-06-15 16:22:12|2026-07-01 08:56:40|52103||Thực hiện Luật Thi hành án hình sự năm 2019 và chỉ đạo của Công an tỉnh Phú Thọ, Công an xã Liên Sơn đã chủ động triển khai đồng bộ các biện pháp nhằm tăng cường công tác điểm danh, kiểm diện, quản lý, giám sát và giáo dục người chấp hành án hình sự tại cộ|1
21229|179|2026-06-15 16:36:39|2026-06-16 15:42:24|52127||Ký kết Kế hoạch phối hợp thực hiện công tác thi hành án hình sự và tái hòa nhập cộng đồng|1
21230|136|2026-06-15 16:49:48|2026-06-15 23:31:05|52106||Xã Triệu Việt Vương ra mắt 03 mô hình tự quản góp phần bảo đảm an ninh, trật tự tại cơ sở.|1
21231|201|2026-06-15 20:22:41|2026-06-16 15:41:28|52124||Sáng ngày 15/6, Công an tỉnh Bắc Ninh đã tổ chức Hội nghị công bố Quyết định của Cục Cảnh sát quản lý tạm giữ, tạm giam và thi hành án hình sự tại cộng đồng, Bộ Công an về việc kiểm tra toàn diện công tác quản lý tạm giữ, tạm giam và thi hành án hình sự tạ|1
21232|155|2026-06-15 20:38:27|2026-06-15 23:30:11|52109||Để tạo điều kiện cho những người chấp hành xong án phạt tù xóa bỏ mặc cảm, sớm tái hòa nhập cộng đồng và tìm kiếm việc làm ổn định, Công an phường Cửa Ông đã phối hợp với Phòng giao dịch Ngân hàng Chính sách xã hội trên địa bàn và các tổ chức chính trị - x|1
21233|210|2026-06-15 20:45:26|2026-06-15 23:29:48|52112||Chương trình cho vay đối với người chấp hành xong án phạt tù - Đồng hành cùng hành trình tái hòa nhập cộng đồng|1
21234|133|2026-06-15 20:55:28|2026-06-15 23:29:18|52115||Công tác tái hoà nhập cộng đồng là quá trình thực hiện tổng thể các biện pháp nhằm quản lý, giáo dục, giúp đỡ người chấp hành xong án phạt tù tái hòa nhập cộng đồng, tránh tái vi phạm pháp luật, góp phần bảo đảm ổn định an ninh, trật tự tại địa phương. Do |1
21235|204|2026-06-15 21:03:48|2026-06-15 23:28:42|52118||Công tác tái hòa nhập cộng đồng đối với người chấp hành xong án phạt tù luôn được xác định là nhiệm vụ quan trọng, mang ý nghĩa nhân văn sâu sắc, giúp người chấp hành xong án phạt tù sớm ổn định cuộc sống, góp phần phòng ngừa tái phạm, giữ vững an ninh trậ|1
21236|162|2026-06-15 23:26:39|2026-06-16 15:42:04|52121||Trao cơ hội – Gieo hy vọng cho những cuộc đời làm lại|1
21237|357|2026-06-16 16:44:45|2026-07-01 08:54:12|52154||Hội nghị ký kết Chương trình phối hợp “Tiếp nhận, giúp đỡ, hỗ trợ người chấp hành xong án phạt tù về địa phương viết tiếp ước mơ, kiến tạo cuộc sống” và Quy chế phối hợp thực hiện Quyết định số 22, Quyết định số 08 của Thủ tướng Chính phủ; Phiên tư vấn, gi|1
21240|122|2026-06-16 17:23:42|2026-06-17 08:17:21|52142||Ngày 15/6, Công an phường Âu Lâu đã tham mưu UBND phường phối hợp với Hội Luật gia tỉnh Lào Cai tổ chức Hội nghị “Tư vấn pháp luật cho người chấp hành xong án phạt tù” trên địa bàn.|1
21241|200|2026-06-16 17:31:06|2026-07-01 11:30:21|52145||Sáng 16/6, tại Hội trường UBND phường Nhơn Trạch, Phòng Cảnh sát Thi hành án hình sự và Hỗ trợ tư pháp Công an thành phố Đồng Nai phối hợp với UBND phường Nhơn Trạch tổ chức Hội nghị ra mắt mô hình “Quản lý, tạo việc làm cho người tái hòa nhập cộng đồng”. |1
21242|163|2026-06-16 17:38:55|2026-06-17 08:18:05|52148||Hiệu quả từ mô hình “2 gặp 3 biết” giúp đỡ người chấp hành xong án phạt tù tái hòa nhập cộng đồng và thi hành án hình sự tại xã Tây Hòa|1
21243|179|2026-06-16 17:49:45|2026-07-01 08:51:43|52151||Chiều ngày 02/4/2026, UBND phường Phố Hiến tổ chức Hội nghị ra mắt mô hình “Tổ phòng cháy, chữa cháy và cứu nạn cứu hộ tình nguyện”; mô hình “Chung tay giúp đỡ người được đặc xá, người chấp hành xong án phạt tù trở về địa phương tái hòa nhập cộng đồng”.|1
21244|131|2026-06-16 22:19:02|2026-06-17 08:20:02|52157||Ngày 11/6/2026, Công an xã Ninh Điền tham mưu Ủy ban nhân dân xã tổ chức Lễ ra mắt mô hình “Đồng hành cùng người hoàn lương”.|1
21245|147|2026-06-17 09:29:52|2026-06-17 11:14:01|52160||Ngày 12/06/2026 Công an xã Bắc Thụy Anh đã tham mưu UBND xã ban hành quyết định thành lập Ban Chỉ đạo xây dựng mô hình “Thắp sáng niềm tin – giúp đỡ người chấp hành xong án phạt tù, tái hòa nhập cộng đồng”. Dự hội nghị có đồng chí Nguyễn Đức Chương - Phó C|1
21246|117|2026-06-17 09:46:25|2026-06-17 11:14:17|52163||Thực hiện kế hoạch của Công an tỉnh Hưng Yên về công tác xây dựng phong trào toàn dân bảo vệ ANTQ năm 2026, chiều ngày 12/6/2026, Công an xã Ngự Thiên đã tham mưu UBND xã tổ chức thành công Hội nghị ra mắt 02 mô hình tự quản về an ninh trật tự gồm: Mô hình|1
21247|211|2026-06-17 10:00:43|2026-07-01 08:35:46|52166||Ngày 12/6/2026, UBND xã Lương Bằng tổ chức Hội nghị triển khai ra mắt Mô hình “4+ về quản lý, giáo dục, giúp đỡ số người chấp hành xong án phạt tù, số người đặc xá về địa phương tái hòa nhập cộng đồng”.|1
21248|131|2026-06-17 10:27:08|2026-06-17 17:31:48|52169||Ngày 15/6/2026, Công an xã Nam Thái Ninh tham mưu UBND xã tổ chức Hội nghị ra mắt 02 mô hình gồm: “Hướng tới tương lai – Giúp đỡ người chấp hành xong án phạt tù tái hòa nhập cộng đồng” và mô hình Dân vận khéo “Vận động nhân dân chấp hành pháp luật, xây dựn|1
21249|231|2026-06-17 10:36:59|2026-06-17 11:15:39|52172||Thực hiện chỉ đạo của Bộ Công an, Tỉnh ủy Hưng Yên, Công an tỉnh Hưng Yên về việc kiện toàn, duy trì và nâng cao hiệu quả hoạt động của các mô hình tự quản trong phong trào toàn dân bảo vệ an ninh Tổ quốc. Sáng ngày 15/6/2026, Công an xã Bình Nguyên tham m|1
21250|179|2026-06-17 11:12:35|2026-07-01 08:33:34|52175||Thêm một cơ hội được trao đi, thêm một cuộc đời được tiếp sức.|1
21251|809|2026-06-17 17:31:22|2026-06-19 17:26:08|52178||Nâng cao năng lực cán bộ Phòng Cảnh sát Thi hành án hình sự và Hỗ trợ tư pháp, đáp ứng yêu cầu thực tiễn trong giai đoạn mới|1
21252|228|2026-06-18 17:52:39|2026-06-19 17:26:24|52181|| Việc ban hành Luật Thi hành án hình sự năm 2025 (Luật số 127/2025/QH15) là bước hoàn thiện rất quan trọng để “bản án của Tòa án đi vào cuộc sống” một cách nghiêm minh, công bằng và nhân văn. Nếu nói dễ hiểu, thi hành án hình sự là giai đoạn Nhà nước tổ ch|1
21253|169|2026-06-18 18:00:23|2026-06-19 17:27:00|52184||Bằng các biện pháp nghiệp vụ đồng bộ kết hợp với công tác tuyên truyền, kiên trì thuyết phục, Phòng Cảnh sát thi hành án hình sự và hỗ trợ tư pháp (THAHS&HTTP-PC10) Công an tỉnh Bắc Ninh vừa tổ chức bắt giữ thành công một đối tượng có Quyết định truy nã tr|1
21254|117|2026-06-18 18:06:33|2026-06-19 17:27:16|52187||Thực hiện Quyết định số 457/QĐ-CTN của Chủ tịch nước về đặc xá năm 2026, Công an tỉnh Bắc Ninh đã chủ động tham mưu UBND tỉnh chỉ đạo các Sở, ngành, cơ quan, đơn vị, địa phương nhanh chóng triển khai đồng bộ các giải pháp tiếp nhận, quản lý, giáo dục và gi|1
21258|270|2026-06-22 10:37:20|2026-06-23 04:15:50|52208||Cuộc sống của mỗi con người là một hành trình dài với nhiều ngã rẽ khác nhau. Có những người may mắn được đi trên con đường bằng phẳng, nhưng cũng có những người từng bước qua những chặng đường đầy chông gai, thử thách và cả những sai lầm. |1
21259|116|2026-06-22 14:20:29|2026-07-01 10:36:52|52199||Thực hiện các quy định của Luật Thi hành án hình sự và Nghị định của Chính phủ quy định chi tiết thi hành Luật Thi hành án hình sự về tái hòa nhập cộng đồng, ngày 12/6/2026, Công an phường Trần Lãm tham mưu UBND phường tổ chức Lễ ra mắt Mô hình “Ban Mai Xa|1
21260|107|2026-06-22 14:25:26|2026-06-23 04:16:22|52202||Hưởng ứng Tháng hành động phòng, chống ma túy năm 2026, sáng 19/6/2026, Công an phường Trà Câu tổ chức buổi tuyên truyền pháp luật, phòng chống ma túy và ký cam kết chấp hành pháp luật đối với người tái hòa nhập cộng đồng, người chấp hành xong án phạt tù, |1
21261|126|2026-06-22 14:42:59|2026-06-23 04:16:37|52205||Trong những năm qua, bằng sự thông cảm, quan tâm, chia sẻ, lực lượng Công an xã Krông Pắk, tỉnh Đắk Lắk đã hỗ trợ nhiều trường hợp sau khi mãn hạn tù làm lại cuộc đời, viết tiếp những ước mơ, dự định còn dang dở…|1
21262|117|2026-06-23 08:36:50|2026-06-25 07:36:59|52211||Công an xã Bình Nguyên tuyên truyền pháp luật về tái hòa nhập cộng đồng và thi hành án hình sự tại cộng đồng|1
21263|4|2026-06-23 08:57:53|2026-07-01 08:31:37|52214||Phân Trại tạm giam Tiền Hải – Trại tạm giam số 2 chuẩn bị các điều kiện tái hòa nhập cộng đồng cho phạm nhân sắp chấp hành xong án phạt tù|1
21264|6|2026-06-23 09:04:18|2026-06-30 16:15:10|52217||Thực hiện Kế hoạch của Công an tỉnh Hưng Yên về kiểm tra công tác thi hành án hình sự và tái hòa nhập cộng đồng năm 2026, ngày 22/5/2026, đoàn công tác của Cơ quan Thi hành án hình sự Công an tỉnh do đồng chí Đại tá Vũ Đức Mạnh – Phó Thủ trưởng Thường trực|1
21265|5|2026-06-23 09:59:52|2026-07-01 10:35:02|52220||Trên địa bàn xã Như Quỳnh hiện nay có 63 người chấp hành xong án phạt tù và 26 người đặc xá. Để tăng cường công tác quản lý, giáo dục, giúp đỡ người chấp hành xong án phạt tù, người đặc xá về địa phương tái hòa nhập cộng đồng, Công an xã Như Quỳnh đã tham |1
21266|2|2026-06-23 10:11:38|2026-07-01 10:33:20|52223||Nhằm nâng cao hiệu quả công tác tái hòa nhập cộng đồng đối với người chấp hành xong án phạt tù, góp phần bảo đảm an ninh trật tự ngay từ cơ sở, Chiều ngày 15/6/2026, Công an xã Tây Thái Ninh tham mưu UBND xã tổ chức Lễ ra mắt mô hình “Thắp sáng niềm tin – |1
21267|2|2026-06-23 14:05:25|2026-06-30 16:25:12|52226||Thực hiện chủ trương nhân văn của Đảng, Nhà nước về hỗ trợ người chấp hành xong án phạt tù tái hòa nhập cộng đồng, thời gian qua, Công an xã Tà Đùng đã tích cực phối hợp với chính quyền địa phương và Ngân hàng Chính sách xã hội tạo điều kiện cho các trường|1
21268|4|2026-06-23 15:36:26|2026-06-30 16:24:55|52229||Hưởng ứng Chương trình truyền thông về công tác tái hòa nhập cộng đồng với chủ đề “Đi về hướng bình minh”, ngày 11/5/2026, Cục Cảnh sát quản lý tạm giữ, tạm giam và thi hành án hình sự tại cộng đồng - Bộ Công an phối hợp Công an thành phố (CATP) Hà Nội và |1
21269|7|2026-06-23 15:46:12|2026-06-30 16:24:37|52232||Ngày 23/6/2026, Công an xã Minh Khai tổ chức trao tặng 50 con gà giống trị giá 1 triệu đồng cho ông T.V.Đ., là người chấp hành xong án phạt tù trở về địa phương, nhằm hỗ trợ phát triển kinh tế gia đình, tạo điều kiện tái hòa nhập cộng đồng.|1
21270|5|2026-06-23 15:51:55|2026-07-01 10:34:10|52235||Phường nùng trí cao ra mắt Mô hình “Người đồng hành” hỗ trợ tái hòa nhập cộng đồng|1
21271|4|2026-06-23 17:18:36|2026-06-30 16:23:01|52238||Thời gian qua, Công an xã Chiến Thắng thường xuyên triển khai đồng bộ các biện pháp quản lý, giám sát người chấp hành án hình sự tại cộng đồng, góp phần nâng cao hiệu quả phòng ngừa vi phạm pháp luật và giữ vững an ninh, trật tự tại địa phương.|1
21272|132|2026-06-23 17:47:57|2026-06-30 16:22:26|52241||Cơ quan thi hành án hình sự Công an tỉnh Khánh Hòa tổ chức tuyên truyền pháp luật, hỗ trợ tái hòa nhập cộng đồng và tư vấn việc làm cho người chấp hành xong án phạt tù tái hoà nhập cộng đồng|1
21273|161|2026-06-23 17:57:33|2026-06-23 23:54:07|52244||"Trạm hy vọng" - Điểm tựa tái hoà nhập cộng đồng tại xã Anh Dũng|1
21274|110|2026-06-23 18:16:03|2026-06-30 16:22:47|52247||Sau những tháng ngày lầm lỡ, điều mà nhiều người chấp hành xong án phạt tù mong mỏi nhất là có cơ hội làm lại cuộc đời. Thế nhưng, hành trình tái hòa nhập cộng đồng chưa bao giờ dễ dàng khi phía trước họ vẫn còn những mặc cảm, khó khăn về việc làm và cuộc |1
21275|122|2026-06-24 10:28:17|2026-06-25 07:36:23|52250||Bằng nhiều giải pháp thiết thực, phù hợp, phường Quảng Yên đã hỗ trợ những người chấp hành xong án phạt tù vượt qua mặc cảm, tìm việc làm, vay vốn phát triển sản xuất, từng bước ổn định cuộc sống, tái hòa nhập cộng đồng.|1
21277|151|2026-06-24 15:33:59|2026-06-30 16:22:04|52283||Công an xã Quỹ Nhất chung tay giúp người chấp hành xong án phạt tù viết tiếp ước mơ, kiến tạo cuộc sống|1
21278|143|2026-06-24 15:43:29|2026-07-01 10:26:21|52256||Thực hiện kế hoạch số 37 ngày 27/03/2026 của UBND xã Phật Tích về việc tiếp tục thực hiện Quyết định số 22/2023QĐ-TTg ngày 17/08/2023 của Thủ tướng Chính Phủ về tín dụng đối với người chấp hành xong án phạt tù tái hòa nhập công cộng|1
21279|152|2026-06-24 15:55:13|2026-06-25 07:35:25|52259||Ngày 26/3/2026, tại Công an xã Bảo Đài đã tổ chức Hội nghị tuyên truyền, phổ biến pháp luật về thi hành án hình sự tại cộng đồng và tái hòa nhập cộng đồng. Hội nghị là hoạt động thiết thực, thể hiện vai trò chủ động, nòng cốt của lực lượng Công an xã trong|1
21280|97|2026-06-24 16:05:12|2026-07-01 10:25:25|52262||Chiều ngày 28/01/2026, Công an phường Đa Mai phối hợp Hội Liên hiệp Phụ nữ phường, tham mưu tổ chức ra mắt mô hình “Phụ nữ phường Đa Mai tham gia giúp đỡ người tái hòa nhập cộng đồng” và tổ chức tuyên truyền các quy định của pháp luật về công tác tái hòa n|1
21281|103|2026-06-24 16:12:43|2026-06-25 07:34:48|52265||Chương trình an sinh xã hội, tuyên truyền pháp luật về tái hòa nhập cộng đồng|1
21282|174|2026-06-24 16:20:02|2026-06-25 07:34:25|52268||Mô hình dân vận khéo “Giáo dục, cảm hóa, giúp đỡ tái hòa nhập cộng đồng”|1
21283|128|2026-06-25 09:05:17|2026-06-30 16:20:17|52271||Thực hiện chủ trương của Đảng, Nhà nước về công tác tái hòa nhập cộng đồng, Công an xã Đam Rông 3 đã triển khai nhiều giải pháp nhằm quản lý, giáo dục, giúp đỡ người chấp hành xong án phạt tù trên địa bàn. Trong đó, việc hướng dẫn thủ tục xóa án tích được |1
21284|148|2026-06-30 10:52:11|2026-06-30 16:33:45|52274||Việc triển khai Quyết định số 22/2023/QĐ-TTg của Thủ tướng Chính phủ về tín dụng đối với người chấp hành xong án phạt tù trên địa bàn tỉnh Quảng Ngãi thời gian qua đã chứng minh một tư duy nhân văn sâu sắc của Đảng và Nhà nước. Ghi nhận thực tế cho thấy, v|1
21285|254|2026-06-30 11:04:55|2026-06-30 16:15:27|52277||Tuyên truyền phòng, chống tác hại của ma túy|1
21286|706|2026-06-30 11:16:41|2026-06-30 16:14:39|52280||Hòa trong không khí nhân kỷ niệm 25 năm Ngày gia đình Việt Nam (28/6/2001 - 28/6/2026), sáng ngày 27/6 Trại Tạm giam số 2 tổ chức Hội nghị gia đình phạm nhân năm 2026; tham dự hội nghị có đại diện lãnh đạo các cơ quan, đơn vị: Phòng 8 - Viện KSND thành phố|1
21287|126|2026-06-30 16:49:39|2026-06-30 16:51:48|52286||Tiếp nhận 500 đầu sách, 100 tạp chí cho "Tủ sách Hướng thiện"|1
21288|353|2026-06-30 17:41:11|2026-07-01 08:27:54|52292||Công an tỉnh Lâm Đồng mở lớp tập huấn cho lực lượng Công an xã, phường, đặc khu|1
21289|122|2026-07-01 08:49:56|2026-07-01 10:24:29|52295||Chiều 29/6, Công an tỉnh tổ chức Hội nghị phổ biến, quán triệt các nội dung cơ bản về công tác thi hành án hình sự tại cộng đồng và tái hòa nhập cộng đồng năm 2026. Hội nghị được tổ chức trực tiếp tại Trung tâm Thông tin chỉ huy Công an tỉnh và kết nối trự|1
21291|143|2026-07-01 15:39:24|2026-07-01 16:14:59|52298||‎Thực hiện mô hình “Chung tay giúp đỡ người hoàn lương” và phong trào thi đua “Ba nhất”, Công an xã Vĩnh Hậu, tỉnh An Giang vừa phối hợp với các ban, ngành, lực lượng tham gia bảo vệ an ninh, trật tự ở cơ sở, các nhà hảo tâm và người dân địa phương tổ chức|1
21292|143|2026-07-01 15:44:17|2026-07-01 16:17:14|52301||Công an xã Kim Sơn nỗ lực đồng hành, giúp người chấp hành xong án phạt tù tái hòa nhập cộng đồng, ổn định cuộc sống|1
21293|166|2026-07-01 15:50:22|2026-07-01 16:17:01|52304||Thực hiện các chủ trương, chính sách của Đảng, Nhà nước về công tác tái hòa nhập cộng đồng đối với người chấp hành xong án phạt tù; thời gian qua Công an xã A Sào, tỉnh Hưng Yên đã chủ động tham mưu UBND xã triển khai nhiều giải pháp thiết thực nhằm tiếp n|1
21294|153|2026-07-01 16:03:04|2026-07-01 16:16:46|52307||Ngày 25/6/2026 Công an xã Nam Tiền Hải đã tham mưu UBND xã tổ chức thành công 02 hội nghị ra mắt 04 mô hình tự quản về an ninh, trật tự trên địa bàn.|1
21295|752|2026-07-01 16:14:01|2026-07-01 16:48:33|52310||Đồng Tháp ra mắt các mô hình tái hoà nhập cộng đồng|1
21296|213|2026-07-01 17:22:07|2026-07-02 15:09:11|52313||Động lực từ yêu thương, vững bước tái hoà nhập cộng đồng|1
21297|NULL|2026-07-02 10:01:59|2026-07-02 15:10:37|52316||Thực hiện chỉ đạo của Công an tỉnh Cà Mau về công tác đặc xá và tái hòa nhập cộng đồng đối với người chấp hành xong án phạt tù, thời gian qua, Công an xã Tân Hưng đã chủ động tham mưu cấp ủy, chính quyền địa phương triển khai các biện pháp tiếp nhận, quản |1
21298|NULL|2026-07-02 10:07:34|2026-07-02 15:10:54|52319||Trong thời gian qua, cùng với việc thực hiện nhiệm vụ bảo đảm an ninh, trật tự ở cơ sở, Công an xã Tam Nông luôn xác định rõ: giữ gìn bình yên cho Nhân dân không chỉ bằng biện pháp quản lý, răn đe mà còn bằng sự cảm thông, hỗ trợ và tạo điều kiện để người |1
21299|NULL|2026-07-02 10:12:28|2026-07-02 15:11:08|52322||Thời gian qua, Công an xã Bảo Lâm 5 đã triển khai đồng bộ nhiều giải pháp nhằm nâng cao hiệu quả công tác quản lý, giáo dục, giúp đỡ người chấp hành xong án phạt tù trở về địa phương cư trú, góp phần bảo đảm an ninh, trật tự và phục vụ phát triển kinh tế -|1
21300|NULL|2026-07-02 10:20:10|2026-07-02 15:13:20|52325||Thực hiện Kế hoạch tuyên truyền, phổ biến pháp luật và hỗ trợ người thi hành án hình sự tại cộng đồng, người chấp hành xong án phạt tù tái hòa nhập cộng đồng năm 2026, chiều 30/6/2026, Công an phường Diên Hồng (tỉnh Gia Lai) tổ chức Hội nghị tuyên truyền p|1
21301|NULL|2026-07-02 10:24:47|2026-07-02 15:13:58|52328||Chiều ngày 24/6/2026, Công an tỉnh Lai Châu tổ chức Hội nghị tuyên truyền, phổ biến, giáo dục pháp luật cho người chấp hành xong án phạt tù trên địa bàn các xã Phong Thổ, xã Pa Tần, xã Khổng Lào. Thừa ủy quyền của Ban Giám đốc Công an tỉnh có đồng chí Thượ|1
21302|43|2026-07-02 10:35:13|2026-07-02 15:13:41|52331|| Sáng ngày 26/6, đoàn công tác của Đại tá Nguyễn Huy Hải, Phó Giám đốc Công an thành phố đã có buổi làm việc về công tác tái hoà nhập cộng đồng sau đợt đặc xá năm 2026 trên địa bàn phường Trấn Biên, thành phố Đồng Nai.|1
21303|38|2026-07-02 10:42:59|2026-07-02 15:13:08|52334||Công an xã Hòa Vang tham mưu nhiều giải pháp hỗ trợ người tái hòa nhập cộng đồng|1
21304|47|2026-07-02 10:56:57|2026-07-02 15:11:23|52337||Ngày 30/6, Công an tỉnh Cà Mau tổ chức Hội nghị tập huấn nghiệp vụ công tác thi hành án hình sự tại cộng đồng, tái hòa nhập cộng đồng và công tác hỗ trợ tư pháp năm 2026, nhằm chuẩn bị các điều kiện để triển khai thống nhất Luật Thi hành án hình sự năm 202|1
21305|84|2026-07-02 14:02:09|2026-07-02 15:11:53|52340||Sáng 29-6, Công an xã Lương Hòa Lạc (tỉnh Đồng Tháp) tổ chức Lễ ra mắt mô hình Câu lạc bộ "Người cùng tiến", một sáng kiến nhằm hỗ trợ, đồng hành cùng người chấp hành xong hình phạt tù, người được đặc xá trong quá trình tái hòa nhập cộng đồng, ổn định cuộc|1
21306|150|2026-07-02 14:10:51|2026-07-02 15:12:48|52343||Bảo đảm an ninh trật tự và giữ gìn cuộc sống bình yên cho mỗi nếp nhà luôn là nhiệm vụ hàng đầu của lực lượng Công an. Một trong những yếu tố cốt lõi để ngăn ngừa tội phạm chính là việc quản lý, giáo dục pháp luật và đặc biệt là giúp đỡ những người từng có|1
21307|149|2026-07-02 14:17:32|2026-07-02 15:12:06|52346||Công an tỉnh kiểm tra chuyên đề công tác thi hành án hình sự tại cộng đồng và tái hòa nhập cộng đồng tại Công an xã Như Quỳnh|1
21308|153|2026-07-02 14:24:51|2026-07-02 15:11:37|52349||Nhằm nâng cao nhận thức pháp luật, phát huy vai trò của cả hệ thống chính trị và toàn dân trong công tác quản lý, giáo dục, giúp đỡ người chấp hành xong án phạt tù tái hòa nhập cộng đồng, sáng ngày 24/6/2026, Công an xã Xuân Quế đã tổ chức Hội nghị tuyên t|1
21309|150|2026-07-02 14:30:37|2026-07-02 15:10:23|52352||Triển khai chính sách tín dụng đối với người chấp hành xong án phạt tù trên địa bàn Quế Sơn|1
21310|152|2026-07-02 14:34:53|2026-07-02 15:10:06|52355||Nhằm kịp thời triển khai hiệu quả Luật Thi hành án hình sự năm 2025 và nâng cao năng lực cho lực lượng trực tiếp thực hiện công tác thi hành án hình sự tại cơ sở, chiều ngày 25/6/2026, Công an tỉnh Quảng Ngãi đã tổ chức khai mạc Hội nghị triển khai Luật Th|1
21311|110|2026-07-02 14:45:16|2026-07-02 15:09:51|52358||Sáng 19/6/2026, được sự thống nhất của Thường trực Đảng ủy xã, Công an xã An Nhơn Tây đã tham mưu UBND xã tổ chức sơ kết 06 tháng đầu năm 2026 mô hình “Quản lý, giáo dục giúp đỡ người chấp hành xong án phạt tù tái hòa nhập cộng đồng” nhằm đánh giá kết quả |1
21312|146|2026-07-02 14:54:28|2026-07-02 15:09:37|52361||Công an xã Thanh Sơn chung tay hỗ trợ người có quá khứ lầm lỗi tái hòa nhập cộng đồng|1
21313|99|2026-07-02 14:59:00|2026-07-02 15:09:22|52364||Sáng 26-6, UBND xã Thuận Bắc tổ chức lễ ra mắt mô hình “Trạm hy vọng”.|1
21315|103|2026-07-03 11:47:56|2026-07-06 16:02:45|52367||Ngày 26/6/2026, UBND xã Đức Hợp tổ chức Hội nghị triển khai, ra mắt mô hình “4 + về quản lý, giáo dục, giúp đỡ số người chấp hành xong án phạt tù, số người đặc xá về địa phương tái hòa nhập cộng đồng” và các mô hình “Tổ tự quản về an ninh trật tự” trên địa|1
21316|135|2026-07-06 16:17:37|2026-07-06 17:40:45|52370||Nghị định mới của Chính phủ quy định nhiều biện pháp hỗ trợ người chấp hành xong hình phạt tù tái hòa nhập cộng đồng, từ đào tạo nghề, vay vốn, tìm việc làm đến trợ giúp tâm lý và pháp lý.|1
21317|175|2026-07-06 16:48:11|2026-07-06 17:41:42|52373||Nghị định 247/2026/NĐ-CP quy định chi tiết Điều 43 của Luật Thi hành án hình sự, trong đó bổ sung nhiều chính sách hỗ trợ về đào tạo nghề, vay vốn, kết nối việc làm, tư vấn tâm lý và hỗ trợ pháp lý cho các cá nhân chấp hành xong án phạt tù.|1
21318|133|2026-07-06 16:54:03|2026-07-06 17:42:04|52376||Sáng ngày 02/07/2026, Ủy ban nhân dân phường Bình Thuận đã long trọng tổ chức Lễ ra mắt mô hình “Cảm hóa, giáo dục, giúp đỡ người chấp hành xong án phạt tù tái hòa nhập cộng đồng”. Đây là bước đi thiết thực nhằm cụ thể hóa chủ trương của Đảng, chính sách, |1
21319|124|2026-07-06 16:58:56|2026-07-06 17:41:53|52379||Công an phường An Dương hỗ trợ 04 hộ gia đình có người chấp hành xong án phạt tù được vay vốn|1
21320|147|2026-07-06 17:18:36|2026-07-06 17:41:27|52382||Chiều ngày 30/6/, Công an xã Hòa Tú tổ chức Hội nghị tuyên truyền, phổ biến, giáo dục pháp luật về thi hành án hình sự tại cộng đồng, tái hòa nhập cộng đồng và quản lý sau cai nghiện ma túy trên địa bàn xã Hòa Tú năm 2026. Đến dự có đồng chí Lê Văn Tô - Ch|1
21321|104|2026-07-06 17:24:39|2026-07-06 17:41:18|52385||Chính phủ ban hành Nghị định số 247/2026/NĐ-CP quy định về công tác tái hòa nhập cộng đồng.|1
21322|146|2026-07-06 17:29:21|2026-07-06 17:41:07|52388||Với phương châm "không để ai bị bỏ lại phía sau" và thực hiện hiệu quả mô hình Cảnh sát khu vực xã Khánh Cường "Ba nhất: Sâu sát nhất - Kịp thời nhất - Tận tâm nhất", Công an xã Khánh Cường đã có nhiều việc làm thiết thực hỗ trợ người chấp hành xong án phạ|1
21323|162|2026-07-06 17:39:09|2026-07-06 17:40:58|52391||Đối với những người chấp hành xong án phạt tù, trở về địa phương chỉ mới là bước khởi đầu. Điều họ cần hơn cả là một cơ hội để làm lại cuộc đời, có việc làm, có người tin tưởng và sẵn sàng đồng hành. Từ suy nghĩ đó, Công an xã Đak Pơ đã triển khai nhiều gi|1
21324|5|2026-07-07 09:52:38|2026-07-08 14:31:41|52394||Công an tỉnh Thái Nguyên tổ chức Hội nghị phổ biến, quán triệt và triển khai Luật Thi hành án tạm giữ, tạm giam và cấm đi khỏi nơi cư trú năm 2025|1
21325|87|2026-07-07 09:58:48|2026-07-07 10:01:43|52397|||1
21326|NULL|2026-07-07 10:06:55|2026-07-08 14:27:19|52400|||1
21327|7|2026-07-07 10:14:37|2026-07-08 14:27:51|52403||Ra mắt mô hình “Giáo dục, cảm hóa, giúp đỡ tái hòa nhập cộng đồng” tại phường Hòa Cường|1
21328|3|2026-07-07 10:24:38|2026-07-08 14:29:19|52406||Thực hiện Quyết định số 22/2023/QĐ-TTg ngày 17/8/2023 của Thủ tướng Chính phủ về tín dụng đối với người chấp hành xong án phạt tù và Kế hoạch số 116/KH-UBND của UBND xã Lộc Tấn về triển khai Mô hình “Bước cùng nhau”, thời gian qua Công an xã Lộc Tấn đã chủ|1
21329|5|2026-07-07 10:35:29|2026-07-08 14:31:28|52409||Trong công tác bảo đảm ANTT tại cơ sở, hỗ trợ người chấp hành xong án phạt tù tái hòa nhập cộng đồng luôn được xác định là một nhiệm vụ quan trọng, mang ý nghĩa nhân văn sâu sắc. Không chỉ giúp những người từng lầm lỗi ổn định cuộc sống, việc tạo điều kiện|1
21330|3|2026-07-07 11:29:31|2026-07-08 14:31:12|52412||Ngày 17/6, tại Hội trường UBND xã Nha Bích, Phòng Cảnh sát Thi hành án hình sự và hỗ trợ tư pháp Công an thành phố Đồng Nai phối hợp với UBND xã Nha Bích tổ chức Hội nghị ra mắt mô hình “Vòng tay nhân ái” nhằm nâng cao hiệu quả công tác quản lý, giáo dục, |1
21331|2|2026-07-07 11:37:41|2026-07-08 14:30:58|52415||Sáng 25-6, UBND phường Phan Rang tổ chức lễ ra mắt mô hình “Trạm hy vọng” với nhiệm vụ quản lý, tuyên truyền, giáo dục, hỗ trợ người chấp hành xong án phạt tù và người sau cai nghiện trên địa bàn phường.|1
21332|1|2026-07-07 13:44:43|2026-07-08 14:30:39|52418||Thực hiện đợt cao điểm tấn công, trấn áp tội phạm, bảo đảm an ninh trật tự dịp Tết Nguyên đán Bính Ngọ 2026 và các sự kiện chính trị quan trọng, chiều ngày 05/02/2026, Phòng Cảnh sát thi hành án hình sự và hỗ trợ tư pháp phối hợp với UBND, Công an xã Phú R|1
21333|4|2026-07-07 13:50:40|2026-07-08 14:30:19|52421||Hưởng ứng phong trào “Tết vì người nghèo”, nhân dịp Tết Nguyên đán Bính Ngọ 2026, chiều ngày 5/2, Phòng Cảnh sát thi hành án hình sự và hỗ trợ tư pháp, Công an tỉnh Đồng Nai phối hợp Công an xã Phú Riềng, CLB Hạt Gạo Nhân Ái, CLB Bất động sản Bắc Đồng Nai,|1
21334|74|2026-07-07 14:02:54|2026-07-08 14:30:03|52424||Thực hiện chủ trương của Chính phủ về hỗ trợ người chấp hành xong án phạt tù tái hòa nhập cộng đồng, thời gian qua, nhiều địa phương trên địa bàn tỉnh Đồng Nai đã phát huy hiệu quả các nguồn vốn vay ưu đãi theo Quyết định số 22/2023/QĐ-TTg của Thủ tướng Ch|1
21335|71|2026-07-07 14:14:38|2026-07-08 14:29:48|52427||Sáng ngày 1/6, Trại tạm giam số 1, Công an thành phố Đồng Nai đã trang trọng tổ chức Lễ công bố Quyết định đặc xá của Chủ tịch nước năm 2026 cho 117 phạm nhân đang chấp hành án tại Phân trại Quản lý phạm nhân và các Phân trại tạm giam thuộc Trại tạm giam s|1
21336|120|2026-07-07 14:48:56|2026-07-08 14:29:32|52430||Không chỉ thực hiện tốt nhiệm vụ bảo đảm an ninh, trật tự, thời gian qua, Công an phường Hà Lầm đã triển khai nhiều hoạt động thiết thực nhằm giúp đỡ người chấp hành xong án phạt tù ổn định cuộc sống, tái hòa nhập cộng đồng. Đó không chỉ là trách nhiệm đượ|1
21337|104|2026-07-07 14:52:53|2026-07-08 14:29:05|52433||Thời gian qua, Công an đặc khu Vân Đồn đã chủ động tham mưu cấp ủy, chính quyền địa phương; phối hợp chặt chẽ với các ban, ngành, đoàn thể và Ngân hàng Chính sách xã hội triển khai nhiều giải pháp thiết thực nhằm hỗ trợ người chấp hành xong án phạt tù tái |1
21338|164|2026-07-07 15:01:19|2026-07-08 14:28:54|52436||Thời gian qua, Công an phường Móng Cái 3 đã chủ động triển khai đồng bộ các biện pháp nhằm tăng cường công tác điểm danh, kiểm diện, quản lý, giám sát và giáo dục người chấp hành án hình sự tại cộng đồng; đảm bảo quản lý chặt chẽ, đúng quy trình, quy định |1
21339|132|2026-07-07 15:09:49|2026-07-08 14:28:41|52439||Thực hiện chủ trương của Đảng, Nhà nước và chỉ đạo của Công an tỉnh về công tác tiếp nhận, hỗ trợ người được đặc xá trở về địa phương tái hòa nhập cộng đồng, Công an phường Hiệp Hòa đã chủ động tham mưu tổ chức Hội nghị tiếp nhận người được đặc xá trở về c|1
21340|152|2026-07-07 16:33:50|2026-07-08 14:28:32|52442||Sáng ngày 21/5, Công an tỉnh tổ chức Hội nghị tư vấn, định hướng nghề nghiệp, giới thiệu việc làm, hỗ trợ vay vốn cho người sắp chấp hành xong án phạt tù tại Trại Tạm giam. |1
21341|128|2026-07-08 13:59:01|2026-07-08 14:28:20|52445||Hưởng ứng tháng hành động phòng, chống ma túy năm 2026 và thực hiện chủ trương của Đảng, Nhà nước về công tác tái hòa nhập cộng đồng đối với người chấp hành xong án phạt tù, ngày 26/6, Chi đoàn Công an xã phối hợp Đoàn Thanh niên xã Phú Lương tổ chức thăm |1
21342|150|2026-07-08 14:03:21|2026-07-08 14:28:06|52448||Vừa qua, Trại tạm giam số 1, Công an tỉnh Thái Nguyên phối hợp Trung tâm Văn hóa tỉnh Thái Nguyên tổ chức chiếu bộ phim cách mạng “Mưa đỏ” phục vụ 67 phạm nhân đang chấp hành án tại Phân trại Quản lý phạm nhân.|1
21343|173|2026-07-08 15:03:01|2026-07-08 15:43:52|52451||Thực hiện Quyết định của Chủ tịch nước về đặc xá năm 2026, vừa qua, Công an xã Định Hóa, tỉnh Thái Nguyên đã tiếp nhận 01 công dân được đặc xá trở về địa phương. Đây là hoạt động thể hiện chính sách khoan hồng, nhân đạo của Đảng và Nhà nước đối với những n|1
21344|148|2026-07-08 15:14:32|2026-07-08 15:43:40|52454||Thực hiện các chủ trương, chỉ đạo của Đảng, Nhà nước, Bộ Công an và UBND tỉnh về xây dựng “xã, phường không ma túy” trên địa bàn tỉnh Tuyên Quang, giai đoạn 2025-2030, thời gian qua, Công an xã Giáp Trung đã chủ động triển khai đồng bộ nhiều biện pháp nghi|1
21345|147|2026-07-08 15:30:13|2026-07-08 16:04:55|52469||Ngày 17/06/2026, tại xã Lê Quý Đôn, UBND xã Lê Quý Đôn đã tổ chức lễ ra mắt mô hình “Hướng tới tương lai giúp đỡ người chấp hành xong án phạt tù, tái hòa nhập cộng đồng” trên địa bàn xã Lê Quý Đôn, tỉnh Hưng Yên.|1
21346|187|2026-07-08 15:39:02|2026-07-08 15:43:03|52457||Công an xã Hải An đẩy mạnh công tác hỗ trợ người chấp hành xong án phạt tù tiếp cận nguồn vốn tín dụng chính sách|1
21348|151|2026-07-08 16:01:29|2026-07-08 16:01:46|52463||Tiếp tục trao cơ hội, thắp niềm tin cho người tái hoà nhập cộng đồng|1
21349|143|2026-07-09 14:42:31|2026-07-09 17:53:28|52472||Hội nghị tuyên truyền pháp luật về phòng, chống ma túy và công tác tái hòa nhập cộng đồng năm 2026|1
21351|159|2026-07-09 15:54:48|2026-07-09 17:54:09|52481||Vừa qua, Công an phường Trường Vinh phối hợp với Trung tâm Tư vấn pháp luật - Hội Luật gia tỉnh Nghệ An tổ chức Hội nghị phổ biến, tư vấn pháp luật, trợ giúp pháp lý cho người chấp hành xong án phạt tù.|1
21352|179|2026-07-09 15:59:16|2026-07-09 17:53:56|52484||Công an xã Quảng Châu vừa tổ chức Lễ ra mắt mô hình dân vận khéo “Chung tay, đồng hành trong công tác tái hòa nhập cộng đồng” nhằm hỗ trợ những người lầm lỗi sớm ổn định cuộc sống.|1
21353|168|2026-07-09 16:03:03|2026-07-09 17:53:46|52487||Vừa qua, Công an phường Cửa Lò phối hợp với Trung tâm Tư vấn pháp luật - Hội Luật gia tỉnh Nghệ An ra mắt mô hình “Hỗ trợ nhóm cho người tái hòa nhập cộng đồng”; đồng thời phổ biến, tư vấn pháp luật, trợ giúp pháp lý cho người tái hòa nhập cộng đồng.|1
21354|99|2026-07-09 16:23:32|2026-07-09 17:53:37|52490||Ra mắt mô hình “Giáo dục, giúp đỡ người tái hòa nhập cộng đồng” tại xã Triệu Bình|1
21355|89|2026-07-10 10:41:01|2026-07-10 17:12:14|52493||Tư vấn pháp luật miễn phí cho người tái hòa nhập cộng đồng tại Đồng Sơn|1
21356|129|2026-07-10 10:45:39|2026-07-10 17:12:01|52496||Quảng Trạch tư vấn pháp luật cho người tái hòa nhập cộng đồng|1
21357|121|2026-07-10 10:52:04|2026-07-10 17:12:43|52499||Ra mắt mô hình “05 đồng hành” trong công tác tái hòa nhập cộng đồng|1
21358|146|2026-07-10 11:00:36|2026-07-10 17:12:26|52502||Xã A Dơi ra mắt mô hình “05 đồng hành” trong công tác tái hòa nhập cộng đồng|1
21359|145|2026-07-10 17:09:49|2026-07-10 17:42:00|52505|| Trao " Chìa khoá" cho người tái hoà nhập cộng đồng từ nguồn vốn chính sách|1
21360|16|2026-07-10 20:57:41|2026-07-13 10:30:52|52508||Công an xã Tân Bình hỗ trợ người tái hòa nhập cộng đồng tiếp cận nguồn vốn phát triển kinh tế|1
21361|60|2026-07-10 21:13:25|2026-07-13 10:33:11|52511||Sáng ngày 09/7/2026, tại Hà Nội, Bộ Công an tổ chức Hội nghị tập huấn chuyên sâu Luật Thi hành tạm giữ, tạm giam và cấm đi khỏi nơi cư trú năm 2025; Luật Thi hành án hình sự năm 2025 theo hình thức trực tiếp tại điểm cầu Bộ Công an và kết hợp trực tuyến đế|1
21362|78|2026-07-10 21:17:52|2026-07-13 10:32:47|52514||Ngày 10/7, Sở Giáo dục & Đào tạo (GD&ĐT) phối hợp với Công an TP. Huế, Trại giam Bình Điền tổ chức tư vấn, định hướng nghề nghiệp và giới thiệu việc làm cho các phạm nhân sắp chấp hành xong hình phạt tù năm 2026.|1
21363|92|2026-07-10 21:59:34|2026-07-13 10:32:33|52517||Sáng ngày 24/4/2026, UBND xã Đông Sơn đã tổ chức Hội nghị tiếp xúc, đối thoại trực tiếp giữa Chủ tịch UBND xã với người chấp hành xong án phạt tù trên địa bàn. Đây là hoạt động thiết thực do Công an xã tham mưu thực hiện, nhằm nắm bắt tâm tư, nguyện vọng v|1
21364|96|2026-07-13 09:02:39|2026-07-13 10:32:21|52523||Thông qua Dự án 'Phổ biến, tư vấn pháp luật cho phạm nhân và người chấp hành xong án phạt tù' (Giai đoạn III) do tổ chức Bread for the World tài trợ, Hội Luật gia tỉnh Quảng Trị đã triển khai nhiều hoạt động thiết thực nhằm hỗ trợ người chấp hành xong án p|1
21365|110|2026-07-13 09:13:38|2026-07-13 10:32:05|52526||Đồng hành hỗ trợ người chấp hành xong án phạt tù tái hòa nhập cộng đồng trên địa bàn phường Thanh Miếu|1
21366|114|2026-07-13 09:51:15|2026-07-13 10:31:54|52529||Tại phường Sơn Trà (TP Đà Nẵng), câu lạc bộ “Vững bước tiến lên” mới chỉ đưa vào hoạt động chưa đến 1 năm, đang thầm lặng lan tỏa những giá trị nhân văn, giúp nhiều người từng lầm lỡ có cơ hội làm lại cuộc đời. Không chỉ là một mô hình quản lý, đây còn là |1
21367|105|2026-07-13 10:04:06|2026-07-13 16:09:31|52538||www.youtube.com/watch?v=WKY3vS2qe1Q|1
21368|NULL|2026-07-13 10:06:48|2026-07-13 10:31:23|52535|||1
21369|NULL|2026-07-13 10:19:34|2026-07-13 10:31:12|52532|||1
21370|131|2026-07-13 16:19:55|2026-08-26 16:06:20|52541||Nhằm triển khai đồng bộ các quy định pháp luật mới, nâng cao chất lượng, hiệu quả công tác quản lý, thi hành tạm giữ, tạm giam, thi hành án hình sự trong lực lượng Công an nhân dân, sáng 13/7, Công an tỉnh đã tổ chức Hội nghị tập huấn Luật Thi hành tạm giữ|1
21371|NULL|2026-07-13 16:33:51|2026-07-30 10:28:21|52544||https://www.facebook.com/watch/?v=1213963807039214|0
21372|142|2026-07-13 16:46:01|2026-07-13 17:17:52|52547||Công an xã Ninh Sơn phối hợp tổ chức tuyên truyền phổ biến, giáo dục pháp luật cho người chấp hành xong án phạt tù năm 2026|1
21373|116|2026-07-13 16:51:15|2026-07-13 17:18:05|52550||Phước Dinh ra mắt Mô hình “Trạm Hy Vọng” – Chung tay hỗ trợ người sau cai nghiện, người chấp hành xong án phạt tù tái hòa nhập cộng đồng|1
21374|136|2026-07-13 17:02:49|2026-07-13 17:18:15|52553||Thực hiện các quy định về công tác tái hòa nhập cộng đồng đối với người chấp hành xong án phạt tù, thời gian qua, Công an xã Xuân Đường đã chủ động phối hợp với các doanh nghiệp đang hoạt động trên địa bàn nhằm khảo sát nhu cầu tuyển dụng lao động, tạo điề|1
21375|245|2026-07-13 18:01:40|2026-07-13 18:10:33|52556||Ngã rẽ hoàn lương của người đàn ông đất thép|1
21377|NULL|2026-07-14 09:43:33|2026-07-14 12:58:55|52562||Điểm tựa hoàn lương cơ hội cho những người lầm lỡ|1
21378|NULL|2026-07-14 09:44:05|2026-07-14 12:59:18|52565||Điểm tựa cho người hoàn lương|1
21379|NULL|2026-07-14 09:49:15|2026-07-14 12:59:29|52568||Hành trình trở lại ánh sáng|1
21380|NULL|2026-07-14 09:59:47|2026-07-14 12:59:58|52571||Từ chính sách nhân văn đến với những mái ấm thoát nghèo|1
21381|NULL|2026-07-14 10:15:59|2026-07-14 12:59:48|52574||Đồng hành với người hoàn lương tái hoà nhập cộng đồng|1
21382|NULL|2026-07-14 10:25:05|2026-07-14 12:59:38|52577||Trao sinh kế cho người chấp hành xong án phạt tù|1
21383|NULL|2026-07-14 10:30:31|2026-07-14 12:59:06|52580||Điểm tựa hoàn lương|1
21384|NULL|2026-07-14 10:36:47|2026-07-14 12:58:33|52583||Nâng cao hiệu quả công tác tái hoà nhập cộng đồng cho người chấp hành xong án phạt tù|1
21385|NULL|2026-07-14 10:39:47|2026-07-14 12:58:21|52586||Tiếp sức giúp người lầm lỗi có thêm điều kiện phát triển kinh tế, ổn định cuộc sống|1
21386|NULL|2026-07-14 14:21:22|2026-07-14 14:49:21|52589||Long Xuyên - Giải ngân 60 triệu đồng hỗ trợ 02 trường hợp người chấp hành xong án phạt tù|1
21387|NULL|2026-07-14 14:24:55|2026-07-14 14:49:09|52592||622 người chấp hành xong á.n ph.ạt t.ù được vay vốn.|1
21388|NULL|2026-07-14 14:33:37|2026-07-14 14:48:54|52595||Làm lại cuộc đời từ nguồn vốn tín dụng chính sách xã hội|1
21389|NULL|2026-07-14 14:40:43|2026-07-14 14:48:45|52598||Công an xã Chư Sê giúp đỡ người chấp hành xong án phạt tù vay vốn phát triển kinh tế, làm lại cuộc đời|1
21390|NULL|2026-07-14 14:47:32|2026-07-14 14:48:25|52601||Chuẩn bị hỗ trợ tái hòa nhập ngay từ khi thi hành án|1
21391|NULL|2026-07-14 15:05:47|2026-07-14 16:38:29|52604||Đồng hành, giúp đỡ những người lầm lỡ|1
21392|NULL|2026-07-14 15:15:45|2026-07-14 16:39:51|52607||Xã Krông Pắc giúp người lầm lỡ làm lại cuộc đời|1
21393|NULL|2026-07-14 15:42:27|2026-07-14 16:40:07|52610||Vốn vay ưu đãi tiếp sức người hoàn lương|1
21394|NULL|2026-07-14 15:49:56|2026-07-14 16:39:38|52613||Hiệu quả vốn vay đối với người chấp hành xong án phạt tù|1
21395|NULL|2026-07-14 15:53:45|2026-07-14 16:39:21|52616||Công an phường tuyên truyền pháp luật, hỗ trợ vay vốn cho người chấp hành xong án phạt tù và người sau cai nghiện ma túy|1
21396|NULL|2026-07-14 15:57:22|2026-07-14 16:39:07|52619||Vân Hồ ký kết chương trình phối hợp triển khai chính sách tín dụng đối với người chấp hành xong án phạt tù và người sau cai nghiệm ma túy.|1
21397|NULL|2026-07-14 16:00:17|2026-07-14 16:38:44|52622||Tuyên truyền chính sách tín dụng đối với người sau cai nghiện ma túy và người chấp hành xong án phạt tù.|1
21398|NULL|2026-07-14 16:04:58|2026-07-14 16:38:56|52625||Mở lối tương lai cho những người lầm lỡ|1
21399|NULL|2026-07-14 16:16:24|2026-07-14 16:38:17|52628||Thuận Nam ra mắt mô hình “Trạm hy vọng” hỗ trợ người hoàn lương tái hoà nhập cộng đồng.|1
21400|NULL|2026-07-14 16:20:36|2026-07-15 13:41:43|52631||Ra mắt mô hình Trạm hy vọng tại thôn Hiếu Lễ, xã Phước Hậu|1
21401|NULL|2026-07-14 16:30:37|2026-07-14 16:37:57|52634||Tạo điều kiện thuận lợi để người hoàn lương tiếp cận nguồn vốn ưu đãi.|1
21402|NULL|2026-07-14 19:46:29|2026-07-15 08:04:36|52637||Niềm hy vọng tái hòa nhập của những người được đặc xá.|1
21403|65|2026-07-14 20:02:46|2026-07-15 08:05:19|52640||Rời cánh cửa trại giam để trở về với gia đình và cộng đồng chưa bao giờ là hành trình dễ dàng đối với những người từng lầm lỗi. Ngoài khó khăn về việc làm, sinh kế, họ còn phải đối mặt với mặc cảm, tự ti và nỗi lo bị xã hội kỳ thị. Vì vậy, để tái hòa nhập |1
21404|155|2026-07-14 20:34:48|2026-07-14 20:46:25|52643||Thực hiện Kế hoạch số 149/KH-C11-NHCSXH ngày 26/6/2026 giữa Cục C11 (Bộ Công an) và Ngân hàng Chính sách xã hội (NHCSXH) Việt Nam, vừa qua, Đoàn kiểm tra liên ngành đã có buổi làm việc tại phường Thanh Thủy nhằm đánh giá tình hình triển khai và thực hiện Q|1
21405|141|2026-07-14 20:51:34|2026-07-15 08:05:07|52646|||1
21406|113|2026-07-14 21:06:03|2026-07-15 08:04:57|52649||Thực hiện Quyết định số 22/2023/QĐ-TTg của Thủ tướng Chính phủ về tín dụng đối với người chấp hành xong án phạt tù, cấp ủy, chính quyền và các tổ chức đoàn thể tỉnh cùng Ngân hàng Chính sách xã hội đã chủ động rà soát, hỗ trợ người đủ điều kiện tiếp cận ng|1
21407|60|2026-07-15 08:11:41|2026-07-15 13:38:21|52652||Cùng với việc được đặc xá, các phạm nhân được công nhận tốt nghiệp, cấp chứng chỉ Kỹ thuật trồng rau thuộc hệ đào tạo thường xuyên.|1
21408|NULL|2026-07-15 10:33:00|2026-07-15 13:38:36|52655||Bảo đảm tái hoà nhập cộng đồng đối với người chấp hành xong hình phạt tù|1
21409|21|2026-07-15 13:53:14|2026-07-15 16:15:16|52658||Phát huy hiệu quả ngồn vốn tín dụng ưu đãi dành cho người chấp hành xong án phạt tù trên địa bàn phường Phước Long.|1
21410|NULL|2026-07-15 13:58:08|2026-07-15 16:16:09|52661||Sáng 28/4, tại Trại tạm giam Công an thành phố, Sở Giáo dục và Đào tạo phối hợp với Công an thành phố tổ chức hội nghị tư vấn, định hướng nghề nghiệp và giới thiệu việc làm cho phạm nhân sắp chấp hành xong án phạt tù năm 2026.|1
21411|21|2026-07-15 14:06:35|2026-07-15 16:18:05|52664||Việc triển khai hiệu quả nguồn vốn tín dụng chính sách tại Ninh Bình đang phát huy vai trò quan trọng trong hỗ trợ người chấp hành xong án phạt tù và người sau cai nghiện ma túy tạo sinh kế, ổn định cuộc sống.|1
21412|20|2026-07-15 14:12:56|2026-07-15 16:16:18|52667||Chiều 12/6/2026, Công an phường Hoài Nhơn Đông tham mưu Chủ tịch UBND phường tổ chức Hội nghị gặp mặt người chấp hành xong án phạt tù, người có liên quan đến việc sử dụng ma tuý năm 2026.|1
21413|35|2026-07-15 14:43:51|2026-07-15 16:17:42|52670|||1
21414|54|2026-07-15 14:52:04|2026-07-15 16:17:09|52673||Thực hiện chủ trương của Đảng và Nhà nước về công tác tái hòa nhập cộng đồng, tạo điều kiện cho người chấp hành xong án phạt tù, người được đặc xá và người sau cai nghiện ma túy ổn định cuộc sống, phát triển kinh tế, giảm nguy cơ tái phạm và vi phạm pháp l|1
21415|NULL|2026-07-15 15:22:08|2026-07-15 16:17:31|52676||Chương trình cho vay đối với người chấp hành xong án phạt tù - Đồng hành cùng hành trình tái hòa nhập cộng đồng.|1
21416|75|2026-07-15 15:27:16|2026-07-15 16:17:20|52679||‎Thực hiện Quyết định của Thủ tướng Chính phủ về tín dụng đối với người chấp hành xong án phạt tù, sáng ngày 6/7/2026, Công an phường Long Xuyên phối hợp cùng các ban, ngành, đoàn thể phường và Phòng giao dịch Ngân hàng chính sách xã hội Long Xuyên tiến hà|1
21417|140|2026-07-15 15:32:20|2026-07-15 16:17:00|52682||Ngày 06/7/2026, Phân trại tạm giam Sơn Hà thuộc Trại Tạm giam số 1, Công an tỉnh Quảng Ngãi đã tiếp nhận lá thư cảm ơn đầy xúc động của anh Bùi Trần Anh Khoa (sinh năm 2007, trú tại thôn 4, xã Vạn Tường, tỉnh Quảng Ngãi) sau khi chấp hành xong án phạt tù t|1
21418|133|2026-07-15 15:36:54|2026-07-15 16:16:27|52685||Công an xã Thung Nai triển khai hiệu quả chính sách tín dụng cho người chấp hành xong án phạt tù|1
21419|123|2026-07-15 15:47:12|2026-07-15 16:16:45|52688||Chiều 9/7, Công an tỉnh Cà Mau và Chi nhánh Ngân hàng Chính sách xã hội tỉnh tổ chức Lễ ký kết Chương trình phối hợp triển khai thực hiện Quyết định số 22/2023/QĐ-TTg ngày 17/8/2023 của Thủ tướng Chính phủ về tín dụng đối với người chấp hành xong án phạt t|1
21420|NULL|2026-07-15 15:50:13|2026-07-15 16:15:56|52691||Người chấp hành xong án phạt tù có thể được vay vốn tối đa là 200 triệu đồng để sản xuất, kinh doanh, tạo việc làm và vay vốn đi làm việc ở nước ngoài theo hợp đồng.|1
21421|156|2026-07-15 15:58:26|2026-07-15 16:15:38|52694||Hàng năm, xã Chư Sê, tỉnh Gia Lai có khoảng từ 05 đến 10 người chấp hành xong án phạt tù trở về địa phương sinh sống. Thực tế cho thấy, phần lớn người sau khi chấp hành xong án phạt tù trở về địa phương đều gặp khó khăn về tâm lý, mặc cảm tự ti, thiếu vốn,|1
21422|106|2026-07-15 16:07:47|2026-07-15 16:15:25|52697||Lan tỏa giá trị nhân văn từ mô hình “Hành trình hoàn lương - Kết nối yêu thương” tại phường Hải Vân.|1
21423|157|2026-07-16 11:11:09|2026-07-16 12:17:12|52700||Qua kiểm tra tại TP Huế, đoàn liên ngành Bộ Công an và Ngân hàng Chính sách xã hội (NHCSXH) Việt Nam ghi nhận nhiều kết quả tích cực trong triển khai chính sách tín dụng đối với người chấp hành xong án phạt tù.|1
21424|128|2026-07-16 11:19:22|2026-07-16 12:17:02|52703||Giúp người chấp hành xong án phạt tù ổn định cuộc sống không chỉ thể hiện chính sách nhân văn của Đảng và Nhà nước mà còn là giải pháp quan trọng để phòng ngừa tội phạm ngay từ cơ sở. Với vai trò nòng cốt của lực lượng Công an cùng sự vào cuộc của cả hệ th|1
21425|125|2026-07-16 12:15:15|2026-07-16 12:16:51|52706||Nhằm nâng cao hiệu quả phong trào toàn dân bảo vệ an ninh Tổ quốc và xây dựng các mô hình tự quản phù hợp với tình hình thực tiễn, Công an xã Tiền Hải đã chủ động tham mưu UBND xã triển khai, duy trì và nâng cao chất lượng hoạt động của các mô hình bảo đảm|1
21426|155|2026-07-16 15:28:43|2026-07-16 15:33:19|52709||Công an tỉnh Lâm Đồng sơ kết công tác quản lý giam giữ, thi hành án hình sự và hỗ trợ tư pháp 6 tháng đầu năm 2026|1
21427|135|2026-07-16 15:39:13|2026-07-16 16:02:48|52712||Nguồn vốn vay theo Quyết định số 22/2023/QĐ-TTg của Thủ tướng Chính phủ về tín dụng đối với người chấp hành xong án phạt tù (Quyết định 22) đã mang đến cơ hội cho những người từng lầm lỡ có điều kiện để phát triển sản xuất, tạo lập việc làm và vững bước tr|1
21428|180|2026-07-17 17:12:03|2026-07-20 17:45:01|52715||Đặc xá tha tù trước thời hạn cho phạm nhân thể hiện chính sách khoan hồng, đặc biệt của Đảng, Nhà nước, là truyền thống nhân đạo của dân tộc Việt Nam đối với người phạm tội bị kết án phạt tù đã thực sự cải tạo tiến bộ, khuyến khích họ ăn năn, hối cải, tích|1
21429|125|2026-07-17 17:40:33|2026-07-20 17:48:46|52718||Vừa qua,UBND đặc khu Vân Đồn phối hợp với Trung tâm Dịch vụ việc làm tỉnh Quảng Ninh tổ chức Ngày hội việc làm năm 2026, thu hút sự tham gia của nhiều doanh nghiệp và đông đảo người lao động trên địa bàn.|1
21430|NULL|2026-07-17 17:44:13|2026-07-20 17:47:23|52721||Thời gian qua, Công an phường Móng Cái 3 đã chủ động triển khai đồng bộ các biện pháp nhằm tăng cường công tác điểm danh, kiểm diện, quản lý, giám sát và giáo dục người chấp hành án hình sự tại cộng đồng; đảm bảo quản lý chặt chẽ, đúng quy trình, quy định |1
21431|172|2026-07-17 18:01:18|2026-07-20 15:12:43|52724||Chiều ngày 16/7/2026, Trại Tạm giam số 1 Công an thành phố Đà Nẵng tổ chức Hội nghị đối thoại giữa Giám thị Trại với phạm nhân đang chấp hành án, lần thứ I năm 2026.|1
21432|84|2026-07-20 14:02:43|2026-07-20 15:14:08|52727||Trở về sau lầm lỡ, rào cản lớn nhất người chấp hành xong án phạt tù không chỉ là sinh kế mà còn là những định kiến và sự mơ hồ về pháp lý. Nhằm tháo gỡ nút thắt này, Hội Luật gia tỉnh Nghệ An tổ chức hội nghị tư vấn đặc biệt, mở ra hành trình làm lại cuộc |1
21433|121|2026-07-20 14:12:32|2026-07-20 15:13:52|52730||Tái hòa nhập cộng đồng là chủ trương mang ý nghĩa nhân văn sâu sắc, thể hiện chính sách khoan hồng của Đảng và Nhà nước, tạo điều kiện để người chấp hành xong án phạt tù sửa chữa lỗi lầm, ổn định cuộc sống và trở thành những công dân có ích cho xã hội.|1
21434|NULL|2026-07-20 14:29:01|2026-07-20 17:39:09|52733||Thực hiện các chủ trương, chính sách của Đảng, Nhà nước về công tác thi hành án hình sự tại cộng đồng và tái hòa nhập cộng đồng đối với những người chấp hành xong án phạt tù, trong thời gian qua, Công an xã Mù Cả đã triển khai nhiều biện pháp tuyên truyền,|1
21435|84|2026-07-20 14:39:34|2026-07-20 15:13:27|52736||Sáng 15/7/2026, UBND xã QNgọk Bay tổ chức Hội nghị ra mắt mô hình “Cánh cửa xanh” nhằm nâng cao hiệu quả công tác quản lý, giáo dục, giúp đỡ người chấp hành xong án phạt tù tái hòa nhập cộng đồng. Mô hình thể hiện sự chung tay của cả hệ thống chính trị, cá|1
21436|98|2026-07-20 14:56:49|2026-07-20 15:13:17|52739||Ngày 16/7/2026, Công an tỉnh Hưng Yên tổ chức hội nghị sơ kết công tác quản lý thi hành tạm giữ, tạm giam và cấm đi khỏi nơi cư trú; thi hành án hình sự và hỗ trợ tư pháp 6 tháng đầu năm 2026; triển khai phương hướng, nhiệm vụ trọng tâm 6 tháng cuối năm 20|1
21437|110|2026-07-20 15:04:40|2026-07-20 15:13:03|52742||Công an phường Vĩnh Phúc tích cực quản lý, giáo dục, giúp đỡ người được đặc xá tái hòa nhập cộng đồng.|1
21438|NULL|2026-07-20 15:10:43|2026-07-20 15:21:00|52745||Giới thiệu chương trình gặp mặt, biểu dương các gương điển hình trong tái hòa nhập cộng đồng với chủ đề "Ánh sáng ngày trở về"|1
21439|NULL|2026-07-20 16:52:43|2026-07-20 17:33:37|52748||Trao niềm tin tạo dựng cuộc sống|1
21440|NULL|2026-07-20 17:13:42|2026-07-20 17:33:47|52751||“Viết tiếp ước mơ - Kiến tạo cuộc sống”|1
21441|126|2026-07-20 20:58:13|2026-07-20 20:58:13|52754||Nhằm thực hiện hiệu quả công tác tái hòa nhập cộng đồng (THNCĐ) đối với người chấp hành xong hình phạt tù (CHXHPT) trên địa bàn tỉnh. Thời gian qua, Công an tỉnh Bắc Ninh đã chủ động tham mưu với UBND tỉnh chỉ đạo ban hành Đề án “nâng cao chất lượng, hiệu |1
21442|119|2026-07-21 09:31:08|2026-07-21 14:51:03|52757||Đối với nhiều người chấp hành xong án phạt tù, hành trình trở về cộng đồng luôn đối mặt với không ít khó khăn như thiếu việc làm, thiếu vốn sản xuất và mặc cảm với quá khứ. Nhằm tạo điều kiện để những người biết hối cải có cơ hội làm lại cuộc đời, ngày 17/|1
21443|164|2026-07-21 09:53:13|2026-07-21 14:50:51|52760||Chiều 20/7, tại Trung tâm Hội nghị tỉnh, Ủy ban nhân dân tỉnh Vĩnh Long tổ chức chương trình gặp mặt, biểu dương gương điển hình trong tái hòa nhập cộng đồng năm 2026 với chủ đề “Ánh sáng ngày trở về”. Đây là hoạt động ý nghĩa nhằm tôn vinh những nỗ lực vư|1
21444|119|2026-07-21 10:14:33|2026-07-21 14:50:36|52763||Công tác tái hòa nhập cộng đồng là nhiệm vụ chính trị quan trọng, lâu dài của cấp ủy, chính quyền địa phương, trong đó lực lượng Công an phường giữ vai trò nòng cốt, xuyên suốt. Việc chủ động tham mưu, tổ chức thực hiện hiệu quả chính sách hỗ trợ vay vốn, |1
21445|157|2026-07-21 10:30:57|2026-07-21 14:50:26|52766||Trên địa bàn xã Hiệp Hòa, hiện nay có 214 người chấp hành xong án phạt tù và 49 người đặc xá tha tù trước thời hạn. Để tăng cường công tác quản lý, giáo dục, giúp đỡ người chấp hành xong án phạt tù, người đặc xá về địa phương tái hòa nhập cộng đồng, Công a|1
21446|805|2026-07-21 14:48:11|2026-07-21 14:54:39|52769||Phòng Cảnh sát thi hành án hình sự và hỗ trợ tư pháp Công an tỉnh Đồng Tháp tổ chức Hội nghị sơ kết 6 tháng công tác thi hành án hình sự và hỗ trợ tư pháp|1
21447|172|2026-07-21 15:54:06|2026-07-21 16:40:23|52772|| Nhằm thực hiện tốt chính sách nhân đạo của Đảng và Nhà nước, đồng thời giúp đỡ những người từng lầm lỡ sớm ổn định cuộc sống và tái hòa nhập cộng đồng, UBND và Công an phường Hiệp Hòa đã phối hợp rà soát, lập danh sách các trường hợp đủ điều kiện tiếp cận|1
21448|151|2026-07-23 19:53:48|2026-07-27 08:21:48|52775||Thực hiện Quyết định số 22/2023/QĐ-TTg ngày 17/8/2023 của Thủ tướng Chính phủ về tín dụng đối với người chấp hành xong án phạt tù, trong 6 tháng đầu năm 2026, Công an tỉnh Lạng Sơn đã chủ động tham mưu cấp ủy, chính quyền địa phương triển khai đồng bộ các |1
21449|167|2026-07-24 11:22:34|2026-07-27 08:22:04|52778||Thực hiện phân công của đồng chí Phó Giám đốc, Thủ trưởng, chiều ngày 23/7/2026 Cơ quan Thi hành án hình sự Công an thành phố Đà Nẵng tổ chức họp xét giảm thời hạn chấp hành án cho người đang thi hành án hình sự tại cộng đồng trên địa bàn nhân dịp Quốc khá|1
21451|63|2026-07-26 10:12:23|2026-07-27 08:24:17|52787||Công an phường An Bình phối hợp tổ chức chương trình “Gặp gỡ để phổ biến pháp luật cho người dưới 18 tuổi; người chấp hành xong án phạt tù; người sử dụng trái phép chất ma túy; người quản lý sau cai nghiện trên địa bàn phường An Bình năm 2026”.|1
21452|41|2026-07-27 09:38:06|2026-07-27 14:22:21|52790||Tính đến thời điểm hiện tại, toàn tỉnh Nghệ An có 4.475 người chấp hành xong hình phạt tù, trong số đó có không ít người là phụ nữ, người trong độ tuổi thanh niên. Nhằm tạo điều kiện thuận lợi để họ sớm tái hoà nhập cộng đồng, Lực lượng Công an xã đã phối |1
21453|NULL|2026-07-27 09:52:27|2026-07-27 14:22:56|52793||Nẻo về rộng mở|1
21454|56|2026-07-27 10:25:37|2026-07-27 14:22:31|52796||Công an xã Đô Lương tổ chức Hội nghị tuyên truyền pháp luật và phổ biến Quyết định số 22 của Thủ tướng Chính phủ về tín dụng đối với người chấp hành xong án phạt tù|1
21455|72|2026-07-27 10:51:01|2026-07-27 14:22:07|52799||Ngày 21/7/2026, Công an tỉnh Quảng Ngãi Tổ chức Hội ý nghiệp vụ công tác tạm giữ, tạm giam, thi hành án hình sự, tái hòa nhập cộng đồng, hỗ trợ tư pháp và quản lý kho vật chứng 6 tháng đầu năm 2026, đồng chí Đại tá Lê Xuân Hưng, Phó Giám đốc Công an tỉnh d|1
21456|115|2026-07-27 11:04:58|2026-07-27 14:21:56|52802||Ngày 22/07/2026, Công an tỉnh Thái Nguyên đã tổ chức hội nghị sơ kết công tác thi hành án hình sự tại cộng đồng và tái hòa nhập cộng đồng 6 tháng đầu năm 2026. Đồng chí Đại tá Dương Đình Thành, Ủy viên Ban Thường vụ Đảng ủy, Phó Giám đốc, Thủ trưởng Cơ qua|1
21457|68|2026-07-27 12:00:37|2026-07-27 14:21:43|52805||Công an các xã An Phước, Bình An, Long Phước, Phước Thái, phường Long Thành và Ngân hàng Chính sách xã hội Long Thành đã tổ chức Hội nghị ký kết Chương trình phối hợp trong công tác bảo đảm an ninh, trật tự và triển khai thực hiện tín dụng chính sách xã hộ|1
21458|71|2026-07-27 12:10:53|2026-07-27 14:21:31|52808||Phường Mỹ Tho tổ chức Hội nghị triển khai kế hoạch tiếp nhận, quản lý, giáo dục người chấp hành xong án phạt tù và ra mắt mô hình Câu lạc bộ "Cùng Tiến"|1
21459|467|2026-07-27 14:20:17|2026-07-27 14:21:21|52811||Chung tay hỗ trợ người chấp hành xong án phạt tù tái hòa nhập cộng đồng thông qua tư vấn nghề, giới thiệu việc làm.|1
21460|135|2026-07-27 15:26:07|2026-07-27 15:26:47|52814||Xã Điện Bàn Tây trao cơ hội, thắp niềm tin cho người tái hòa nhập cộng đồng|1
21461|85|2026-07-27 15:36:06|2026-07-27 15:42:19|52817||Kiểm tra, hướng dẫn công tác thi hành án hình sự và tái hòa nhập cộng đồng tại Công an cấp xã|1
21462|78|2026-07-27 16:21:34|2026-07-27 17:17:49|52820||Vai trò của Phòng Cảnh sát thi hành án hình sự và hỗ trợ tư pháp trong công tác phòng chống tội phạm 6 tháng đầu năm 2026|1
21463|160|2026-07-27 16:28:09|2026-07-27 17:18:22|52823||Điểm mới trong Nghị định số 247/2026/NĐ-CP của Chính phủ về công tác tái hòa nhập cộng đồng được xem xét vay vốn để đi làm việc ở nước ngoài|1
21464|143|2026-07-27 16:53:09|2026-07-27 17:23:10|52826||Chung tay mở lối hoàn lương - Công an phường Đông Quang đồng hành cùng người chấp hành án hình sự tại cộng đồng|1
21465|120|2026-07-27 17:13:29|2026-07-27 17:18:02|52829||Tuyên truyền, phổ biến pháp luật và tư vấn pháp lý cho người tái hoà nhập cộng đồng.|1
21466|69|2026-07-27 21:06:45|2026-07-27 21:06:49|52832||Nhân dịp kỷ niệm 79 năm Ngày Thương binh – Liệt sĩ (27/7/1947 – 27/7/2026), Công an xã Cẩm Xuyên (tỉnh hà tĩnh) đã tổ chức cho thanh niên chấp hành án hình sự tại cộng đồng và thanh niên thuộc diện quản lý, giáo dục tham gia tổng dọn vệ sinh, chỉnh trang N|1
21467|96|2026-07-28 09:01:04|2026-07-28 14:46:37|52835||Từ nguồn vốn chính sách, những người chấp hành xong án phạt tù trở về địa phương có thêm điều kiện sản xuất, vươn lên trong cuộc sống.|1
21468|90|2026-07-28 09:13:02|2026-07-28 14:47:16|52838||Nhằm nâng cao hiệu quả công tác phòng ngừa, đấu tranh với các loại tội phạm đặc biệt là tội phạm về ma túy góp phần xây dựng phường An Bình không ma túy; với tinh thần thi đua “Ba nhất: Kỷ luật nhất - Trung thành nhất - Gần dân nhất”, Công an phường An Bìn|1
21469|130|2026-07-28 14:35:26|2026-07-28 14:47:05|52841||Ngày 18/7/2026, Công an thành phố Cần Thơ tổ chức lớp tập huấn chuyên sâu về công tác thi hành án hình sự tại cộng đồng và tái hòa nhập cộng đồng năm 2026. Hoạt động nhằm kịp thời triển khai thực hiện Luật Thi hành án hình sự năm 2025 cùng các thông tư, vă|1
21470|451|2026-07-28 14:44:39|2026-07-28 14:46:55|52844||Tăng cường cụ thể hoá Luật Thi hành án hình sự năm 2025 vào thực tiễn cuộc sống|1
21471|102|2026-07-29 14:40:45|2026-07-29 16:39:03|52847||Thực hiện Quyết định số 22/2023/QĐ-TTg ngày 17/8/2023 của Thủ tướng Chính phủ về chính sách tín dụng đối với người chấp hành xong án phạt tù, thời gian qua, Công an phường Liên Hòa đã chủ động phối hợp với các ban, ngành, đoàn thể và Ngân hàng Chính sách x|1
21472|109|2026-07-29 17:17:24|2026-07-29 17:31:18|52850||Công an TP. Hồ Chí Minh tổ chức khai mạc Hội nghị tập huấn công tác thi hành án hình sự và tái hòa nhập cộng đồng năm 2026|1
21473|208|2026-07-30 14:49:22|2026-07-30 15:00:25|52853||Thông qua bài viết, tác giả khẳng định công tác tái hòa nhập cộng đồng (THNCĐ) đối với người chấp hành xong án phạt tù là một trong những nội dung quan trọng của chính sách hình sự nhân đạo của Đảng và Nhà nước ta, có ý nghĩa trực tiếp đối với công tác phò|1
21474|150|2026-07-30 16:03:27|2026-07-30 16:40:20|52856||Nhằm giúp người chấp hành xong án phạt tù tiếp cận đầy đủ chính sách tín dụng ưu đãi của Chính phủ, chiều 28/7, UBND xã Châu Đức (TP.HCM) tổ chức hội nghị triển khai mô hình dân vận "Thắp sáng niềm tin" đối với người tái hòa nhập cộng đồng.|1
21475|142|2026-07-30 16:16:07|2026-07-30 16:40:53|52859||Hỗ trợ người chấp hành xong án phạt tù, người được đặc xá vay vốn - Mở lối tái hòa nhập cộng đồng.|1
21476|128|2026-07-30 16:24:11|2026-07-30 16:40:36|52862||Phòng giao dịch NHCSXH Lộc Ninh giải ngân vốn vay cho người chấp hành xong án phạt tù tại xã Lộc Tấn.|1
21477|475|2026-08-01 12:18:12|2026-08-03 09:14:05|52865||Sáng ngày 01/8/2026, Công an thành phố Huế tổ chức Hội nghị tập huấn chuyên sâu về công tác thi hành án hình sự, thi hành tạm giữ, tạm giam, biện pháp ngăn chặn cấm đi khỏi nơi cư trú và công tác số hóa hồ sơ, tài liệu cho lực lượng Công an cấp xã. Hội ngh|1
21479|133|2026-08-03 09:43:42|2026-08-03 09:56:27|52871||Nhằm nâng cao hiệu quả công tác quản lý, giáo dục, giúp đỡ người chấp hành xong án phạt tù trở về địa phương ổn định cuộc sống, phòng ngừa tái phạm, góp phần bảo đảm an ninh, trật tự trên địa bàn, sáng ngày 31/7/2026, Công an phường Hương Trà, TP Đà Nẵng đ|1
21480|68|2026-08-03 13:59:37|2026-08-04 23:30:05|52874||Chung tay mở rộng những cánh cửa tái hòa nhập cộng đồng|1
21481|64|2026-08-03 15:58:35|2026-08-04 23:30:49|52877||Cơ quan Thi hành án hình sự Công an tỉnh Ninh Bình họp xét, đề nghị giảm, miễn thời hạn chấp hành án hình sự đối với người thi hành án hình sự tại cộng đồng, giảm thời hạn chấp hành án phạt tù đối với phạm nhân đợt 02/9/2026.|1
21482|74|2026-08-03 16:13:58|2026-08-04 23:31:12|52880||Công an phường Thanh Khê siết chặt công tác quản lý người chấp hành án hình sự tại cộng đồng và cấm đi khỏi nơi cư trú.|1
21483|57|2026-08-03 16:26:54|2026-08-04 23:32:17|52883||Trại Tạm giam số 2, Công an thành phố Đà Nẵng tổ chức tuyên truyền pháp luật về phòng chống ma túy cho phạm nhân.|1
21484|63|2026-08-03 21:31:48|2026-08-04 23:33:21|52886||Công an xã ra mắt mô hình dân vận khéo trong công tác tái hòa nhập cộng đồng và thi hành án hình sự tại cộng đồng.|1
21485|67|2026-08-03 21:51:18|2026-08-05 00:17:34|52889||Công an xã Tam Đồng tổ chức Hội nghị tuyên truyền, phổ biến giáo dục pháp luật, tư vấn việc làm, hỗ trợ vay vốn đối với người chấp hành án hình sự tại cộng đồng và tái hòa nhập cộng đồng năm 2026.|1
21486|NULL|2026-08-03 22:00:38|2026-08-05 15:52:22|52892||UBND phường Tân An, thành phố Cần Thơ thành lập mô hình và Ban Chỉ đạo thực hiện mô hình “Cảm hóa, giáo dục người chấp hành xong án phạt tù tái hòa nhập cộng đồng”, nhằm tăng cường sự phối hợp giữa lực lượng Công an, các ban, ngành, đoàn thể, gia đình và đ|1
21487|NULL|2026-08-04 08:53:31|2026-08-05 15:52:00|52895||Nhằm thực hiện hiệu quả công tác thi hành án hình sự tại cộng đồng và công tác tái hòa nhập cộng đồng đối với người chấp hành xong án phạt tù, thời gian qua, Công an xã Ngọc Lâm đã phối hợp với chính quyền cơ sở thôn tổ chức các buổi gặp gỡ đối với các gia|1
21488|NULL|2026-08-04 09:02:57|2026-08-05 15:51:24|52898||Công tác tái hòa nhập cộng đồng đối với người chấp hành xong hình phạt tù có ý nghĩa quan trọng trong phòng ngừa tái phạm, bảo đảm an ninh, trật tự, đồng thời thể hiện chính sách nhân văn, nhân đạo của Đảng và Nhà nước. Thời gian qua, Công an xã Phú Hòa 2 |1
21489|NULL|2026-08-04 09:22:13|2026-08-05 15:51:02|52901||Ra mắt mô hình “Bạn giúp bạn” – Chung tay tiếp sức người hoàn lương tái hoà nhập cộng đồng.|1
21490|1|2026-08-04 10:23:47|2026-08-05 15:50:47|52904||Ngày 31/7, Công an phường Đông Sơn đã tham mưu UBND phường tổ chức Hội nghị tuyên truyền, phổ biến, giáo dục pháp luật; trợ giúp tâm lý, hỗ trợ các thủ tục pháp lý trong công tác thi hành án hình sự tại cộng đồng và tái hòa nhập cộng đồng, đồng thời đánh g|1
21491|1|2026-08-04 10:58:12|2026-08-05 15:50:33|52907||Nhiều người chấp hành xong án phạt tù sau khi được vay vốn theo Quyết định số 22/2023/QĐ-TTg của Thủ tướng Chính phủ (viết tắt là Quyết định số 22) đã giúp họ ổn định cuộc sống, vươn lên làm ăn chính đáng. Qua đó góp phần thực hiện hiệu quả công tác phòng |1
21492|2|2026-08-04 14:22:41|2026-08-05 15:50:12|52910||Ngày 30/7, UBND xã Bình Minh, TP. Đồng Nai phối hợp với Phòng Cảnh sát Thi hành án hình sự và Hỗ trợ tư pháp, Công an thành phố Đồng Nai tổ chức Hội nghị ra mắt mô hình “Tình người trong tôi” trong công tác quản lý, giám sát, giáo dục và giúp đỡ người chấp|1
21493|2|2026-08-04 14:40:14|2026-08-05 15:49:58|52913||Thời gian qua, công tác xây dựng và củng cố lực lượng nòng cốt tham gia bảo vệ an ninh, trật tự (ANTT) tại địa phương luôn được chú trọng triển khai đồng bộ, tạo nền tảng vững chắc cho công tác giữ gìn trật tự an toàn xã hội ngay từ địa bàn dân cư.|1
21494|2|2026-08-04 14:56:33|2026-08-05 15:49:40|52916||Mỗi con người đều có thể mắc sai lầm, nhưng điều quan trọng là biết nhìn nhận lỗi lầm, quyết tâm sửa chữa để làm lại cuộc đời. Với phương châm lấy giáo dục, cảm hóa làm trọng tâm trong công tác thi hành án hình sự, Trại tạm giam số 2, Công an tỉnh Lâm Đồng|1
21495|5|2026-08-04 15:02:49|2026-08-05 15:49:24|52919||Công an phường Trung Sơn tham mưu và phối hợp triển khai thực hiện tốt công tác quản lý, giáo dục, giúp đỡ người chấp hành xong án phạt tù tái hòa nhập cộng đồng trên địa bàn.|1
21496|2|2026-08-04 15:57:17|2026-08-05 15:49:07|52922||áng ngày 25/02/2026, Công an phường Bãi Cháy tổ chức Hội nghị triển khai mô hình “Chi hội cựu Công an nhân dân xung kích trong công tác quản lý, giám sát, giáo dục, giúp đỡ người chấp hành xong án phạt tù, người được đặc xá trên địa bàn phường Bãi Cháy” nh|1
21497|2|2026-08-04 16:02:51|2026-08-05 15:48:49|52925||Thực hiện Đề án sắp xếp, tinh gọn các hội quần chúng do Đảng, Nhà nước giao nhiệm vụ, Quảng Ninh đã giảm từ 13 xuống còn 10 tổ chức hội. Việc sắp xếp không chỉ tinh gọn đầu mối, bộ máy, mà còn tạo điều kiện đổi mới phương thức hoạt động, nâng cao hiệu quả |1
21499|2|2026-08-04 16:13:43|2026-08-05 15:48:29|52928||Nhằm góp phần bảo đảm tình hình an ninh trật tự trên địa bàn, thời gian qua, Công an xã Ia Sao đã triển khai đồng bộ nhiều biện pháp trong công tác quản lý, giúp đỡ người chấp hành xong án phạt tù trở về địa phương, trong đó chú trọng thực hiện hiệu quả cô|1
21500|32|2026-08-04 16:28:49|2026-08-05 15:48:04|52931||Chủ tịch UBND tỉnh Phạm Hoàng Sơn vừa ký ban hành Kế hoạch số 287/KH-UBND triển khai thực hiện Nghị định số 247/2026/NĐ-CP ngày 29/6/2026 của Chính phủ quy định về công tác tái hòa nhập cộng đồng trên địa bàn tỉnh.|1
21501|18|2026-08-04 16:34:19|2026-08-05 15:47:45|52934||Ngày 17/7/2026, Công an phường Hội Phú phối hợp với Đảng ủy, UBND phường, Ngân hàng Chính sách xã hội, Ban Chỉ huy Quân sự phường và Ban quân dân chính các tổ dân phố tổ chức Hội nghị gặp mặt những người chấp hành xong án phạt tù, tái hòa nhập cộng đồng tr|1
21503|22|2026-08-05 08:23:01|2026-08-05 15:47:27|52940||Tổ chức Hội nghị tập huấn về pháp luật, công tác thi hành án hình sự tại cộng đồng và tái hòa nhập cộng đồng năm 2026.|1
21504|69|2026-08-05 08:32:46|2026-08-05 15:47:08|52943||Luật Thi hành án hình sự năm 2025 chính thức có hiệu lực từ ngày 01/7/2026, với nhiều quy định mới nhằm nâng cao hiệu quả công tác thi hành án hình sự, quản lý, giáo dục người chấp hành án tại cộng đồng và hỗ trợ tái hòa nhập cộng đồng. Để bảo đảm việc tri|1
21505|89|2026-08-05 08:59:37|2026-08-05 15:46:46|52946||Pháp luật Việt Nam nghiêm minh nhưng cũng luôn thể hiện tính nhân văn sâu sắc đối với người tái hòa nhập cộng đồng. Và chính sự tha thứ, chính vòng tay mở rộng từ gia đình, cộng đồng, cán bộ trại giam đã góp phần làm nên điều kì diệu, khơi lại niềm tin, th|1
21506|90|2026-08-05 10:07:56|2026-08-05 15:46:28|52949||Sáng ngày 30/7/2026, Công an xã, UBND xã Tủa Sín Chải đã tham mưu cho UBND xã tổ chức thành công Hội nghị ra mắt mô hình “Gương điển hình tiên tiến trong tái hoà nhập cộng đồng” nhằm tăng cường công tác quản lý, giáo dục, giúp đỡ người chấp hành xong án ph|1
21507|60|2026-08-05 10:21:14|2026-08-05 15:46:08|52952||Từ ngày 25/5/2026 đến ngày 03/6/2026, Công an xã Khoen On đã tập trung triển khai đồng bộ các biện pháp quản lý, gọi hỏi, răn đe, giáo dục đối với 90 trường hợp chấp hành xong án phạt tù trở về địa phương.|1
21508|82|2026-08-05 10:26:28|2026-08-05 15:45:46|52955||Thực hiện công tác quản lý, giáo dục, giúp đỡ người chấp hành xong án phạt tù tái hòa nhập cộng đồng, ngày 31/3/2026, Công an xã Than Uyên phối hợp Trung tâm Tư vấn pháp luật (Hội Luật gia tỉnh Lai Châu) tổ chức Hội nghị phổ biến, tư vấn pháp luật cho các |1
21510|89|2026-08-05 14:27:43|2026-08-05 15:45:01|52958||Từng có một quá khứ lầm lỗi, anh Nguyễn Quang Hùng ở xã Ea Na từng nghĩ cánh cửa tương lai đã khép lại. Thế nhưng, bằng ý chí vươn lên, sự nỗ lực không ngừng của bản thân cùng sự quan tâm, giúp đỡ của cấp ủy, chính quyền địa phương và lực lượng Công an xã |1
21512|69|2026-08-05 14:54:02|2026-08-07 14:57:34|52976||Nhằm phát huy vai trò của cả hệ thống chính trị và Nhân dân trong hỗ trợ người chấp hành xong án phạt tù, người được đặc xá, người chấp hành xong các biện pháp xử lý hành chính trở về địa phương tái hòa nhập cộng đồng, Công an xã Kim Bảng vừa tổ chức Lễ ra|1
21513|1434|2026-08-05 15:10:14|2026-08-05 15:51:37|52964||Phòng giao dịch NHCSXH Hương Trà (thành phố Huế) phối hợp với Công an phường Kim Trà tổ chức Hội nghị tuyên truyền, phổ biến chính sách tín dụng ưu đãi đối với người chấp hành xong án phạt tù theo Quyết định số 22/2023/QĐ-TTg của Thủ tướng Chính phủ |1
21515|73|2026-08-05 16:03:43|2026-08-07 08:02:19|52973||Sáng 5/8, phường Ngô Quyền sơ kết công tác phòng, chống ma túy 6 tháng đầu năm 2026; việc thực hiện mô hình “Toàn dân phòng chống ma túy” và triển khai thực hiện mô hình “3+ về quản lý, giáo dục, giúp đỡ người chấp hành xong án phạt tù, người được đặc xá v|1
21517|98|2026-08-05 19:07:17|2026-08-07 08:02:05|52979||Hỗ trợ vay vốn, tạo việc làm cho người chấp hành xong án phạt tù – Tiếp thêm điểm tựa tái hòa nhập cộng đồng|1
21518|99|2026-08-06 08:50:00|2026-08-07 08:01:47|52982||Hơn 500 học viên tham gia tập huấn Luật Thi hành án hình sự, Luật Thi hành tạm giữ, tạm giam và cấm đi khỏi nơi cư trú năm 2025.|1
21520|113|2026-08-06 09:22:55|2026-08-07 08:01:31|52988||UBND xã Hoằng Lộc tăng cường tuyên truyền pháp luật, đồng hành hỗ trợ người tái hòa nhập cộng đồng|1
21521|104|2026-08-06 10:51:41|2026-08-07 08:01:16|52991||Công an xã Bình Phú nâng cao hiệu quả quản lý người chấp hành án tại cộng đồng.|1
21522|74|2026-08-06 14:52:12|2026-08-07 08:01:01|52994||Sáng 5/8, UBND phường Hồng An tổ chức Hội nghị sơ kết đánh giá tình hình triển khai thực hiện mô hình “Tổ dân phố không ma tuý”; phát động phong trào “Dòng họ không ma tuý”; ra mắt mô hình “Nhân dân, cán bộ phường Hồng An giúp đỡ người có quá khứ lầm lỗi t|1
21523|70|2026-08-06 15:08:35|2026-08-07 08:00:44|52997||Ngày 04/8/2026, Công an xã Bố Hạ tổ chức Hội nghị tuyên truyền pháp luật về thi hành án hình sự tại cộng đồng và tái hòa nhập cộng đồng năm 2026 tại Công an xã.|1
21524|84|2026-08-06 15:17:24|2026-08-07 08:00:27|53000||Thực hiện Luật Thi hành án hình sự năm 2019 và chương trình công tác năm 2026, sáng ngày 27/7/2026, Công an xã Biên Sơn tổ chức "Hội nghị tuyên truyền, phổ biến pháp luật cho người đang thi hành án tại cộng đồng" trên địa bàn. Đây là hoạt động thiết thực n|1
21525|129|2026-08-06 15:48:09|2026-08-07 08:00:10|53003||Thực hiện công tác quản lý, giám sát, giáo dục người chấp hành án hình sự tại cộng đồng, định kỳ Lực lượng Công an (PC10, Công an cấp xã) tổ chức thực hiện nghiêm công tác điểm danh, kiểm diện đối với người chấp hành án hình sự tại cộng đồng|1
21526|113|2026-08-06 22:53:34|2026-08-12 16:20:25|53006|||1
21527|128|2026-08-09 15:16:48|2026-08-12 16:20:12|53009||Trong cuộc chiến với ma túy, ngăn chặn người mới sa ngã đã khó, giúp những người từng lầm lỡ tìm lại niềm tin để trở về cuộc sống bình thường còn khó hơn. Từ suy nghĩ đó, phường Hòa Cường (TP Đà Nẵng) thành lập Câu lạc bộ Hòa Cường Niềm Tin - mô hình kết h|1
21528|118|2026-08-09 15:25:48|2026-08-12 16:20:14|53012||Chiều 6/8, Công an tỉnh Sơn La phối hợp với Viện kiểm sát nhân dân tỉnh tổ chức Hội nghị ký kết Quy chế phối hợp trong công tác quản lý, thi hành tạm giữ, tạm giam, thi hành án hình sự và hỗ trợ tư pháp. Đồng chủ trì hội nghị có Đại tá Lê Đức Trung, Phó Gi|1
21529|17|2026-08-11 16:14:17|2026-08-12 16:19:29|53015||Công tác tái hòa nhập cộng đồng là một trong những nhiệm vụ quan trọng nhằm bảo đảm an ninh, trật tự, phòng ngừa tái phạm tội và góp phần phát triển kinh tế - xã hội tại địa phương. Trong đó, Công an cấp cơ sở giữ vai trò nòng cốt, trực tiếp và là lực lượn|1
21530|16|2026-08-11 16:23:45|2026-08-12 16:19:45|53018||Công an xã Kiến Hưng phối hợp tổ chức mô hình Dân vận khéo “Trà sáng thứ 7 - Chính quyền thân thiện” giúp đỡ tái hoà nhập cộng đồng.|1
21531|19|2026-08-11 16:32:57|2026-08-12 16:19:08|53021||Tạo cơ hội để những người trở về sau chấp hành xong án phạt tù, sau cai nghiện làm lại cuộc đời, nhiều hoạt động hỗ trợ sinh kế đang được các địa phương, đơn vị ở Hải Phòng tích cực triển khai.|1
21532|15|2026-08-11 16:42:04|2026-08-12 16:18:56|53024||Lực lượng Công an tỉnh Ninh Bình đẩy mạnh việc triển khai thực hiện Chương trình phối hợp “Tiếp nhận, giúp đỡ người chấp hành xong án phạt tù về địa phương viết tiếp ước mơ, kiến tạo cuộc sống”|1
21533|13|2026-08-11 16:50:09|2026-08-12 16:18:45|53027||Rời cánh cổng trại giam với hai bàn tay trắng, nhờ nguồn vốn tín dụng chính sách, nhiều người từng lầm lỡ ở xã Tân Hưng, TP. Đồng Nai đã có cơ hội làm lại cuộc đời.|1
21534|12|2026-08-11 17:00:30|2026-08-12 16:18:32|53030||Mới đây, UBND xã Tân Tập tổ chức hội nghị chung tay hỗ trợ người tái hòa nhập cộng đồng sống và làm việc theo pháp luật trên địa bàn xã. Tham dự hội nghị có Đại diện Công an xã Tân Tập; Hội Nông dân xã, Hội Liên hiệp Phụ nữ xã, thành phần tuyên truyền có 5|1
21535|14|2026-08-11 21:30:57|2026-08-12 16:18:18|53033||Nhằm nâng cao nhận thức, ý thức chấp hành pháp luật cho người chấp hành án hình sự tại cộng đồng, người được đặc xá và người chấp hành xong án phạt tù trở về địa phương, Công an xã Đức Bình đã tổ chức Hội nghị tuyên truyền, phổ biến pháp luật về thi hành á|1
21536|16|2026-08-11 21:45:32|2026-08-12 16:18:06|53036||Sau thời gian chấp hành án phạt tù, hành trình làm lại cuộc đời của những người từng lầm lỡ luôn cần những điểm tựa. Ở Bắc Ninh, sự đồng hành của chính quyền và lực lượng công an cùng nguồn vốn tín dụng ưu đãi đang tiếp thêm động lực giúp họ sớm tái hòa nh|1
21537|17|2026-08-11 21:52:57|2026-08-12 16:17:54|53039||Trở về bên gia đình sau thời gian cải tạo là niềm hạnh phúc lớn lao đối với những người được đặc xá. |1
21538|29|2026-08-12 08:41:14|2026-08-12 16:17:41|53042|| Nhằm nâng cao hiệu quả công tác tái hòa nhập cộng đồng đối với người chấp hành xong án phạt tù, góp phần phòng ngừa tái phạm, giữ vững an ninh, trật tự trên địa bàn, Công an phường Tân Triều vừa tổ chức Lễ ra mắt mô hình “Hỗ trợ, giúp đỡ người hoàn lương |1
21539|37|2026-08-12 08:52:30|2026-08-12 16:17:29|53045||Chiều ngày 05/8/2026, tại Hội trường Công an phường Long Thành, Ủy ban nhân dân phường Long Thành đã phối hợp với Phòng Cảnh sát Thi hành án hình sự và Hỗ trợ tư pháp, Công an thành phố Đồng Nai tổ chức Hội nghị ra mắt mô hình "Hòa nhập cộng đồng và tự lực|1
21540|43|2026-08-12 09:01:25|2026-08-12 16:17:18|53048||Đoàn kiểm tra liên ngành của Cục Cảnh sát Quản lý tạm giữ, tạm giam và Thi hành án hình sự tại cộng đồng; Ngân hàng Chính sách xã hội Việt Nam (NHCSXH) vừa kiểm tra hoạt động tín dụng chính sách xã hội đối với người chấp hành xong án phạt tù trên địa bàn x|1
21541|87|2026-08-12 10:39:55|2026-08-12 16:17:04|53051||Thực hiện Quyết định số 22/2023/QĐ-TTg ngày 17/8/2023 của Thủ tướng Chính phủ về tín dụng đối với người chấp hành xong án phạt tù, thời gian qua, Công an xã Thuận Hạnh đã chủ động phối hợp với Ngân hàng Chính sách xã hội Chi nhánh Đắk Song triển khai nhiều|1
21542|105|2026-08-12 10:46:57|2026-08-12 16:16:51|53054||Thời gian qua, Phân trại quản lý phạm nhân, Trại tạm giam số 3, Công an tỉnh Lâm Đồng đã triển khai nhiều giải pháp đồng bộ nhằm nâng cao chất lượng giáo dục, cải tạo, giúp phạm nhân nâng cao nhận thức pháp luật và chuẩn bị điều kiện tái hòa nhập cộng đồng|1
21544|95|2026-08-12 11:29:05|2026-08-14 20:59:07|53057||Thực hiện chủ trương của Đảng, Nhà nước về công tác đặc xá và tái hòa nhập cộng đồng đối với người chấp hành xong án phạt tù, ngày 08/07/2026, Phòng Cảnh sát thi hành án hình sự và hỗ trợ tư pháp Công an tỉnh Lâm Đồng phối hợp với Công an phường Phan Thiết|0
21545|90|2026-08-12 11:43:15|2026-08-12 16:16:15|53060||Sáng 28/7/2026, Công an xã Hữu Lũng tổ chức Hội nghị tuyên truyền, phổ biến, giáo dục pháp luật cho người thi hành án hình sự tại cộng đồng và người chấp hành xong án phạt tù trở về địa phương.|1
21546|109|2026-08-12 11:48:24|2026-08-12 16:16:04|53063||Thực hiện Quyết định số 22/2023/QĐ-TTg ngày 17/8/2023 của Thủ tướng Chính phủ về tín dụng đối với người chấp hành xong án phạt tù, thời gian qua, Phòng Cảnh sát thi hành án hình sự và hỗ trợ tư pháp Công an tỉnh Lạng Sơn đã chủ động tham mưu lãnh đạo Công |1
21547|92|2026-08-12 14:29:54|2026-08-12 16:15:47|53066||Thực hiện mô hình “Chung tay – Vững bước ngày mai” trong công tác tái hòa nhập cộng đồng, những ngày đầu tháng 7/2026, Công an xã Thanh Long đã tổ chức thăm hỏi, kiểm tra tình hình phát triển kinh tế của các hộ gia đình được hỗ trợ sinh kế, qua đó tiếp tục|1
21548|96|2026-08-12 15:53:51|2026-08-12 16:15:31|53069||Ngày 11/8, Công an thành phố Đồng Nai tổ chức Hội nghị tập huấn nghiệp vụ công tác thi hành án hình sự tại cộng đồng và tái hòa nhập cộng đồng; công tác quản lý, thi hành tạm giữ, tạm giam và cấm đi khỏi nơi cư trú năm 2026. Đại tá Nguyễn Huy Hải, Phó Giám|1
21549|88|2026-08-12 16:07:46|2026-08-12 16:15:20|53072||Công an xã Liên Minh hỗ trợ người chấp hành xong án phạt tù tái hòa nhập cộng đồng.|1
21550|113|2026-08-12 16:15:03|2026-08-12 16:53:54|53075||Sáng 04/8/2026, Công an tỉnh Phú Thọ tổ chức khai mạc lớp tập huấn chuyên sâu về Luật Thi hành án hình sự năm 2025 và các văn bản hướng dẫn thi hành, nhằm nâng cao chất lượng, hiệu quả công tác thi hành án hình sự tại cộng đồng và tái hòa nhập cộng đồng đố|1
21551|10|2026-08-13 08:53:48|2026-08-14 10:39:29|53078||Chiều 07/8/2026, Công an xã Nam Đàn phối hợp Trung tâm tư vấn pháp luật Hội Luật gia tỉnh Nghệ An tổ chức tuyên truyền, phổ biến, giáo dục pháp luật cho người chấp hành xong án phạt tù.|1
21552|12|2026-08-13 08:59:03|2026-08-14 10:39:48|53081||Sáng 05/8/2026, Công an xã Đại Huệ phối hợp Viện kiểm sát nhân dân khu vực 5 tổ chức kiểm danh, kiểm diện định kỳ, kết hợp tuyên truyền, phổ biến, giáo dục pháp luật đối với người đang chấp hành án tại cộng đồng.|1
21553|22|2026-08-13 09:09:35|2026-08-14 10:40:05|53084||Sáng 14/5/2026, Công an xã Yên Na tổ chức kiểm danh, kiểm diện đối tượng thuộc diện đối tượng người đã chấp hành xong án phạt tù và đối tượng án treo. |1
21554|16|2026-08-13 09:19:43|2026-08-14 10:40:22|53087||Sáng 21/4/2026, Công an xã Châu Bình tổ chức Hội nghị ra mắt mô hình dân vận khéo “Vận động Nhân dân cùng đồng hành trong công tác tái hòa nhập cộng đồng”.|1
21555|4|2026-08-13 10:40:20|2026-08-14 10:40:37|53090||Tiếp tục triển khai Quyết định số 22/2023/QĐ-TTg của Thủ tướng Chính phủ về tín dụng đối với người chấp hành xong án phạt tù, nhằm tạo điều kiện để người chấp hành xong án phạt tù, người được đặc xá ổn định cuộc sống, phát triển kinh tế và tái hòa nhập cộn|1
21556|18|2026-08-13 10:44:50|2026-08-14 10:41:00|53093||Ngày 04/8/2026, Phòng Cảnh sát thi hành án hình sự và hỗ trợ tư pháp, Công an tỉnh phối hợp với Viện kiểm sát nhân dân tỉnh Quảng Ninh và Viện kiểm sát nhân dân khu vực 3 - Quảng Ninh tổ chức kiểm sát, hướng dẫn công tác thi hành án hình sự tại cộng đồng t|1
21557|9|2026-08-13 10:50:35|2026-08-14 10:41:14|53096||Nhằm tạo điều kiện giúp người chấp hành xong án phạt tù, người sau cai nghiện ma túy ổn định cuộc sống, phát triển kinh tế và tái hòa nhập cộng đồng, Công an phường Uông Bí đã chủ động phối hợp với các đơn vị liên quan triển khai nguồn vốn vay ưu đãi của N|1
21558|14|2026-08-13 10:54:56|2026-08-14 10:41:29|53099||Thực hiện Quyết định số 22/2023/QĐ-TTg của Thủ tướng Chính phủ về tín dụng đối với người chấp hành xong án phạt tù, thời gian qua, Công an phường Bình Khê đã triển khai đồng bộ nhiều giải pháp quản lý, giáo dục và hỗ trợ người hoàn lương tái hòa nhập cộng |1
21559|22|2026-08-13 10:59:43|2026-08-14 10:41:41|53102||Ngày 30/7, tại phường Móng Cái 2 và phường Móng Cái 3, Ban Phụ nữ Công an tỉnh phối hợp Ban Thanh niên Công an tỉnh tổ chức Hội nghị tuyên truyền, phổ biến, giáo dục pháp luật và tư vấn nghề nghiệp cho người chấp hành xong án phạt tù tái hòa nhập cộng đồng|1
21560|3|2026-08-13 14:09:30|2026-08-14 10:42:01|53105||Nhằm thực hiện hiệu quả công tác tái hòa nhập cộng đồng đối với người chấp hành xong án phạt tù, tạo điều kiện để họ ổn định cuộc sống, có việc làm, phát triển kinh tế và hạn chế tái phạm, ngày 2/8/2026, Công an phường Liên Hòa tổ chức Hội nghị tuyên truyề|1
21561|28|2026-08-13 14:27:14|2026-08-14 10:42:16|53108||Chiều ngày 11/8/2026, Trại tạm giam Công an tỉnh đã tổ chức tiếp nhận 600 đầu sách và 01 bộ máy tính do Công ty Cổ phần xi măng Hạ Long và Hội Doanh nhân trẻ tỉnh trao tặng. Dự chương trình có Đại tá Vũ Trung Hiếu - Ủy viên Ban Thường vụ Đảng ủy, Phó Giám |1
21562|25|2026-08-13 14:37:15|2026-08-14 10:42:33|53111||Xác định công tác thi hành án hình sự tại cộng đồng là một trong những nhiệm vụ quan trọng nhằm phòng ngừa tái phạm, giữ vững an ninh, trật tự ngay từ cơ sở, thời gian qua, Công an phường Đông Mai đã triển khai đồng bộ nhiều giải pháp trong quản lý, giám s|1
21563|154|2026-08-13 14:43:18|2026-08-14 10:42:47|53114||Xác định công tác quản lý, giáo dục người chấp hành án hình sự tại cộng đồng là một trong những nhiệm vụ quan trọng nhằm phòng ngừa tội phạm, giữ vững an ninh, trật tự từ cơ sở, thời gian qua, Công an phường Cẩm Phả đã triển khai đồng bộ nhiều biện pháp qu|1
21564|162|2026-08-13 16:10:52|2026-08-14 10:43:01|53117||Thời gian qua, Phòng Cảnh sát thi hành án hình sự và hỗ trợ tư pháp, Công an tỉnh Tuyên Quang đã chủ động phối hợp với Công an các xã, phường triển khai đồng bộ các hoạt động tuyên truyền, tư vấn và hỗ trợ người chấp hành xong án phạt tù tiếp cận chính sác|1
21565|96|2026-08-13 16:37:34|2026-08-14 10:43:17|53120||Ra mắt mô hình “Hành trình chung tay” – đồng hành giúp đỡ người chấp hành xong án phạt tù tái hòa nhập cộng đồng.|1
21566|111|2026-08-14 08:39:00|2026-08-14 10:43:30|53123||Công an xã An Nghĩa tăng cường quản lý, hỗ trợ người chấp hành xong án phạt tù tái hòa nhập cộng đồng.|1
21567|121|2026-08-14 08:49:57|2026-08-14 10:43:48|53126||Làm giàu từ mô hình vườn - Ao - Chuồng với doanh thu hàng trăm triệu đồng.|1
21568|133|2026-08-14 09:07:06|2026-08-14 10:44:02|53129||Nhằm tạo điều kiện thuận lợi cho những người chấp hành xong án phạt tù sớm ổn định cuộc sống và tái hoà nhập cộng đồng, UBND xã Bù Đăng vừa phối hợp với Phòng Cảnh sát thi hành án và hỗ trợ tư pháp, Công an thành phố Đồng Nai tổ chức Lễ ra mắt mô hình “Quả|1
21569|99|2026-08-14 09:14:01|2026-08-14 10:44:17|53132||Lâm Đồng ban hành Kế hoạch triển khai thực hiện công tác tái hòa nhập cộng đồng.|1
21570|NULL|2026-08-14 10:01:49|2026-08-14 10:44:34|53138||Sự hồi sinh của những cuộc đời lầm lỡ.|1
21571|109|2026-08-14 10:11:59|2026-08-16 09:49:39|53141||Xác định công tác thi hành án hình sự tại cộng đồng và tái hòa nhập cộng đồng là một trong những nhiệm vụ quan trọng góp phần phòng ngừa tội phạm, giữ vững an ninh, trật tự tại cơ sở, Công an phường Hạc Thành đã tập trung triển khai đồng bộ các biện pháp q|1
21572|115|2026-08-14 10:35:14|2026-08-14 10:45:03|53144||Hội thảo lấy ý kiến dự thảo Đề án chuyển đổi xanh trong các cơ sở giam giữ.|1
21573|7|2026-08-14 10:46:03|2026-08-16 09:49:56|53147||Nhằm nâng cao hiệu quả công tác thi hành án hình sự tại cộng đồng, hỗ trợ người chấp hành xong án phạt tù tái hòa nhập cộng đồng, góp phần phòng ngừa tái phạm, vi phạm pháp luật, ngày 06/8/2026, Công an phường Đông Gia Nghĩa, tỉnh Lâm Đồng tổ chức Hội nghị|1
21574|6|2026-08-14 10:57:02|2026-08-16 09:50:13|53150||Công an xã Vạn Xuân nâng cao hiệu quả quản lý người chấp hành án tại cộng đồng.|1
21575|27|2026-08-14 14:17:16|2026-08-16 09:50:44|53153||Thực hiện Quyết định số 22/2023/QĐ-TTg, ngày 17/8/2023 của Thủ tướng Chính phủ về tín dụng đối với người chấp hành xong án phạt tù, ngày 13/02/2026 Công an xã Long Hữu tham mưu Ủy ban nhân dân xã Long Hữu ban hành kế hoạch triển khai thực hiện Quyết định s|1
21576|24|2026-08-14 14:56:46|2026-08-16 09:51:41|53156||Với phương châm “Quản lý gắn với giáo dục, cảm hóa; phòng ngừa đi đối với động viên, hỗ trợ”, mô hình “Tự tin tái hòa nhập cộng đồng” do Công an xã Vạn Xuân chủ trì bước đầu phát huy hiệu quả, góp phần giúp người chấp hành xong án phạt tù trở về địa phương|1
21577|22|2026-08-14 15:07:59|2026-08-16 09:53:04|53159||Công an xã Liên Sơn giúp người hoàn lương phát triển sinh kế từ nguồn vốn ưu đãi.|1
21578|27|2026-08-14 15:21:23|2026-08-16 09:53:16|53162||Thực hiện Nghị định số 49/2020/NĐ-CP của Chính phủ về công tác tái hòa nhập cộng đồng, những năm qua, dưới sự lãnh đạo, chỉ đạo của Giám đốc Công an tỉnh, Đảng ủy, UBND xã, Công an xã Hợp Thành đã phát huy vai trò nòng cốt, chủ động tham mưu triển khai đồn|1
21579|25|2026-08-14 15:41:38|2026-08-16 09:53:34|53165||Mới đây, UBND phường Quan Triều, tỉnh Thái Nguyên đã tổ chức hội nghị tuyên truyền về công tác tái hoà nhập cộng đồng trên địa bàn phường. Dự hội nghị có lãnh đạo UBND phường, Phòng Cảnh sát thi hành án hình sự và hỗ trợ tư pháp Công an tỉnh; Chi nhánh Ngâ|1
21580|28|2026-08-14 15:44:38|2026-08-16 09:53:50|53168||Ngày 29/7/2026, Công an xã Trần Phú phối hợp với Phòng Cảnh sát thi hành án hình sự và hỗ trợ tư pháp, Công an tỉnh Thái Nguyên tổ chức hội nghị tuyên truyền, phổ biến, giáo dục pháp luật về công tác thi hành án hình sự tại cộng đồng và tái hòa nhập cộng đ|1
21581|32|2026-08-14 21:13:50|2026-08-16 09:54:46|53171||Ngày 30/7/2026, Công an xã Phú Lương tổ chức hội nghị tuyên truyền, phổ biến pháp luật trong công tác thi hành án hình sự và tái hòa nhập cộng đồng.|1
21582|136|2026-08-14 21:17:43|2026-08-16 10:12:45|53174||Ngày 28/7, Công an xã Văn Lăng phối hợp với Phòng giao dịch Ngân hàng chính sách xã hội Đồng Hỷ tổ chức chương trình phối hợp về thực hiện chính sách tín dụng đối với người chấp hành xong án phạt tù và người sau cai nghiện ma túy.|1
21583|22|2026-08-14 21:22:46|2026-08-16 10:13:47|53177||Vừa qua, Công an xã Tân Kỳ, tỉnh Thái Nguyên đã tổ chức điểm danh, kiểm diện kết hợp tuyên truyền, phổ biến pháp luật về tái hòa nhập cộng đồng và thi hành án hình sự tại cộng đồng cho các đối tượng là người chấp hành xong án phạt tù, người được đặc xá và |1
21584|52|2026-08-14 21:29:52|2026-08-16 10:19:09|53180||Vừa qua, Công an xã Trại Cau, tỉnh Thái Nguyên đã triển khai đồng bộ, nhiều giải pháp thực hiện tốt công tác thi hành án hình sự tại cộng đồng và công tác tái hòa nhập cộng đồng|1
21585|7|2026-08-14 21:36:41|2026-08-17 11:37:21|53183||Thực hiện quyết định đặc xá năm 2026 của Chủ tịch nước và các quy định về tái hòa nhập cộng đồng đối với người chấp hành xong án phạt tù, Công an xã Côn Minh (tỉnh Thái Nguyên) đã tổ chức tiếp nhận, tuyên truyền, phổ biến pháp luật đối với các công dân đượ|1
21586|59|2026-08-14 21:49:44|2026-08-16 10:20:42|53186||Thực hiện các chủ trương, chính sách của Đảng và Nhà nước về hỗ trợ tái hòa nhập cộng đồng, sáng ngày 19/6, Công an xã Gia Phù đã phối hợp với UBND xã tổ chức Hội nghị tuyên truyền, triển khai thực hiện Quyết định số 08/2026/QĐ-TTg ngày 03/3/2026 của Thủ t|1
21587|55|2026-08-14 21:55:00|2026-08-16 10:13:03|53189||Ký kết phối hợp triển khai chính sách tín dụng đối với người chấp hành xong án phạt tù và người sau cai nghiện ma túy.|1
21588|34|2026-08-14 21:58:36|2026-08-16 10:13:28|53192||Chiềng Mai triển khai chính sách tín dụng hỗ trợ người sau cai nghiện ma túy và người chấp hành xong án phạt tù.|1
21589|85|2026-08-14 22:03:00|2026-08-16 10:14:11|53195||Tuyên truyền phổ biến giáo dục pháp luật về tín dụng đối với người sau cai nghiện ma túy, người chấp hành xong án phạt tù.|1
21590|84|2026-08-14 22:11:38|2026-08-16 10:19:23|53198||‎Hưởng ứng Ngày hội toàn dân bảo vệ an ninh Tổ quốc; thiết thực chào mừng kỷ niệm 81 năm Cách mạng tháng Tám thành công (19/8/1945 – 19/8/2026), Quốc khánh nước Cộng hòa xã hội chủ nghĩa Việt Nam (02/9/1945 – 02/9/2026) và thực hiện phong trào thi đua “Ba |1
21591|152|2026-08-14 22:17:31|2026-08-16 10:20:10|53201||Hiện nay, trên địa bàn xã Dliê Ya có tổng cộng 26 người đang thi hành án hình sự tại cộng đồng và 55 người chấp hành xong hình phạt tù đang cư trú, sinh sống, làm việc. |1
21592|78|2026-08-15 09:40:29|2026-08-16 10:24:30|53204||Trại Tạm giam số 2 phổ biển kiến thức pháp luật, kỹ năng tái hòa nhập cho phạm nhân sắp chấp hành xong án phạt tù|1
21593|85|2026-08-15 09:58:28|2026-08-16 10:25:11|53207||Xóa án tích khi nào? Trở về địa phương cần làm những thủ tục gì? Không có việc làm, vốn liếng thì có thể học nghề, vay vốn ra sao? Với người sắp chấp hành xong án phạt tù, ngày trở về không chỉ là bước qua cánh cửa trại giam mà còn bắt đầu bằng hàng loạt c|1
21594|99|2026-08-15 10:30:56|2026-08-16 10:25:38|53210||Thực hiện chủ trương tạo điều kiện cho người chấp hành xong án phạt tù tái hòa nhập cộng đồng, Công an xã Lương Tài đã tích cực phối hợp với chính quyền địa phương và Ngân hàng Chính sách xã hội hỗ trợ người dân tiếp cận nguồn vốn ưu đãi để phát triển kinh|1
21595|104|2026-08-15 15:47:02|2026-08-16 10:25:57|53213||Trong 2 ngày 14/8/2026 và ngày 15/8/2026, Cơ quan Thi hành án hình sự Công an tỉnh đã chỉ đạo Phòng Cảnh sát Thi hành án hình sự và hỗ trợ tư pháp phối hợp các Trại tạm giam Công an tỉnh tổ chức công bố Quyết định giảm thời hạn chấp hành án phạt tù cho phạ|1
21599|86|2026-08-15 22:01:59|2026-08-16 10:26:15|53219||Phối hợp tạo cơ hội việc làm - điểm tựa tái hòa nhập cộng đồng trên địa bàn phường An Khê.|1
21600|100|2026-08-15 22:20:14|2026-08-17 11:38:34|53222||Ra mắt mô hình ý nghĩa, thiết thực vì nhân dân phục vụ.|1
21601|74|2026-08-17 08:39:06|2026-08-17 16:15:56|53252||Chiều 13/8, Công an thành phố Cần Thơ tổ chức Hội nghị đánh giá kết quả thực hiện công tác phối hợp bảo vệ cưỡng chế thi hành án dân sự trên địa bàn thành phố. Đại tá Trần Hoàng Độ, Phó Giám đốc Công an thành phố, Thủ trưởng Cơ quan thi hành án hình sự, Th|1
21602|80|2026-08-17 09:51:01|2026-08-17 11:37:52|53225||Thực hiện chủ trương của Đảng, Nhà nước về tăng cường công tác phòng, chống tội phạm, xây dựng phong trào toàn dân bảo vệ an ninh Tổ quốc và nâng cao hiệu quả công tác tái hòa nhập cộng đồng, chiều ngày 20/7/2026, Công an phường Việt Yên đã tham mưu Đảng ủ|1
21603|97|2026-08-17 10:45:47|2026-08-17 11:38:07|53228||Thực hiện Kế hoạch số 216/KH-CATP-PC10 của Công an thành phố Đồng Nai về phối hợp kiểm tra việc triển khai Quyết định số 22/2023/QĐ-TTg của Thủ tướng Chính phủ về tín dụng đối với người chấp hành xong án phạt tù. Sáng nay 29/7 tại Hội trường B UBND phường,|1
21607|86|2026-08-17 14:13:53|2026-08-17 16:16:08|53240|| Ngày 23/7/2026, Cơ quan Thi hành án hình sự (THAHS) Công an tỉnh (CAT) Lạng Sơn họp Hội đồng xét, đề nghị giảm, miễn thời hạn chấp hành án hình sự tại cộng đồng dịp Quốc Khánh ngày 02/9/2026. Thượng tá Nguyễn Hữu Đức, Phó Giám đốc, Thủ trưởng cơ quan THAH|1
21608|89|2026-08-17 14:30:39|2026-08-17 16:16:23|53243||Thực hiện kế hoạch công tác năm 2026 về thi hành án hình sự tại cộng đồng và tái hòa nhập cộng đồng, ngày 28/7/2026 Công an xã Hữu Lũng, tỉnh Lạng Sơn tổ chức Hội nghị tuyên truyền, phổ biến các quy định của pháp luật về công tác thi hành án hình sự tại cộ|1
21609|80|2026-08-17 14:45:28|2026-08-17 16:16:34|53246||Thực hiện ý kiến chỉ đạo của Đảng ủy, lãnh đạo Công an thành phố Đà Nẵng về tăng cường công tác quản lý, giáo dục, giúp đỡ người chấp hành xong án phạt tù tái hòa nhập cộng đồng, thời gian qua, Phòng Cảnh sát thi hành án hình sự và hỗ trợ tư pháp Công an t|1
21610|126|2026-08-17 14:52:03|2026-08-17 16:16:51|53249||‎Ngày 17-8, Công an tỉnh An Giang tổ chức Hội nghị tập huấn công tác thi hành án hình sự tại cộng đồng và tái hòa nhập cộng đồng năm 2026. Dự và chỉ đạo hội nghị có Đại tá Trần Văn Cung, Phó Giám đốc Công an tỉnh, cùng dự có đại diện Cục Cảnh sát quản lý t|1
21611|79|2026-08-17 15:42:57|2026-08-17 16:17:03|53255||Thực hiện lời dạy của Bác “Dân vận khéo thì việc gì cũng thành công”, xã biên giới Chiềng Khương đã xây dựng các mô hình “Dân vận khéo” lan tỏa sâu rộng trong cộng đồng dân cư, góp phần thúc đẩy phát triển kinh tế - xã hội, bảo đảm quốc phòng, an ninh, xây|1
21612|100|2026-08-17 15:52:49|2026-08-17 16:17:19|53258||Giải ngân chương trình cho vay người chấp hành xong án phạt tù theo Quyết định số 22/2023/QĐ-TTg tại phường Lương Văn Tri.|1
21613|78|2026-08-17 16:00:48|2026-08-17 16:17:32|53261||Xác định tái hòa nhập cộng đồng cho người chấp hành xong án phạt tù, người sau cai nghiện là một trong những giải pháp quan trọng để phòng ngừa tái phạm, tái nghiện, bảo đảm an ninh, trật tự, thời gian qua, Quảng Ninh đã triển khai nhiều chính sách thiết t|1
21614|116|2026-08-17 16:07:59|2026-08-17 16:17:46|53264||Với mong muốn đồng hành, hỗ trợ người chấp hành xong án phạt tù tái hòa nhập cộng đồng, Công an xã Vu Gia (TP Đà Nẵng) đã chủ động tham mưu UBND xã phối hợp chặt chẽ với Ngân hàng Chính sách xã hội triển khai chương trình tín dụng ưu đãi dành cho người chấ|1
21615|75|2026-08-17 16:19:47|2026-08-17 19:53:48|53267||Từ camera giám sát, tổ dân cư tự quản đến hỗ trợ người chấp hành xong án phạt tù tái hòa nhập, Tây Ninh đang đưa phong trào toàn dân bảo vệ an ninh Tổ quốc gắn chặt hơn với đời sống cơ sở.|1
21616|91|2026-08-17 16:48:40|2026-08-17 19:54:03|53270||Phường Cư Bao tổ chức Lễ ra mắt mô hình “Đối thoại - Tháo gỡ - Giúp đỡ” trong công tác tái hòa nhập cộng đồng.|1
21617|86|2026-08-17 16:53:26|2026-08-20 10:33:52|53273|||1
21620|12|2026-08-18 09:59:03|2026-08-20 10:34:06|53282||"Đánh kẻ chạy đi, không ai đánh người chạy lại", đó không chỉ là truyền thống nhân văn của dân tộc Việt Nam mà còn là tinh thần xuyên suốt trong chính sách của Đảng và Nhà nước đối với công tác thi hành án hình sự và tái hòa nhập cộng đồng.|1
21621|68|2026-08-18 10:16:56|2026-08-20 10:34:23|53285||Chiều 11/8/2026, Công an tỉnh đã khai mạc Hội nghị tập huấn chuyên sâu Luật Thi hành án hình sự năm 2025 và Luật Thi hành tạm giữ, tạm giam và cấm đi khỏi nơi cư trú năm 2025 cùng các văn bản hướng dẫn thi hành, nhằm thống nhất nhận thức và tổ chức triển k|1
21622|28|2026-08-18 10:32:12|2026-08-20 10:34:36|53288||Chiều ngày 16/7/2026, Công an xã Tam Đa chủ trì tổ chức "Hội nghị tuyên truyền phòng, chống tội phạm, tệ nạn xã hội và xây dựng phong trào toàn dân bảo vệ an ninh Tổ quốc" gắn với công tác quản lý, giáo dục, giúp đỡ người chấp hành xong án phạt tù tái hòa |1
21623|36|2026-08-18 10:41:58|2026-08-20 10:34:51|53291||Thực hiện chủ trương của Đảng, Nhà nước về tăng cường công tác quản lý, giáo dục, giúp đỡ người chấp hành xong án phạt tù tái hòa nhập cộng đồng, góp phần bảo đảm an ninh, trật tự trên địa bàn, sáng ngày 18/7/2026, Công an phường Vân Hà đã chủ trì, phối hợ|1
21624|99|2026-08-18 11:01:31|2026-08-20 10:35:03|53294||Chiều ngày 06/7, Công an phường Tiền Phong đã tham mưu UBND phường tổ chức Hội nghị tập huấn công tác quản lý, tuyên truyền, phổ biến pháp luật và hỗ trợ vay vốn đối với người chấp hành xong án phạt tù, người sau cai nghiện ma túy tái hòa nhập cộng đồng tr|1
21625|82|2026-08-18 14:43:11|2026-08-20 10:35:17|53297||Công an xã Minh Đài đồng hành cùng người chấp hành xong án phạt tù tiếp cận nguồn vốn phát triển kinh tế.|1
21626|67|2026-08-18 14:52:01|2026-08-20 10:35:36|53300||Luật Thi hành án hình sự năm 2025 và Nghị định số 247/2026/NĐ-CP đã tạo hành lang pháp lý đồng bộ cho công tác tái hòa nhập cộng đồng, từ giáo dục, cải tạo, dạy nghề, giới thiệu việc làm trong thời gian chấp hành án đến hỗ trợ sau khi trở về địa phương. Mụ|1
21627|75|2026-08-18 15:08:41|2026-08-20 10:35:52|53303||Nguồn vốn tín dụng theo Quyết định số 22/2023/QĐ-TTg đang trở thành điểm tựa giúp nhiều người chấp hành xong án phạt tù tại TP Huế có điều kiện tạo sinh kế, ổn định cuộc sống, từng bước xóa bỏ mặc cảm và hạn chế nguy cơ tái phạm.|1
21628|67|2026-08-19 20:44:31|2026-08-20 10:36:08|53306||Ngày 18/8/2026, Công an tỉnh An Giang tổ chức Hội nghị triển khai, tập huấn công tác thi hành án hình sự tại cộng đồng và tái hòa nhập cộng đồng năm 2026. Hoạt động nhằm kịp thời triển khai thực hiện Luật Thi hành án hình sự năm 2025 cùng các thông tư, văn|1
21629|76|2026-08-19 20:57:55|2026-08-20 10:36:24|53309||Cùng với sự vào cuộc của cấp ủy, chính quyền, lực lượng công an và các tổ chức đoàn thể, chính sách tín dụng đối với người chấp hành xong án phạt tù trên địa bàn tỉnh đã phát huy hiệu quả tích cực. Nguồn vốn ưu đãi theo Quyết định số 22/2023/QĐ-TTg và Quyế|1
21630|99|2026-08-19 21:07:12|2026-08-20 10:36:44|53312||Sau khi chấp hành xong án phạt tù, nhiều người trở về địa phương nhưng chưa dễ tìm được việc làm. Tại Thanh Hóa, tín dụng chính sách đang giúp họ bắt đầu lại từ những công việc rất cụ thể.|1
21631|109|2026-08-19 21:19:20|2026-08-20 10:37:00|53315||Nhằm chuẩn bị hành trang pháp lý và tâm lý tốt nhất cho các phạm nhân sắp chấp hành xong án phạt tù. Chiều ngày 8/8/2026, tại Trại tạm giam số 1 (thuộc Công an tỉnh An Giang), Ban Thanh niên Công an tỉnh phối hợp Trung tâm Tư vấn pháp luật và Phục vụ cộng |1
21632|56|2026-08-20 10:34:32|2026-08-21 11:37:46|53318||Hội nghị tổng kết Chương trình phối hợp giáo dục, cải tạo phạm nhân trong độ tuổi thanh niên và giúp đỡ tái hòa nhập cộng đồng giai đoạn 2021 - 2025.|1
21633|35|2026-08-20 10:50:33|2026-08-21 11:37:57|53321||Tập huấn chuyên sâu công tác thi hành án hình sự, tái hòa nhập cộng đồng, cấm đi khỏi nơi cư trú và hỗ trợ tư pháp.|1
21634|45|2026-08-20 14:24:07|2026-08-24 10:10:18|53369||Hội nghị gặp mặt, tuyên truyền, phố biến giáo dục pháp luật về thi hành án hình sự tại cộng đồng năm 2026.|1
21635|41|2026-08-20 14:48:56|2026-08-24 10:10:34|53324||Ra mắt mô hình “Điểm tựa” về công tác tái hòa nhập cộng đồng trên địa bàn phường Phủ Lý, tỉnh Ninh Bình.|1
21636|30|2026-08-20 14:55:52|2026-08-21 11:38:22|53327||Giáo dục truyền thống qua những thước phim về cách mạng tháng Tám.|1
21637|66|2026-08-20 15:06:25|2026-08-21 11:38:34|53330||Công an xã Tân Phú ra mắt mô hình “Khéo trong công tác vận động các tầng lớp nhân dân tham gia quản lý, giáo dục, giúp đỡ người tái hoà nhập cộng đồng”.|1
21638|NULL|2026-08-20 16:02:51|2026-08-21 11:38:48|53333||Tham luận của Công an tỉnh Ninh Bình về công tác tái hoà nhập cộng đồng.|1
21639|106|2026-08-20 16:12:14|2026-08-21 11:39:00|53336||Phòng Cảnh sát thi hành án hình sự và hỗ trợ tư pháp tổ chức chuỗi các hoạt động nhân dịp kỷ niệm 81 năm Ngày truyền thống Công an nhân dân (19/8/1945 – 19/8/2026).|1
21640|NULL|2026-08-20 16:20:09|2026-08-21 11:39:15|53339||Hội nghị tổng kết công tác đặc xá và công tác tái hoà nhập cộng đồng đối với người được đặc xá năm 2026.|1
21641|68|2026-08-20 16:26:59|2026-08-21 11:39:25|53342||Sáng 13/8/2026, UBND phường Tiến Thành tổ chức Lễ ra mắt mô hình “Cầu nối tái hòa nhập cộng đồng đối với người chấp hành xong hình phạt tù”, nhằm đồng hành, hỗ trợ người chấp hành xong hình phạt tù ổn định cuộc sống, từng bước tái hòa nhập cộng đồng, hạn c|1
21642|84|2026-08-20 16:33:29|2026-08-21 11:39:40|53345||Đến nay, hơn 13.000 người chấp hành xong án phạt tù, được vay trên 1.000 tỷ đồng để sản xuất, kinh doanh, phát triển kinh tế gia đình và ổn định cuộc sống.|1
21643|100|2026-08-21 10:37:51|2026-08-21 11:39:55|53348||Hội nghị tổng kết công tác đặc xá và công tác tái hòa nhập cộng đồng đối với người được đặc xá năm 2026.|1
21644|124|2026-08-21 10:45:03|2026-08-21 11:40:06|53351||Khi các địa phương, cơ quan, tổ chức, doanh nghiệp tạo điều kiện giúp đỡ, người được đặc xá sẽ chủ động vươn lên, phát triển kinh tế và đóng góp cho cộng đồng.|1
21645|75|2026-08-21 14:47:12|2026-08-22 14:03:43|53354||Thực hiện kế hoạch, chỉ đạo của Bộ Công an và Công an tỉnh, Công an xã Văn Giang đã chủ động triển khai nhiều giải pháp quản lý, giáo dục người chấp hành án hình sự tại cộng đồng, góp phần phòng ngừa tái phạm, tạo điều kiện để người chấp hành xong án phạt |1
21646|68|2026-08-21 15:09:09|2026-08-22 14:03:43|53357||Sáng ngày 20/8/2026, tại điểm cầu Công an tỉnh Lào Cai, đồng chí Đại tá Trịnh Khắc Cường, Giám đốc Công an tỉnh, chủ trì Hội nghị trực tuyến tổng kết công tác đặc xá năm 2026 và công tác tái hòa nhập cộng đồng đối với người được đặc xá. Hội nghị được tổ ch|1
21647|80|2026-08-21 21:02:36|2026-08-22 14:03:43|53360||Công an xã Púng Bánh đẩy mạnh giúp đỡ người lầm lỡ tái hòa nhập cộng đồng.|1
21648|76|2026-08-21 21:10:15|2026-08-22 14:03:43|53363||Công an Sơn La tập huấn công tác thi hành án hình sự và tái hòa nhập cộng đồng|1
21649|71|2026-08-21 21:39:47|2026-08-22 14:03:43|53366||Nhằm cụ thể hóa chính sách nhân văn của Đảng, Nhà nước và Bộ Công an, vừa qua, Công an xã Bom Bo và Công an các xã Bù Đăng, Phước Sơn, Nghĩa Trung, Thọ Sơn, Đak Nhau đã tổ chức lễ ký kết Chương trình phối hợp với Phòng giao dịch Ngân hàng Chính sách Xã hội|1
21650|112|2026-08-21 22:15:02|2026-08-22 14:52:30|53372||Công an xã Nam Tiên Hưng ra mắt mô hình “Thắp sáng niềm tin” giúp đỡ người chấp hành xong án phạt tù tái hòa nhập cộng đồng.|1
21651|78|2026-08-21 22:26:01|2026-08-22 14:03:03|53375||Công an tỉnh Hưng Yên tổ chức họp xét, đề nghị giảm thời hạn chấp hành án phạt tù cho phạm nhân đợt 02/9/2026.|1
21652|NULL|2026-08-24 09:50:37|2026-08-24 10:10:53|53378||Đặc xá - Chính sách nhân văn, mở lối hoàn lương|1
21653|1|2026-08-24 10:25:27|2026-08-25 21:41:47|53381||Lực lượng Công an tỉnh Tuyên Quang triển khai nhiều giải pháp hỗ trợ việc làm, vay vốn, giúp người chấp hành xong án phạt tù ổn định cuộc sống, tái hòa nhập cộng đồng.|1
21654|1|2026-08-24 10:40:37|2026-08-25 21:42:53|53384||Thực hiện chỉ đạo của Giám đốc Công an tỉnh về công tác kiểm tra, hướng dẫn nghiệp vụ, đoàn công tác đã trực tiếp kiểm tra hồ sơ, sổ sách và làm việc với Công an các xã nhằm đánh giá thực chất kết quả thi hành án hình sự tại cộng đồng, tái hòa nhập cộng đồ|1
21655|NULL|2026-08-24 10:56:56|2026-08-25 21:45:31|53390||Ngày 23/5/2026, tại xã An Phước, thành phố Đồng Nai, Phòng Cảnh sát thi hành án hình sự và hỗ trợ tư pháp Công an thành phố phối hợp với UBND xã tổ chức Hội nghị ra mắt mô hình “Hỗ trợ vay vốn, phát huy quỹ tín dụng trong tái hòa nhập cộng đồng”. Tham dự c|1
21656|NULL|2026-08-24 16:04:55|2026-08-25 21:46:12|53393||Một bản án có thể khép lại một chặng đường, nhưng không thể khép lại cơ hội làm lại cuộc đời. Với người chấp hành xong án phạt tù, người đang cai nghiện ma túy, trở về cộng đồng không chỉ cần sự quản lý, giáo dục mà còn cần một điểm tựa để bắt đầu lại. Đó |1
21657|NULL|2026-08-25 11:08:47|2026-08-25 21:46:01|53396||Chiều ngày 21/8/2026, Công an xã Thới An Hội đã tham mưu Uỷ ban nhân dân xã tổ chức thành công Hội nghị triển khai kế hoạch và ra mắt mô hình “Chung tay giúp đỡ người tái hòa nhập cộng đồng”.|1
21658|NULL|2026-08-25 14:09:32|2026-08-25 21:45:47|53399||Ở xã Thạch An, tỉnh Cao Bằng giữa những cánh rừng xanh ngút ngàn, những cây quế được xuống giống không chỉ để phủ xanh đất rừng, tạo thêm sinh kế. Với những người từng lầm lỡ, mỗi cây quế còn là một “mầm hy vọng” được gieo xuống bằng sự sẻ chia, niềm tin v|1
21659|NULL|2026-08-25 14:22:30|2026-08-25 21:44:46|53402||Lồng ghép với các hoạt động kỷ niệm 21 năm “Ngày hội toàn dân bảo vệ an ninh Tổ quốc” (19/8/2005 - 19/8/2026), xã Krông Năng tổ chức lễ ra mắt mô hình “Quản lý, giáo dục, giúp đỡ người tái hòa nhập cộng đồng” trên địa bàn xã. Đây là hoạt động nhằm phát huy|1
21660|4|2026-08-25 14:39:30|2026-08-25 21:44:34|53405||Nhằm tăng cường công tác quản lý, giáo dục và hỗ trợ người chấp hành xong án phạt tù, người đang chấp hành án hình sự tại cộng đồng sớm ổn định cuộc sống, Công an xã Liên Bão đã tổ chức Hội nghị tuyên truyền, phổ biến, giáo dục pháp luật về thi hành án hìn|1
21661|5|2026-08-25 14:50:37|2026-08-25 21:44:04|53408||Với phương châm “không để ai bị bỏ lại phía sau”, Công an phường Cửa Ông luôn quan tâm, hỗ trợ những người chấp hành xong án phạt tù trở về địa phương, giúp họ ổn định cuộc sống, có việc làm và từng bước tái hòa nhập cộng đồng.|1
21662|4|2026-08-25 14:55:00|2026-08-25 21:44:22|53411||Thực hiện chủ trương của Đảng, Nhà nước về công tác tái hòa nhập cộng đồng, thời gian qua, Công an phường Móng Cái 1 đã chủ động phối hợp với Phòng Giao dịch Móng Cái - Ngân hàng Chính sách xã hội, chính quyền địa phương và các tổ chức đoàn thể triển khai |1
21663|11|2026-08-25 15:02:17|2026-08-25 21:43:52|53414||Với phương châm giúp đỡ người chấp hành xong án phạt tù ổn định cuộc sống, hạn chế tái phạm, Công an xã Thống Nhất đã chủ động phối hợp với cấp ủy, chính quyền, các ban, ngành, đoàn thể và gia đình triển khai nhiều giải pháp hỗ trợ, tạo điều kiện để những |1
21664|34|2026-08-25 15:06:00|2026-08-25 21:43:41|53417||Thực hiện chỉ đạo của Công an tỉnh về triển khai số hóa hồ sơ thi hành án hình sự tại cộng đồng và tái hòa nhập cộng đồng, Công an xã Kỳ Thượng đã chủ động tổ chức rà soát, cập nhật, chuẩn hóa thông tin đối với người chấp hành xong án phạt tù, người được đ|1
21665|27|2026-08-25 15:10:31|2026-08-25 21:43:27|53420||Nhằm thực hiện tốt công tác quản lý, giáo dục, giúp đỡ người chấp hành xong án phạt tù tái hòa nhập cộng đồng, thời gian qua, Công an xã Đầm Hà đã phối hợp với Trưởng thôn, Ban Công tác Mặt trận thôn tổ chức thăm hỏi, động viên và nắm tình hình đời sống, v|1
21666|48|2026-08-25 16:03:06|2026-08-25 21:43:14|53423||Sáng ngày 11/8/2026, tại Hội trường giao ban, Công an xã Bình Định (tỉnh Hưng Yên) đã tổ chức Lễ ra mắt mô hình "Giúp đỡ người tái hòa nhập cộng đồng trên địa bàn xã Bình Định". Đây là mô hình mang ý nghĩa nhân văn sâu sắc, nhằm lan tỏa tinh thần thấu hiểu|1
21667|52|2026-08-25 16:08:24|2026-08-25 21:43:04|53426||Với tinh thần “không để ai bị bỏ lại phía sau” thời gian qua, Công an xã Hoàng Hoa Thám đã chủ động tổ chức gặp gỡ, giáo dục, đồng hành đối với người được đặc xá, người chấp hành xong án phạt tù trở về địa phương, qua đó góp phần phòng ngừa tái phạm, vi ph|1
21668|61|2026-08-25 16:19:06|2026-08-25 21:42:40|53429||Ngày 14/8/2026, Công an xã Tân Cương tổ chức hội nghị tuyên truyền, phổ biến, giáo dục pháp luật về Luật Thi hành án hình sự năm 2025; Luật Thi hành tạm giữ, tạm giam và cấm đi khỏi nơi cư trú; Quyết định số 22/2023/QĐ-TTg của Thủ tướng Chính phủ về tín dụ|1
21669|60|2026-08-25 16:22:18|2026-08-25 21:42:30|53432||Vừa qua, Phòng Cảnh sát thi hành án hình sự và hỗ trợ tư pháp (THAHS và HTTP) Công an tỉnh tỉnh Thái Nguyên tổ chức lễ ra mắt mô hình dân vận khéo “Hành trình chung tay” và “Quản lý giúp đỡ người được tha tù trước thời hạn có điều kiện ổn định cuộc sống ho|1
21670|46|2026-08-25 16:26:22|2026-08-25 21:42:19|53435||Thời gian qua, Phòng Cảnh sát thi hành án hình sự và hỗ trợ tư pháp, Công an tỉnh đã tích cực phối hợp với Công an các xã, phường trên địa bàn tỉnh tổ chức tuyên truyền, phổ biến pháp luật về công tác thi hành án hình sự tại cộng đồng và tái hòa nhập cộng |1
21671|66|2026-08-25 16:30:54|2026-08-25 21:42:10|53438||Thực hiện Quyết định số 22/2023/QĐ-TTg ngày 17/8/2023 của Thủ tướng Chính phủ về tín dụng đối với người chấp hành xong án phạt tù, thời gian qua, Công an xã Kha Sơn đã tích cực, thực hiện đồng bộ các giải pháp tạo điều kiện để người chấp hành xong án phạt |1
21672|47|2026-08-25 16:33:01|2026-08-26 16:03:19|53441||Xác định công tác quản lý, giáo dục người chấp hành xong án phạt tù tái hòa nhập cộng đồng là nhiệm vụ quan trọng trong công tác phòng ngừa tội phạm, bảo đảm an ninh, trật tự tại cơ sở, thời gian qua, Công an phường Tích Lương đã chủ động tham mưu cấp ủy, |1
21673|269|2026-08-26 14:38:33|2026-08-26 16:03:02|53444||Thứ trưởng Bộ Giáo dục và Đào tạo Lê Quân cho biết, việc chuyển giao nguyên trạng 3 cơ sở giáo dục nghề nghiệp sang Bộ Công an không đơn thuần là sự thay đổi cơ quan chủ quản hành chính, mà là mở ra một giai đoạn phát triển mới.|1
21674|59|2026-08-26 14:52:20|2026-08-26 16:03:34|53447||Phòng Cảnh sát thi hành án hình sự và hỗ trợ tư pháp của 02 đơn vị: Công an tỉnh Nghệ An và Công an thành phố Đà Nẵng vừa chủ trì, phối hợp bắt giữ thành công Nguyễn Xuân Vinh (SN 1983), trú thị xã Điện Bàn, tỉnh Quảng Nam (nay là phường Điện Bàn Bắc, thàn|1
21675|NULL|2026-08-26 15:26:13|2026-08-26 16:05:24|53450||Cần Thơ - Tuyên truyền, hỗ trợ người thuộc diện tái hòa nhập cộng đồng|1
21676|97|2026-08-27 10:47:32|2026-08-27 17:09:01|53453||Công an xã Sơn Lâm ra mắt 02 mô hình Dân vận khéo “An toàn không gian mạng, vững vàng chuyển đổi số” và “Vận động Nhân dân cùng đồng hành trong công tác tái hòa nhập cộng đồng”.|1
21677|156|2026-08-27 14:39:52|2026-08-27 17:09:20|53456||Tổ chức Hội nghị triển khai Luật Thi hành án hình sự và Luật Thi hành tạm giữ, tạm giam và cấm đi khỏi nơi cư trú|1
21678|39|2026-08-27 14:45:37|2026-08-27 17:09:37|53459|||1
21679|49|2026-08-27 15:00:44|2026-08-27 17:09:54|53462|||1
21680|37|2026-08-27 15:07:34|2026-08-27 17:10:08|53465||Hội nghị tăng cường kiểm tra, đánh giá, nâng cao hiệu quả công tác quản lý, bảo quản, xử lý vật chứng, đồ vật, tài liệu.|1
21681|56|2026-08-27 15:28:24|2026-08-27 17:10:23|53468||Thực hiện Chương trình phối hợp số 89/CTrPH-CAT-UBMTTQVNT-SNV-CNNHCSXHT, ngày 16/6/2026 giữa Công an tỉnh Ninh Bình, Ủy ban Mặt trận Tổ quốc Việt Nam tỉnh Ninh Bình, Sở Nội vụ tỉnh Ninh Bình và Chi nhánh Ngân hàng Chính sách xã hội tỉnh Ninh Bình về “Tiếp |1
21683|26|2026-08-28 08:57:11|2026-08-28 08:57:11|53474||Sáng 27/8/2026, Tòa án nhân dân khu vực 11, tỉnh Đắk Lắk đã tổ chức phiên tòa xét xử lưu động 01 bị cáo về tội “Sử dụng trái phép chất ma túy” quy định tại điểm b khoản 1 Điều 256a Bộ luật Hình sự.|0
21684|NULL|2026-08-28 09:28:58|2026-08-28 10:56:45|53477||Ngày 21/8/2026, Ủy ban nhân dân phường Vĩnh Phước tổ chức Lễ ra mắt mô hình “Chung tay giúp đỡ người hoàn lương”, nhằm huy động sức mạnh của cả hệ thống chính trị và toàn xã hội trong quản lý, giáo dục, giúp đỡ người chấp hành xong án phạt tù tái hòa nhập |0
21685|NULL|2026-08-28 11:01:15|2026-08-28 11:01:15|53480||Ngày 27-8, UBND xã Sơn Vĩ phối hợp với Chi nhánh Ngân hàng Chính sách xã hội Mèo Vạc tổ chức hội nghị thông tin, tuyên truyền, giới thiệu việc làm, đào tạo nghề và hỗ trợ vay vốn đối với người chấp hành xong án phạt tù về cư trú trên địa bàn.|0
