10468	49689	/lorem-ipsum-dolor-sit-amet-consect-etur-adipiscing-elit-sed-do-eiusmod-tempor.html	Lorem ipsum dolor sit amet, consect etur adipiscing elit, sed do eiusmod tempor
10469	49712	/cupidatat-non-proident-sed-ut-perspiciatis-unde-omnis-iste-natus-error-sit-voluptatem.html	Cupidatat non proident. Sed ut perspiciatis unde omnis iste natus error sit voluptatem.
10471	49709	/sed-ut-perspiciatis-unde-omnis-iste-natus-error-sit-voluptatem.html	Sed ut perspiciatis unde omnis iste natus error sit voluptatem.
10473	49706	/cupidatat-non-proident-sed-ut-perspiciatis-unde-omnis-iste-natus-error-sit-voluptatem.html	Cupidatat non proident. Sed ut perspiciatis unde omnis iste natus error sit voluptatem.
10474	49693	/lorem-ipsum-dolor-sit-amet-consect-etur-adipiscing-elit-sed-do-eiusmod-tempor.html	Lorem ipsum dolor sit amet, consect etur adipiscing elit, sed do eiusmod tempor
10475	49703	/cupidatat-non-proident-sed-ut-perspiciatis-unde-omnis-iste-natus-error-sit-voluptatem.html	Cupidatat non proident. Sed ut perspiciatis unde omnis iste natus error sit voluptatem.
10476	0	/sed-ut-perspiciatis-unde-omnis-iste-natus-error-sit-voluptatem.html	Sed ut perspiciatis unde omnis iste natus error sit voluptatem.
10477	49715	/cupidatat-non-proident-sed-ut-perspiciatis-unde-omnis-iste-natus-error-sit-voluptatem.html	Cupidatat non proident. Sed ut perspiciatis unde omnis iste natus error sit voluptatem.
10478	49696	/lorem-ipsum-dolor-sit-amet-consect-etur-adipiscing-elit-sed-do-eiusmod-tempor.html	Lorem ipsum dolor sit amet, consect etur adipiscing elit, sed do eiusmod tempor
10479	49728	/nguoi-lao-dong-khong-dong-y-voi-phuong-an-luu-tru-theo-yeu-cau-3-tai-cho-cua-doanh-nghiep-co-the-mat-viec.html	Người lao động không đồng ý với phương án lưu trú theo yêu cầu “3 tại chỗ” của doanh nghiệp có thể mất việc
10480	49777	/lam-tot-cong-tac-phong-ngua-vi-pham-ve-vu-khi-vat-lieu-no-gop-phan-keo-giam-toi-pham.html	Làm tốt công tác phòng ngừa vi phạm về vũ khí, vật liệu nổ, góp phần kéo giảm tội phạm
10481	49774	/ra-mat-mo-hinh-to-tuyen-truyen-hoa-giai-mau-thuan-noi-bo-nhan-dan.html	Ra mắt mô hình “Tổ tuyên truyền, hòa giải mâu thuẫn nội bộ nhân dân”
10489	49780	/ho-tro-nguoi-ket-thuc-chap-hanh-an-tai-hoa-nhap-cong-dong.html	Hỗ trợ người kết thúc chấp hành án tái hòa nhập cộng đồng
10490	49783	/trien-khai-chinh-sach-tin-dung.html	Triển khai chính sách tín dụng
10491	49790	/bac-ninh-tong-ket-so-ket-cac-chi-thi-nghi-dinh-quyet-dinh-va-bieu-duong-mo-hinh-dien-hinh-tien-tien-trong-tai-hoa-nhap-cong-dong.html	Bắc Ninh: Tổng kết, sơ kết các chỉ thị, nghị định, quyết định và biểu dương mô hình, điển hình tiên tiến trong tái hòa nhập cộng đồng
10493	49793	/khai-giang-khoa-hoc-ky-nang-quay-phim-chup-anh-dung-phim-co-ban.html	KHAI GIẢNG KHOÁ HỌC: KỸ NĂNG QUAY PHIM, CHỤP ẢNH & DỰNG PHIM CƠ BẢN
10498	0	/test-av-a.html	test av á
10502	49805	/chung-tay-giup-nguoi-lam-lo-tai-hoa-nhap-cong-dong.html	Quảng Ninh: Chung tay giúp người lầm lỡ tái hòa nhập cộng đồng
10503	49808	/lai-chau-phat-huy-hieu-qua-cac-mo-hinh-tai-hoa-nhap-cong-dong.html	Lai Châu: Phát huy hiệu quả các mô hình tái hòa nhập cộng đồng
10504	49811	/hai-duong-hieu-qua-mo-hinh-tai-hoa-nhap-cong-dong-o-nam-sach.html	Hải Dương: Hiệu quả mô hình tái hòa nhập cộng đồng ở Nam Sách
10505	49814	/bac-giang-cung-chung-tay-giup-do-nhung-nguoi-lam-loi-tai-hoa-nhap-cong-dong.html	Bắc Giang: Cùng chung tay giúp đỡ những người lầm lỗi tái hòa nhập cộng đồng
10506	49820	/tap-huan-nghiep-vu-cong-tac-thi-hanh-an-hinh-su-tai-cong-dong-va-tai-hoa-nhap-cong-dong.html	Bắc Ninh: Tập huấn công tác thi hành án hình sự và tái hòa nhập cộng đồng năm 2025
10507	49832	/bao-ha-giang-giup-nguoi-lam-lo-tai-hoa-nhap-cong-dong.html	Hà Giang: Giúp người lầm lỡ tái hòa nhập cộng đồng
10508	49826	/bao-lao-dong-thu-do-trien-khai-cac-bien-phap-bao-dam-tai-hoa-nhap-cong-dong-doi-voi-nguoi-chap-hanh-xong-hinh-phat-tu.html	Hà Nội: Triển khai các biện pháp bảo đảm tái hòa nhập cộng đồng đối với người chấp hành xong hình phạt tù
10509	49823	/cong-thong-tin-dien-tu-tinh-nam-dinh-cong-an-tinh-nam-dinh-to-chuc-hoi-nghi-tap-huan-cong-tac-thi-hanh-an-hinh-su-tai-cong-dong-va-tai-hoa-nhap-cong-dong-nam-2024.html	Nam Định: Công an tỉnh Hội nghị tập huấn công tác thi hành án hình sự tại cộng đồng và tái hòa nhập cộng đồng năm 2024
10510	49817	/nam-dinh-tiep-luc-giup-nguoi-chap-hanh-xong-an-phat-tu-tai-hoa-nhap-cong-dong.html	Nam Định:  Tiếp lực giúp người chấp hành xong án phạt tù tái hoà nhập cộng đồng
10511	49829	/lam-dong-giup-nguoi-chap-hanh-xong-an-phat-tu-tai-hoa-nhap-cong-dong.html	Lâm Đồng: Giúp người chấp hành xong án phạt tù tái hòa nhập cộng đồng
10512	49835	/thu-truong-bo-cong-an-le-van-tuyen-kiem-tra-cong-tac-dac-xa-nam-2025-tai-ha-noi.html	Thứ trưởng Bộ Công an Lê Văn Tuyến kiểm tra công tác đặc xá năm 2025 tại Hà Nội
10513	49838	/ban-chi-dao-ve-dac-xa-cua-bo-cong-an-xet-duyet-ho-so-xet-de-nghi-dac-xa-nam-2025-cho-cac-pham-nhan.html	Ban Chỉ đạo về đặc xá của Bộ Công an xét duyệt hồ sơ xét đề nghị đặc xá năm 2025 cho các phạm nhân
10515	49854	/thanh-pho-ho-chi-minh-ho-tro-phu-nu-hoan-luong-tai-hoa-nhap-cong-dong.html	HỒ CHÍ MINH: Hỗ trợ phụ nữ hoàn lương, tái hòa nhập cộng đồng
10516	49841	/binh-thuan-thuc-hien-tot-cong-tac-tai-hoa-nhap-cong-dong-gop-phan-dam-bao-an-ninh-trat-tu-tren-dia-ban-tinh.html	Bình Thuận: Thực hiện tốt công tác tái hòa nhập cộng đồng góp phần đảm bảo an ninh, trật tự trên địa bàn tỉnh
10517	49844	/thanh-hoa-dien-dan-tu-van-phap-ly-va-ho-tro-tai-hoa-nhap-cong-dong-cho-nguoi-chap-hanh-xong-an-phat-tu.html	 Thanh Hóa: Diễn đàn tư vấn pháp lý và hỗ trợ tái hòa nhập cộng đồng cho người chấp hành xong án phạt tù
10518	49851	/tai-hoa-nhap-cong-dong-cho-nhung-nguoi-duoc-dac-xa.html	Tái hòa nhập cộng đồng cho những người được đặc xá
10519	49911	/vinh-phuc-mo-hinh-giup-do-nguoi-chap-hanh-xong-an-phat-tu-tai-hoa-nhap-cong-dong-o-xa-dong-tinh.html	Vĩnh Phúc: Tập huấn công tác thi hành án hình sự tại cộng đồng và tái hòa nhập cộng đồng
10520	49908	/bac-lieu-nang-cao-trach-nhiem-trong-cong-tac-tai-hoa-nhap-cong-dong.html	Bạc Liêu: Nâng cao trách nhiệm trong công tác tái hòa nhập cộng đồng
20521	49847	/cac-trai-giam-dong-loat-cong-bo-quyet-dinh-dac-xa-dip-le-30-4.html	Các trại giam đồng loạt công bố quyết định đặc xá dịp Lễ 30/4
20522	49860	/binh-thuan-thuc-hien-tot-cong-tac-tai-hoa-nhap-cong-dong-gop-phan-dam-bao-an-ninh-trat-tu-tren-dia-ban-tinh.html	Bình Thuận: Thực hiện tốt công tác tái hòa nhập cộng đồng góp phần đảm bảo an ninh, trật tự trên địa bàn tỉnh
20523	49863	/kontum-thuc-hien-tot-cong-tac-tai-hoa-nhap-cong-dong-doi-voi-nguoi-chap-hanh-xong-an-phat-tu-gop-phan-bao-dam-an-ninh-trat-tu-va-cac-van-de-xa-hoi-khac-o-dia-phuong.html	KonTum: Thực hiện tốt công tác tái hòa nhập cộng đồng đối với người chấp hành xong án phạt tù góp phần bảo đảm an ninh, trật tự và các vấn đề xã hội khác ở địa phương
20524	49869	/quang-binh-cuc-canh-sat-quan-ly-tam-giu-tam-giam-va-thi-hanh-an-hinh-su-tai-cong-dong-c11-to-chuc-lop-tap-huan-cong-tac-thi-hanh-an-hinh-su-va-tai-hoa-nhap-cong-dong-cho-cong-an-cac-dia-phuong.html	QUẢNG BÌNH: Cục Cảnh sát quản lý tạm giữ, tạm giam và thi hành án hinh sự tại cộng đồng (C11) tổ chức lớp tập huấn công tác Thi hành án hình sự và tái hòa nhập cộng đồng cho Công an các địa phương.
20525	49866	/tay-ninh-tin-dung-voi-nguoi-hoan-luong-diem-tua-tai-hoa-nhap-cong-dong.html	Tây Ninh: Tín dụng với người hoàn lương- Điểm tựa tái hòa nhập cộng đồng
20526	49857	/lam-tot-cong-tac-tai-hoa-nhap-cong-dong-gop-phan-ngan-chan-toi-pham.html	Quảng Ninh:  Làm tốt công tác tái hòa nhập cộng đồng góp phần kéo giảm tỷ lệ tái phạm tội
20527	49872	/binh-phuoc-nang-cao-hieu-qua-cong-tac-thi-hanh-an-hinh-su-tai-cong-dong-va-tai-hoa-nhap-cong-dong.html	BÌNH PHƯỚC: Nâng cao hiệu quả công tác thi hành án hình sự tại cộng đồng và tái hoà nhập cộng đồng
20528	49875	/guong-sang-hoan-luong.html	Gương sáng hoàn lương
20529	49878	/ha-nam-to-chuc-phien-giao-dich-viec-lam-cho-hoc-sinh-nguoi-lao-dong-nguoi-duoc-dac-xa-nam-2025.html	Hà Nam: Tổ chức Phiên giao dịch việc làm cho học sinh, người lao động, người được đặc xá năm 2025
20530	49881	/trai-giam-quang-ninh-to-chuc-le-cong-bo-quyet-dinh-dac-xa-cua-chu-tich-nuoc-dip-30-4.html	Trại giam Quảng Ninh tổ chức lễ công bố quyết định đặc xá của Chủ tịch nước dịp 30/4
20531	49884	/hai-duong-tang-cuong-nang-luc-cho-can-bo-xa-trong-cong-tac-thi-hanh-an-hinh-su-tai-cong-dong-va-tai-hoa-nhap-cong-dong.html	Tập huấn tăng cường năng lực cho chỉ huy, cán bộ công an cấp xã trong công tác Thi hành án hình sự tại cộng đồng và tái hòa nhập cộng đồng.
20532	49887	/phien-giao-dich-viec-lam-cho-nguoi-chxapt-tro-ve-hoa-nhap-cong-dong-o-ha-nam.html	HÀ NAM: Phiên giao dịch việc làm cho người CHXAPT trở về hòa nhập cộng đồng ở Hà Nam
20533	49890	/toan-van-quyet-dinh-266-2025-qd-ctn-ve-dac-xa-nam-2025.html	 Toàn văn Quyết định 266/2025/QĐ-CTN về đặc xá năm 2025
20534	49893	/nghi-dinh-so-49-2020-nd-cp-ngay-17-04-2020-quy-dinh-chi-tiet-thi-hanh-luat-thi-hanh-an-hinh-su-ve-tai-hoa-nhap-cong-dong.html	NGHỊ ĐỊNH SỐ 49/2020/NĐ-CP, ngày 17/04/2020 QUY ĐỊNH CHI TIẾT THI HÀNH LUẬT THI HÀNH ÁN HÌNH SỰ VỀ TÁI HÒA NHẬP CỘNG ĐỒNG
20535	49896	/hoi-nghi-ban-ve-co-che-tin-dung-danh-cho-nguoi-chap-hanh-xong-an-phat-tu-giua-cuc-c11-va-ngan-hang-csxh-viet-nam.html	ẢNH: Hội nghị bàn về Cơ chế tín dụng dành cho người chấp hành xong án phạt tù, giữa Cục C11 và Ngân hàng CSXH Việt Nam
20536	49899	/cac-mo-hinh-va-ca-nhan-tieu-bieu-ve-cong-tac-thncd-o-dong-thap.html	Các mô hình và cá nhân tiêu biểu về công tác THNCĐ ở Đồng Tháp
20537	49902	/mot-so-giai-phap-nang-cao-hieu-qua-tai-hoa-nhap-cong-dong.html	Một số giải pháp nâng cao hiệu quả tái hòa nhập cộng đồng đối với người chấp hành xong án phạt tù
20538	49905	/tap-huan-cong-tac-tham-muu-tong-hop-tam-giu-tam-giam-http-va-thahs-tai-cong-dong-nam-2022-o-lao-cai.html	ẢNH: TẬP HUẤN CÔNG TÁC THAM MƯU, TỔNG HỢP, TẠM GIỮ TẠM GIAM, HTTP VÀ THAHS TẠI CỘNG ĐỒNG NĂM 2022 Ở LÀO CAI
20539	49914	/chi-thi-33-ve-tang-cuong-cac-bien-phap-bao-dam-tai-hoa-nhap-cong-dong-doi-voi-nguoi-chap-hanh-xong-an-phat-tu.html	CHỈ THỊ 33 VỀ TĂNG CƯỜNG CÁC BIỆN PHÁP BẢO ĐẢM TÁI HÒA NHẬP CỘNG ĐỒNG ĐỐI VỚI NGƯỜI CHẤP HÀNH XONG ÁN PHẠT TÙ
20540	49917	/mo-hinh-doanh-nhan-voi-an-ninh-trat-tu-antt-o-huyen-nga-son-thanh-hoa.html	MÔ HÌNH DOANH NHÂN VỚI AN NINH TRẬT TỰ (ANTT) Ở HUYỆN NGA SƠN, THANH HÓA
20541	49920	/mo-hinh-hoi-cuu-chien-binh-giup-do-nguoi-chap-hanh-xong-an-phat-tu-o-xa-linh-ho-huyen-vi-xuyen-ha-giang.html	Mô hình “Hội cựu chiến binh giúp đỡ người chấp hành xong án phạt tù” ở xã Linh Hồ, huyện Vị Xuyên, Hà Giang
20542	49923	/giao-luu-toa-dam-voi-nhung-nguoi-da-tung-mot-thoi-lam-lo.html	Giao lưu, tọa đàm với những người đã từng một thời lầm lỡ
20543	49926	https://youtu.be/3CVW4eR9rgo	BÔNG HỒNG CÀI ÁO
20544	49932	https://youtu.be/ul1UX4mf7M4	KHÁT VỌNG
20545	49935	https://youtu.be/IwYUitrLFxg	Kịch múa  "Ngày trở về"
20546	49938	https://youtu.be/zrYRjHb6rm0	Phiên chợ của tình người
20547	49941	https://youtu.be/Jf9jolD6470?si=2oKdW6fnJWFqGJ2s	Anh Đinh Văn Long, Hà Nam
20548	49944	/quyet-dinh-so-22-2023-qd-ttg-ve-tin-dung-doi-voi-nguoi-chap-hanh-xong-an-phat-tu.html	QUYẾT ĐỊNH SỐ 22/2023/QĐ-TTg  VỀ TÍN DỤNG ĐỐI VỚI NGƯỜI CHẤP HÀNH XONG ÁN PHẠT TÙ
20549	49947	/nhan-van-voi-mo-hinh-giup-do-nguoi-chap-hanh-xong-an-tu-tai-hoa-nhap-cong-dong.html	Nhân văn với Mô hình giúp đỡ người chấp hành xong án tù tái hòa nhập cộng đồng
20550	49950	/cau-hoi-ve-tai-hoa-nhap-cong-dong.html	HỎI - ĐÁP VỀ TÁI HÒA NHẬP CỘNG ĐỒNG
20553	49956	/vai-tro-cua-cong-tac-tai-hoa-nhap-cong-dong-doi-voi-nguoi-chap-hanh-xong-hinh-phat-tu.html	VAI TRÒ CỦA CÔNG TÁC TÁI HÒA NHẬP CỘNG ĐỒNG ĐỐI VỚI NGƯỜI CHẤP HÀNH XONG HÌNH PHẠT TÙ
20554	49953	/tien-hai-hieu-qua-tu-mo-hinh-quan-ly-giao-duc-giup-do-nguoi-chap-hanh-xong-an-phat-tu-tai-hoa-nhap-cong-dong.html	Huyện Tiền Hải (Thái Bình): Hiệu quả từ mô hình “Quản lý giáo dục, giúp đỡ người chấp hành xong án phạt tù tái hòa nhập cộng đồng”
20555	49959	/ra-mat-mo-hinh-tai-hoa-nhap-cong-dong-tren-dia-ban-xa-ea-blang-thi-xa-buon-ho.html	Đắk Lắk: Ra mắt mô hình “Tái hoà nhập cộng đồng” trên địa bàn xã Ea Blang, thị xã Buôn Hồ
20556	49962	/dac-xa-khoi-dau-cho-con-duong-huong-thien-cua-cac-pham-nhan.html	Đặc xá, khởi đầu cho con đường hướng thiện của các phạm nhân
20558	49968	/quang-ninh-phat-huy-hieu-qua-cong-tac-tai-hoa-nhap-cong-dong-bai-2.html	QUẢNG NINH: Phát huy hiệu quả công tác tái hoà nhập cộng đồng
20559	51068	/cong-tac-thi-hanh-an-hinh-su-tai-xa-phuong-thi-tran-trong-tinh-hinh-hien-nay-thuc-trang-va-giai-phap.html	Công tác thi hành án hình sự tại xã, phường, thị trấn trong tình hình hiện nay, thực trạng và giải pháp
20560	49971	/mo-cua-tuong-lai-nhung-manh-doi-tai-hoa-nhap-cong-dong-o-lao-cai.html	Mở cửa tương lai - Những mảnh đời tái hòa nhập cộng đồng ở Lào Cai
20561	49974	https://youtu.be/vNYyhyF8Iwg	“Đi về hướng bình minh”
20562	49977	/quyet-tam-dua-chinh-sach-nhan-van-di-sau-vao-thuc-tien-cuoc-song.html	HỒ CHÍ MINH: Quyết tâm đưa chính sách nhân văn đi sâu vào thực tiễn cuộc sống
20563	49980	https://youtu.be/4Dig-fG2CxU	BỘ CÔNG AN: Đặc xá, cơ hội để trở về
20565	49992	/cong-bo-quyet-dinh-dac-xa-cua-chu-tich-nuoc-nhan-dip-quoc-khanh-2-9-2025.html	BỘ CÔNG AN: Công bố Quyết định đặc xá của Chủ tịch nước nhân dịp Quốc khánh 2/9/2025
20566	49995	/cong-bo-quyet-dinh-dac-xa-nam-2025-dot-2-cua-chu-tich-nuoc.html	BỘ CÔNG AN: Công bố Quyết định đặc xá năm 2025 (đợt 2) của Chủ tịch nước
20568	50010	/cong-an-phuong-an-sinh-no-luc-dua-cong-tac-tai-hoa-nhap-cong-dong-di-vao-chieu-sau.html	QUẢNG NINH: Công an phường An Sinh, tỉnh Quảng Ninh nỗ lực đưa công tác tái hòa nhập cộng đồng đi vào chiều sâu
20570	50007	/nu-can-bo-cong-an-dong-hanh-giup-nguoi-lam-loi-hoan-luong.html	ĐỒNG THÁP: Nữ cán bộ Công an tận tụy, đồng hành giúp người lầm lỗi hoàn lương
20571	50013	/lai-chau-cong-bo-dac-xa-lan-2-cua-chu-tich-nuoc-nhan-dip-80-nam-quoc-khanh-2-9-2025.html	LAI CHÂU: Công bố đặc xá (lần 2) của Chủ tịch nước nhân dịp 80 năm Quốc khánh 2/9/2025
20572	50016	/day-manh-cong-tac-tai-hoa-nhap-cong-dong-tren-dia-ban-phuong-vinh-trai-tp-lang-son.html	LẠNG SƠN: Đẩy mạnh công tác tái hòa nhập cộng đồng trên địa bàn phường Vĩnh Trại, TP. Lạng Sơn
20573	50019	/tap-huan-nghiep-vu-thi-hanh-an-hinh-su-va-tai-hoa-nhap-cong-dong.html	QUẢNG NINH: Tập huấn nghiệp vụ thi hành án hình sự và tái hòa nhập cộng đồng
20574	50022	/cong-an-thanh-pho-hai-phong-tap-huan-cong-tac-thi-hanh-an-hinh-su-tai-cong-dong-va-tai-hoa-nhap-cong-dong-nam-2025.html	HẢI PHÒNG: CÔNG AN TP HẢI PHÒNG:  Tập huấn công tác thi hành án hình sự tại cộng đồng và tái hòa nhập cộng đồng năm 2025
20575	50025	/ha-tinh-phuong-bac-hong-linh-ra-mat-mo-hinh-phuong-bac-hong-linh-kieu-mau-ve-cong-tac-thi-hanh-an-hinh-su-tai-cong-dong-va-tai-hoa-nhap-cong-dong.html	HÀ TĨNH: Phường Bắc Hồng Lĩnh ra mắt mô hình "Phường Bắc Hồng Lĩnh kiểu mẫu về công tác thi hành án hình sự tại cộng đồng và tái hoà nhập cộng đồng"
20576	50028	/cong-an-tinh-ninh-binh-tap-huan-cong-tac-thi-hanh-an-hinh-su-tai-cong-dong-va-tai-hoa-nhap-cong-dong-nam-2025.html	NINH BÌNH: Công an tỉnh tập huấn công tác thi hành án hình sự tại cộng đồng và tái hoà nhập cộng đồng năm 2025
20577	50031	/tien-giang-tuyen-truyen-pho-bien-giao-duc-phap-luat-ve-cong-tac-tai-hoa-nhap-cong-dong-trong-dot-cao-diem-tan-cong-tran-ap-toi-pham.html	ĐỒNG THÁP: Tuyên truyền, phổ biến, giáo dục pháp luật về công tác tái hòa nhập cộng đồng trong đợt cao điểm tấn công trấn áp tội phạm
20578	50037	/cong-an-tinh-phu-tho-tap-huan-cong-tac-thi-hanh-an-hinh-su-tai-cong-dong-va-tai-hoa-nhap-cong-dong-nam-2025.html	PHÚ THỌ: CÔNG AN TỈNH PHÚ THỌ: Tập huấn công tác thi hành án hình sự tại cộng đồng và  tái hòa nhập cộng đồng năm 2025
20579	50087	/cong-an-tinh-tap-huan-cong-tac-thi-hanh-an-hinh-su-tai-cong-dong-va-tai-hoa-nhap-cong-dong-nam-2025.html	NINH BÌNH: Công an tỉnh tập huấn công tác thi hành án hình sự tại cộng đồng và tái hoà nhập cộng đồng năm 2025
20580	50047	/phuong-dong-son-to-chuc-hoi-nghi-tuyen-truyen-cam-hoa-tu-van-viec-lam-cho-nguoi-chap-hanh-xong-an-phat-tu.html	THANH HÓA: Phường Đông Sơn tổ chức Hội nghị tuyên truyền, cảm hoá, tư vấn việc làm cho người chấp hành xong án phạt tù
20581	50050	/cong-an-xa-quang-khe-ho-tro-nguoi-chap-hanh-xong-an-phat-tu-vay-von-uu-dai-tai-hoa-nhap-cong-dong.html	LÂM ĐỒNG: Công an xã Quảng Khê hỗ trợ người chấp hành xong án phạt tù vay vốn ưu đãi tái hòa nhập cộng đồng
20582	50053	/tham-tang-qua-nguoi-hoan-luong-nhan-ky-niem-80-nam-cach-mang-thang-tam-va-quoc-khanh-2-9.html	ĐỒNG NAI: PC10 Đồng Nai, thăm, tặng quà người hoàn lương nhân kỷ niệm 80 năm Cách mạng Tháng Tám và Quốc khánh 2/9
20583	50057	/pho-giam-doc-cong-an-tinh-nguyen-huy-hai-tham-hoi-dong-vien-nguoi-chap-hanh-xong-an-phat-tu-tai-phuong-an-loc.html	ĐỒNG NAI: Công an tỉnh Đông Nai thăm hỏi, động viên người chấp hành xong án phạt tù tại phường An Lộc
20584	50060	/no-luc-vuot-qua-kho-khan-quyet-tam-lam-lai-cuoc-doi.html	ĐỒNG NAI: Công an tỉnh Đồng Nai đã đến thăm hỏi, động viên và tặng quà cho 3 trường hợp CHXAPT, trở về địa phương THNCĐ tại xã Hưng Thịnh
20585	50063	/pho-giam-doc-cong-an-tinh-nguyen-huy-hai-tham-tang-qua-cho-nguoi-chap-hanh-xong-an-phat-tu-tai-xa-long-ha.html	ĐỒNG NAI: Công an tỉnh Đồng Nai thăm tặng quà cho người chấp hành xong án phạt tù tại xã Long Hà
20586	50066	/lao-cai-tap-huan-cong-tac-tai-hoa-nhap-va-thi-hanh-an-cong-dong.html	LÀO CAI: Tập huấn công tác tái hòa nhập cộng đồng và thi hành án hình sự tại cộng đồng
20587	50069	/so-ket-cong-tac-thi-hanh-an-hinh-su-tai-cong-dong-va-tai-hoa-nhap-cong-dong-6-thang-dau-nam-2025.html	TÂY NINH: Sơ kết công tác thi hành án hình sự tại cộng đồng và tái hòa nhập cộng đồng 6 tháng đầu năm 2025
20588	50072	/cong-an-xa-tan-luoc-dong-hanh-cung-dia-phuong-ho-tro-nguoi-chap-hanh-xong-an-phat-tu-duoc-vay-von.html	VĨNH LONG: Công an xã Tân Lược đồng hành cùng địa phương hỗ trợ người chấp hành xong án phạt tù được vay vốn
20589	50075	/quyet-tam-sua-doi-tot-sau-la-vap-nga.html	VĨNH LONG: Quyết tâm sửa đổi tốt sau lần vấp ngã
20590	50078	/cong-an-phuong-phong-coc-quan-tam-giao-duc-dong-vien-giup-do-doi-voi-nguoi-chap-hanh-xong-an-phat-tu.html	QUẢNG NINH: Công an phường Phong Cốc quan tâm giáo dục, động viên giúp đỡ đối với người chấp hành xong án phạt tù
20591	50081	/cong-an-phuong-vang-danh-ho-tro-giup-do-nguoi-duoc-dac-xa-tren-dia-ban-tai-hoa-nhap-cong-dong.html	QUẢNG NINH: Công an phường Vàng Danh hỗ trợ, giúp đỡ người được đặc xá trên địa bàn tái hoà nhập cộng đồng
20592	50084	/cong-an-tinh-to-chuc-hoi-nghi-tap-huan-cong-tac-thi-hanh-an-hinh-su-tai-cong-dong-va-tai-hoa-nhap-cong-dong-nam-2025.html	CAO BẰNG: Công an tỉnh tổ chức hội nghị tập huấn công tác thi hành án hình sự tại cộng đồng và tái hòa nhập cộng đồng năm 2025
20593	50090	/tuyen-truyen-tu-van-phap-luat-cho-cac-pham-nhan-tai-trai-giam-vinh-quang.html	BỘ CÔNG AN: Tuyên truyền, tư vấn pháp luật cho các phạm nhân tại Trại giam Vĩnh Quang
20594	50093	/cong-bo-quyet-dinh-dac-xa-cua-chu-tich-nuoc-nam-2025-dot-2.html	CÀ MAU: Công bố Quyết định đặc xá của Chủ tịch nước năm 2025 (đợt 2)
20595	50096	/46-pham-nhan-tai-thanh-pho-can-tho-duoc-huong-dac-xa-dip-quoc-khanh-2-9.html	CẦN THƠ: 46 phạm nhân tại thành phố Cần Thơ được hưởng đặc xá dịp Quốc khánh 2/9
20596	50099	/cong-an-tinh-an-giang-to-chuc-le-cong-bo-quyet-dinh-dac-xa-dot-2-9.html	AN GIANG: Công an tỉnh An Giang tổ chức Lễ công bố Quyết định đặc xá đợt 2/9
20597	50102	/cong-bo-quyet-dinh-dac-xa-cua-chu-tich-nuoc-nam-2025-dot-2.html	TÂY NINH: Công bố quyết định đặc xá của Chủ tịch nước năm 2025 (đợt 2)
20598	50105	/cong-an-tinh-dong-nai-cong-bo-quyet-dinh-dac-xa-cho-139-pham-nhan-dot-2-nam-2025.html	ĐỒNG NAI: Công an tỉnh Đồng Nai công bố quyết định đặc xá cho 139 phạm nhân đợt 2 năm 2025
20599	50108	/ngay-tro-ve-cua-pham-nhan-duoc-dac-xa.html	LÂM ĐỒNG: Ngày trở về của phạm nhân được đặc xá
20600	50111	/trai-tam-giam-so-1-cong-an-tinh-dak-lak-to-chuc-le-cong-bo-quyet-dinh-dac-xa-va-huong-nghiep-cho-pham-nhan-chuan-bi-tai-hoa-nhap-cong-dong-01-09-2025.html	ĐẮK LẮK: Trại tạm giam số 1 Công an tỉnh Đắk Lắk tổ chức Lễ công bố Quyết định đặc xá và hướng nghiệp cho phạm nhân chuẩn bị tái hòa nhập cộng đồng (01/09/2025)
20601	50114	/trao-quyet-dinh-dac-xa-cua-chu-tich-nuoc-cho-29-pham-nhan-cai-tao-tot.html	GIA LAI: Trao Quyết định đặc xá của Chủ tịch nước cho 29 phạm nhân cải tạo tốt
20602	50117	/cong-bo-quyet-dinh-dac-xa-cho-59-pham-nhan-tai-cac-trai-tam-giam-thuoc-cong-an-tp-da-nang.html	ĐÀ NẴNG: Công bố quyết định đặc xá cho 59 phạm nhân tại các Trại Tạm giam thuộc Công an TP Đà Nẵng
20603	50120	/phu-tho-tong-kiem-tra-ra-soat-cong-tac-thahs-tai-cong-dong-va-thncd-doi-voi-cong-an-cap-xa.html	PHÚ THỌ: Tổng kiểm tra, rà soát công tác THAHS tại cộng đồng và THNCĐ đối với Công an cấp xã
20604	50123	/trai-tam-giam-cong-an-tp-hue-cong-bo-quyet-dinh-dac-xa-nam-2025.html	HUẾ: Trại tạm giam Công an TP. Huế công bố Quyết định đặc xá năm 2025
20605	50126	/nang-cao-hieu-qua-cong-tac-thi-hanh-an-hinh-su-tai-cong-dong.html	 TÂY NINH: Nâng cao hiệu quả công tác thi hành án hình sự tại cộng đồng
20606	50129	/phuong-huong-tra-dong-hanh-ho-tro-nguoi-tai-hoa-nhap-cong-dong.html	ĐÀ NẴNG: Phường Hương Trà đồng hành hỗ trợ người tái hòa nhập cộng đồng
20607	50132	/lanh-dao-cong-an-tinh-dong-nai-tang-qua-cho-nguoi-chap-hanh-xong-an-phat-tu-tren-dia-ban-phuong-binh-phuoc.html	ĐỒNG NAI: Lãnh đạo Công an tỉnh Đồng Nai tặng quà cho người chấp hành xong án phạt tù trên địa bàn phường Bình Phước
20608	50135	/thanh-tra-cong-an-tinh-thanh-tra-viec-chap-hanh-cac-quy-dinh-cua-phap-luat-ve-thi-hanh-an-hinh-su-va-tai-hoa-nhap-cong-dong-tai-cac-don-vi-cap-xa.html	NINH BÌNH: Thanh tra Công an tỉnh thanh tra việc chấp hành các quy định của pháp luật về thi hành án hình sự và tái hòa nhập cộng đồng tại các đơn vị cấp xã
20609	50138	/chuyen-uom-mam-thien-tai-mot-trai-tam-giam.html	ĐÀ NẴNG: Chuyện ươm mầm thiện tại một trại tạm giam
20610	50141	/chi-hoi-luat-gia-bo-cong-an-phoi-hop-day-manh-tu-van-phap-luat-cho-pham-nhan.html	Chi hội Luật gia Bộ Công an phối hợp đẩy mạnh tư vấn pháp luật cho phạm nhân
20611	50144	/nguoi-tot-viec-tot.html	ĐỒNG THÁP: Người tốt việc tốt
20612	50147	/cau-lac-bo-nguoi-hoan-luong-diem-tua-cho-nhung-manh-doi-lam-lo.html	ĐỒNG THÁP: Câu lạc bộ Người hoàn lương - Điểm tựa cho những mảnh đời lầm lỡ
20613	50189	/gia-lai-2-nam-trao-von-tin-cho-nguoi-tro-ve.html	GIA LAI: 2 năm "trao vốn tin" cho người trở về
20614	50150	/diem-tua-cho-nhung-nguoi-tung-lam-lo-hoan-luong.html	CẦN THƠ: Điểm tựa cho những người từng lầm lỡ hoàn lương
20615	50153	/nhcsxh-co-trong-tap-27-phim-truyen-co-anh-noi-ay-binh-yen-vtv1-21h30-1692025.html	NHCSXH có trong tập 27 - Phim truyện: "CÓ ANH, NƠI ẤY BÌNH YÊN" (VTV1 - 21h30 - 16.9.2025)
20616	50192	/gia-lai-kiem-tra-viec-trien-khai-quyet-dinh-so-22-2023-qd-ttg-ve-tin-dung-ho-tro-nguoi-hoan-luong.html	GIA LAI: Kiểm tra việc triển khai Quyết định số 22/2023/QĐ-TTg về tín dụng hỗ trợ người hoàn lương
20617	50195	/phim-tai-lieu-buoc-ra-tu-bong-toi-vtv1.html	Phim tài liệu BƯỚC RA TỪ BÓNG TỐI VTV1
20618	50198	/cau-lac-bo-nguoi-hoan-luong-diem-tua-de-tro-ve-cho-.html	CẦN THƠ: Câu lạc bộ "Người hoàn lương"- Điểm tựa để trở về cho ...
20620	50156	/giup-do-nguoi-duoc-dac-xa-nhanh-chong-tai-hoa-nhap-cong-dong.html	 CÀ MAU: Giúp đỡ người được đặc xá nhanh chóng tái hòa nhập cộng đồng
20621	50201	/bai-viet-cua-tran-yen-dat-bon-mua-xanh.html	LÀO CAI: TRẤN YÊN ĐẤT BỐN MÙA XANH
20622	50159	/dong-chi-dai-ta-pham-thanh-tien-pho-giam-doc-cong-an-tinh-lam-viec-voi-phong-canh-sat-thi-hanh-an-hinh-su-va-ho-tro-tu-phap-cong-an-tinh-hung-yen.html	HƯNG YÊN: Lãnh đạo Công an tỉnh làm việc với Phòng Cảnh sát Thi hành án hình sự và hỗ trợ tư pháp
20623	50162	/giup-nguoi-lam-lo-tai-hoa-nhap-cong-dong.html	HƯNG YÊN: Phòng GD Ngân hàng Chính sách xã hội (CSXH) Hưng Hà tích cực triển khai, tiếp vốn kịp thời cho người chấp hành xong án phạt tù (CHXAPT)
20624	50165	/tuyen-truyen-phap-luat-cho-nguoi-tai-hoa-nhap-cong-dong-tai-xa-kham-duc.html	ĐÀ NẴNG: Tuyên truyền pháp luật cho người tái hòa nhập cộng đồng tại xã Khâm Đức
20625	50207	/cong-an-tinh-kiem-tra-cong-tac-thi-hanh-an-hinh-su-va-cong-tac-tai-hoa-nhap-cong-dong-tai-duc-pho.html	QUẢNG NGÃI: CÔNG AN TỈNH KIỂM TRA CÔNG TÁC THI HÀNH ÁN HÌNH SỰ VÀ CÔNG TÁC TÁI HÒA NHẬP CỘNG ĐỒNG TẠI PHƯỜNG ĐỨC PHỔ
20626	50210	/cong-an-tinh-kiem-tra-cong-tac-thi-hanh-an-hinh-su-tai-cong-dong-va-tai-hoa-nhap-cong-dong-tai-xa-binh-chuong.html	QUẢNG NGÃI: Công an tỉnh kiểm tra công tác thi hành án hình sự tại cộng đồng và tái hòa nhập cộng đồng tại xã Bình Chương
20627	50168	/kiem-tra-cong-tac-trien-khai-thuc-hien-tin-dung-doi-voi-nguoi-chap-hanh-xong-an-phat-tu.html	GIA LAI: Kiểm tra công tác triển khai thực hiện tín dụng đối với người chấp hành xong án phạt tù
20628	50213	/lam-dong-chung-tay-giup-nguoi-lam-lo-tai-hoa-nhap-cong-dong.html	LÂM ĐỒNG: Chung tay giúp người lầm lỡ tái hòa nhập cộng đồng
20629	50171	/cong-an-tphcm-tu-van-tam-ly-xoa-bo-mac-cam-cho-nguoi-tai-hoa-nhap-cong-dong.html	HỒ CHÍ MINH: Công an TPHCM: Tư vấn tâm lý, xóa bỏ mặc cảm cho người tái hòa nhập cộng đồng
20630	50918	/tang-cuong-nang-cao-hieu-qua-cong-tac-tuyen-truyen-ve-tai-hoa-nhap-cong-dong-doi-voi-nguoi-chap-hanh-xong-an-phat-tu.html	VĨNH LONG: Tăng cường, nâng cao hiệu quả công tác tuyên truyền về tái hòa nhập cộng đồng đối với người chấp hành xong án phạt tù
20631	50174	/ra-soat-nhu-cau-vay-von-chuong-trinh-tin-dung-voi-nguoi-chap-hanh-xong-an-phat-tu.html	QUẢNG NINH: Rà soát nhu cầu vay vốn chương trình tín dụng với người chấp hành xong án phạt tù
20632	50177	/cho-vay-doi-voi-nguoi-chap-hanh-xong-an-phat-tu.html	Ngân hàng Nhà nước - Chi nhánh khu vực 2: Cho vay đối với người chấp hành xong án phạt tù
20633	50180	/hieu-qua-tu-chuong-trinh-tin-dung-doi-voi-nguoi-chap-hanh-xong-an-phat-tu.html	THANH HÓA: Hiệu quả từ chương trình tín dụng đối với người chấp hành xong án phạt tù ở xã Yên Thọ
20634	50183	/trao-niem-tin-tao-dung-cuoc-song-cho-nguoi-chap-hanh-xong-an-phat-tu-o-phong-giao-dich-ngan-hang-chinh-sach-xa-hoi-nhcsxh-huong-thuy.html	HUẾ: Phòng Giao dịch Ngân hàng CSXH Hương Thủy tạo điều kiện cho các đối tượng hoàn lương vay vốn sản xuất, ổn định cuộc sống
20635	50186	/tin-dung-chinh-sach-la-diem-tua-cho-nguoi-dan.html	LÀO CAI: Tín dụng chính sách là điểm tựa cho người dân
20636	50204	/ha-tinh-dinh-huong-nghe-nghiep-gioi-thieu-viec-lam-cho-nguoi-duoc-dac-xa.html	HÀ TĨNH: Định hướng nghề nghiệp, giới thiệu việc làm cho người được đặc xá
20637	50216	/tuyen-truyen-va-tu-van-nghe-nghiep-cho-hon-100-nguoi-chap-hanh-xong-an-phat-tu-cu-tru-tren-dia-ban-phuong-binh-phuoc.html	ĐỒNG NAI: Tuyên truyền và tư vấn nghề nghiệp cho người CHXAPT cư trú trên địa bàn phường Bình Phước
20638	50219	/cong-an-xa-dai-phuoc-phoi-hop-to-chuc-tuyen-truyen-ho-tro-tai-hoa-nhap-cong-dong-cho-nguoi-chap-hanh-xong-an-phat-tu.html	ĐỒNG NAI: Công an xã Đại Phước phối hợp tổ chức tuyên truyền, hỗ trợ tái hòa nhập cộng đồng cho người chấp hành xong án phạt tù
20640	50225	/cong-an-xa-ky-thuong-tiep-nhan-giup-do-cong-dan-dac-xa-tai-hoa-nhap-cong-dong.html	QUẢNG NINH Công an xã Kỳ Thượng tiếp nhận, giúp đỡ công dân đặc xá tái hòa nhập cộng đồng
20641	50228	/ngan-hang-chinh-sach-xa-hoi-chau-thanh-giai-ngan-von-vay-cho-nguoi-chap-hanh-xong-an-phat-tu.html	VĨNH LONG: Ngân hàng Chính sách Xã hội Châu Thành giải ngân vốn vay cho người chấp hành xong án phạt tù
20642	50237	/ngan-hang-csxh-can-tho-nhip-cau-an-sinh-giua-long-do-thi-mien-tay.html	CẦN THƠ: Ngân hàng CSXH Cần Thơ-Nhịp cầu an sinh giữa lòng đô thị miền Tây
20643	50234	/vinh-long-tap-huan-cong-tac-thi-hanh-an-hinh-su-tai-cong-dong-va-cong-tac-tai-hoa-nhap-cong-dong-nam-2025.html	VĨNH LONG: Tập huấn công tác thi hành án hình sự tại cộng đồng  và công tác tái hòa nhập cộng đồng năm 2025
20644	50240	/thanh-hoa-cong-an-xa-trung-son-dung-mang-xa-hoi-de-giup-do-moi-nguoi-viec-tu-te-vtv24-28092025.html	THANH HÓA: Công an xã Trung Sơn dùng mạng xã hội để giúp đỡ mọi người (Việc tử tế_VTV24)_28.09.2025
20645	50243	/thai-nguyen-cong-an-tinh-to-chuc-lop-tap-huan-chuyen-sau-cho-cong-an-cap-xa.html	THÁI NGUYÊN: Công an tỉnh tổ chức lớp tập huấn chuyên sâu cho Công an cấp xã
20646	50246	/lao-cai-cong-an-tinh-lao-cai-nang-cao-hieu-qua-cong-tac-tai-hoa-nhap-cong-dong-gop-phan-giu-vung-an-ninh-trat-tu.html	LÀO CAI: Công an tỉnh Lào Cai nâng cao hiệu quả công tác tái hòa nhập cộng đồng, góp phần giữ vững an ninh, trật tự
20647	50249	/lang-son-thuc-hien-chinh-sach-tin-dung-cho-nguoi-chap-hanh-xong-an-phat-tu-tai-lang-son.html	LẠNG SƠN: Thực hiện chính sách tín dụng cho người chấp hành xong án phạt tù tại Lạng Sơn
20648	50252	/son-la-tuyen-truyen-thi-hanh-an-hinh-su-tai-hoa-nhap-cong-dong-2025.html	SƠN LA: tuyên truyền thi hành án hình sự, tái hòa nhập cộng đồng 2025
20649	50255	/son-la-hoi-nghi-tuyen-truyen-cong-tac-thi-hanh-an-hinh-su-va-tai-hoa-nhap-cong-dong-nam-2025.html	SƠN LA: Hội nghị tuyên truyền công tác thi hành án Hình sự và tái hòa nhập cộng đồng năm 2025
20650	50258	/vtv2-hieu-qua-tu-chinh-sach-dac-xa-2025-phat-song-ngay-30092025.html	VTV2_Hiệu quả từ Chính sách đặc xá 2025_Phát sóng ngày 30.09.2025
20651	50261	/lai-chau-tuyen-truyen-pho-bien-giao-duc-phap-luat-cho-150-nguoi-chap-hanh-xong-an-phat-tu.html	LAI CHÂU: Tuyên truyền, phổ biến, giáo dục pháp luật cho 150 người chấp hành xong án phạt tù
20652	50264	/son-la-ngay-23-9-tai-xa-phu-yen-co-quan-thi-hanh-an-hinh-su-cong-an-tinh-son-la-da-to-chuc-hoi-nghi-tap-huan-cong-tac-thi-hanh-an-hinh-su-va-tai-hoa-nhap-cong-dong-nam-2025.html	SƠN LA: Ngày 23/9, tại xã Phù Yên, Cơ quan thi hành án hình sự Công an tỉnh Sơn La đã tổ chức Hội nghị tập huấn công tác thi hành án hình sự và tái hòa nhập cộng đồng năm 2025.
20653	50267	/quang-ngai-cau-noi-cho-pham-nhan-va-nguoi-chap-hanh-xong-an-phat-tu-tai-hoa-nhap-cong-dong.html	QUẢNG NGÃI: "Cầu nối" cho phạm nhân và người chấp hành xong án phạt tù tái hòa nhập cộng đồng
20655	50273	/phu-tho-le-ra-mat-mo-hinh-nang-cao-hieu-qua-quan-ly-giao-duc-giup-do-nguoi-lam-loi-tai-hoa-nhap-cong-dong.html	PHÚ THỌ: Lễ ra mắt mô hình “Nâng cao hiệu quả quản lý, giáo dục,  giúp đỡ người lầm lỗi tái hòa nhập cộng đồng”
20656	50276	/ha-tinh-tam-long-nhan-ai-do-dau-con-em-nguoi-tai-hoa-nhap-cong-dong-vuot-kho-vuon-len.html	Hà Tĩnh: TẤM LÒNG NHÂN ÁI – ĐỠ ĐẦU CON EM NGƯỜI TÁI HÒA NHẬP CỘNG ĐỒNG VƯỢT KHÓ VƯƠN LÊN
20657	50279	/tp-hue-kiem-tra-toan-dien-cong-tac-thi-hanh-an-hinh-su-tai-cong-dong-va-tai-hoa-nhap-cong-dong-nam-2025.html	TP HUẾ: KIỂM TRA TOÀN DIỆN CÔNG TÁC THI HÀNH ÁN HÌNH SỰ TẠI CỘNG ĐỒNG VÀ TÁI HÒA NHẬP CỘNG ĐỒNG NĂM 2025
20658	50282	/phu-tho-ra-soat-nhu-cau-vay-von-chuong-trinh-tin-dung-doi-voi-nguoi-chap-hanh-xong-an-phat-tu.html	Phú Thọ: Rà soát nhu cầu vay vốn chương trình tín dụng  đối với người chấp hành xong án phạt tù
20659	50285	/vtv1-trao-von-tin-cho-nguoi-tro-ve.html	VTV1_Trao "vốn tin" cho người trở về
20660	50288	/thanh-hoa-tap-huan-cong-tac-thi-hanh-an-hinh-su-tai-cong-dong-va-cong-tac-tai-hoa-nhap-cong-dong-nam-2025.html	THANH HOÁ: Tập huấn công tác thi hành án hình sự tại cộng đồng và công tác tái hoà nhập cộng đồng năm 2025
20661	50291	/lao-cai-cong-an-tinh-lao-cai-nang-cao-hieu-qua-cong-tac-tai-hoa-nhap-cong-dong-gop-phan-giu-vung-an-ninh-trat-tu.html	LÀO CAI: Công an tỉnh Lào Cai nâng cao hiệu quả công tác tái hòa nhập cộng đồng, góp phần giữ vững an ninh, trật tự
20662	50294	/bac-ninh-hoi-nghi-tuyen-truyen-pho-bien-phap-luat-thi-hanh-an-hinh-su-va-tai-hoa-nhap-cong-dong.html	BẮC NINH: Hội nghị tuyên truyền, phổ biến pháp luật thi hành án hình sự và tái hoà nhập cộng đồng
20663	50297	/thanh-hoa-cong-an-tinh-thanh-hoa-to-chuc-hoi-nghi-tap-huan-nghiep-vu-cong-tac-thi-hanh-an-dan-su-va-tai-hoa-nhap-cong-dong-nam-2025.html	THANH HÓA: Công an tỉnh Thanh Hóa tổ chức Hội nghị tập huấn nghiệp vụ công tác thi hành án dân sự và tái hòa nhập cộng đồng năm 2025
20664	50300	/ha-tinh-phuong-bac-hong-linh-ra-mat-mo-hinh-kieu-mau-ve-cong-tac-thi-hanh-an-hinh-su-tai-cong-dong-va-tai-hoa-nhap-cong-dong.html	HÀ TĨNH: Phường Bắc Hồng Lĩnh ra mắt mô hình “Kiểu mẫu về công tác thi hành án hình sự tại cộng đồng và tái hòa nhập cộng đồng”
20665	50303	/quang-tri-ra-mat-mo-hinh-giao-duc-giup-do-nguoi-tai-hoa-nhap-cong-dong-tren-dia-ban-phuong-dong-ha.html	QUẢNG TRỊ: Ra mắt mô hình “ Giáo dục, giúp đỡ người tái hòa nhập cộng đồng”, trên địa bàn phường Đông Hà
20666	50306	/hue-chuong-trinh-tin-dung-danh-cho-nguoi-chap-hanh-xong-an-phat-tu-diem-tua-cho-nguoi-lam-lo-tai-hoa-nhap-cong-dong.html	HUẾ: Chương trình tín dụng dành cho người chấp hành xong án phạt tù: “Điểm tựa” cho người lầm lỡ tái hòa nhập cộng đồng
20667	50309	/da-nang-no-luc-trien-khai-cong-tac-tai-hoa-nhap-cong-dong-tren-dia-ban-xa-tra-lien.html	ĐÀ NẴNG: Nỗ lực triển khai công tác tái hòa nhập cộng đồng trên địa bàn xã Trà Liên
20668	50312	/da-nang-da-nang-co-nhieu-mo-hinh-tai-hoa-nhap-cong-dong-hoat-dong-hieu-qua.html	ĐÀ NẴNG: Đà Nẵng có nhiều mô hình tái hòa nhập cộng đồng hoạt động hiệu quả
20669	50315	/ca-mau-ket-qua-buoc-dau-thuc-hien-tai-hoa-nhap-cong-dong-cho-nguoi-duoc-dac-xa-nam-2025-dot-2-ve-cu-tru-tren-dia-ban-tinh-ca-mau.html	CÀ MAU: Kết quả bước đầu thực hiện tái hòa nhập cộng đồng cho người được đặc xá năm 2025 (đợt 2) về cư trú trên địa bàn tỉnh Cà Mau
20670	50318	/dong-nai-cong-an-tinh-dong-nai-to-chuc-hoi-nghi-truc-tuyen-so-ket-cong-tac-quy-iii-2025-trong-linh-vuc-tam-giu-tam-giam-thi-hanh-an-hinh-su-va-ho-tro-tu-phap.html	ĐỒNG NAI: Công an tỉnh Đồng Nai tổ chức Hội nghị trực tuyến Sơ kết công tác Quý III/2025 trong lĩnh vực tạm giữ, tạm giam, thi hành án hình sự và hỗ trợ tư pháp
20671	50321	/ha-noi-cong-an-phuong-bo-de-ky-ket-phoi-hop-trien-khai-chinh-sach-tin-dung-ho-tro-tai-hoa-nhap-cong-dong.html	HÀ NỘI: Công an phường Bồ Đề ký kết phối hợp triển khai chính sách tín dụng hỗ trợ tái hòa nhập cộng đồng
20672	50324	/dong-thap-xa-long-binh-giup-nguoi-hoan-luong-tai-hoa-nhap-cong-dong.html	ĐỒNG THÁP: Xã Long Bình: Giúp người hoàn lương tái hòa nhập cộng đồng
20673	50327	/gia-lai-cong-an-xa-van-duc-lam-tot-cong-tac-tai-hoa-nhap-cong-dong.html	GIA LAI: Công an xã Vạn Đức làm tốt công tác tái hòa nhập cộng đồng.
20674	50996	/gia-lai-quan-tam-giup-do-nguoi-lam-lo-tai-hoa-nhap-cong-dong-de-khong-ai-bi-bo-lai-phia-sau.html	GIA LAI: Quan tâm, giúp đỡ người lầm lỡ tái hòa nhập cộng đồng để “không ai bị bỏ lại phía sau”.
20675	50933	/khanh-hoa-co-quan-thi-hanh-an-hinh-su-cong-an-tinh-khanh-hoa-to-chuc-tuyen-truyen-tai-hoa-nhap-cong-dong-cho-nguoi-chap-hanh-xong-an-an-phat-tu-nguoi-duoc-dac-xa-nam-2025-tai-phuong-nam-nha-trang.html	KHÁNH HÒA: Cơ quan thi hành án hình sự Công an tỉnh Khánh Hòa tổ chức tuyên truyền tái hòa nhập cộng đồng cho người chấp hành xong án án phạt tù, người được đặc xá năm 2025 tại phường Nam Nha Trang
20676	50906	/lam-dong-cong-an-phuong-dong-gia-nghia-day-manh-tuyen-truyen-giao-duc-phap-luat-ho-tro-tai-hoa-nhap-cong-dong.html	LÂM ĐỒNG: Công an phường Đông Gia Nghĩa đẩy mạnh tuyên truyền, giáo dục pháp luật, hỗ trợ tái hòa nhập cộng đồng
20677	50336	/lam-dong-xa-hiep-thanh-to-chuc-hoi-nghi-tuyen-truyen-pho-bien-giao-duc-phap-luat-ve-thi-hanh-an-hinh-su-va-tai-hoa-nhap-cong-dong.html	LÂM ĐỒNG: Xã Hiệp Thạnh tổ chức hội nghị tuyên truyền, phổ biến, giáo dục pháp luật về thi hành án hình sự và tái hòa nhập cộng đồng
20678	50993	/lam-dong-cong-an-xa-quang-khe-ho-tro-nguoi-chap-hanh-xong-an-phat-tu-vay-von-uu-dai-tai-hoa-nhap-cong-dong.html	LÂM ĐỒNG: Công an xã Quảng Khê hỗ trợ người chấp hành xong án phạt tù vay vốn ưu đãi tái hòa nhập cộng đồng
20679	50342	/phu-tho-ra-mat-mo-hinh-nang-cao-hieu-qua-quan-ly-giao-duc-giup-do-nguoi-lam-loi-tai-hoa-nhap-cong-dong-tai-xa-dao-xa-15-10-2025.html	PHÚ THỌ: Ra mắt mô hình “Nâng cao hiệu quả quản lý, giáo dục, giúp đỡ người lầm lỗi tái hòa nhập cộng đồng” tại xã Đào Xá (15/10/2025)
20680	50345	/phu-tho-phong-canh-sat-thi-hanh-an-hinh-su-va-ho-tro-tu-phap-tong-kiem-tra-cong-tac-thi-hanh-an-hinh-su-tai-cong-dong-va-tai-hoa-nhap-cong-dong-doi-voi-cong-an-cap-xa-nam-2025-04-10-2025.html	PHÚ THỌ: Phòng Cảnh sát Thi hành án hình sự và Hỗ trợ tư pháp Tổng kiểm tra công tác thi hành án hình sự tại cộng đồng và tái hòa nhập cộng đồng đối với Công an cấp xã năm 2025 (04/10/2025)
20681	50348	/phu-tho-cong-an-xa-vinh-phu-giup-nguoi-lam-lo-tai-hoa-nhap-cong-dong-07-10-2025.html	PHÚ THỌ: Công an xã Vĩnh Phú giúp người lầm lỡ tái hòa nhập cộng đồng (07/10/2025)
20682	50351	/quang-ninh-tang-cuong-giao-duc-phap-luat-cho-nguoi-tai-hoa-nhap-cong-dong-tren-dia-ban-phuong-mong-duong.html	QUẢNG NINH: Tăng cường giáo dục pháp luật cho người tái hoà nhập cộng đồng trên địa bàn phường Mông Dương
20683	50900	/vinh-long-cong-an-phuong-an-hoi-to-chuc-gap-mat-huong-nghiep-tin-dung-cho-nguoi-tai-hoa-nhap-cong-dong.html	VĨNH LONG: CÔNG AN PHƯỜNG AN HỘI TỔ CHỨC GẶP MẶT, HƯỚNG NGHIỆP, TÍN DỤNG CHO NGƯỜI TÁI HÒA NHẬP CỘNG ĐỒNG
20684	50990	/cho-vay-doi-voi-nguoi-chap-hanh-xong-an-phat-tu-chuong-trinh-tin-dung-nhan-van.html	Cho vay đối với người chấp hành xong án phạt tù: Chương trình tín dụng nhân văn
20685	50357	/thanh-hoa-diem-tua-cho-nguoi-lam-lo-tai-hoa-nhap-cong-dong.html	THANH HÓA: “Điểm tựa” cho người lầm lỡ tái hòa nhập cộng đồng
20686	50360	/quang-binh-mo-loi-cho-nguoi-hoan-luong.html	QUẢNG BÌNH: Mở lối cho người hoàn lương
20687	50363	/binh-dinh-trien-khai-chuong-trinh-cho-vay-nguoi-chap-hanh-xong-an-phat-tu-theo-quyet-dinh-so-22-2023-qd-ttg-ngay-17-8-2023-cua-thu-tuong-chinh-phu-ve-tin-dung-doi-voi-nguoi-chap-hanh-xong-an-phat-tu.html	BÌNH ĐỊNH: Triển khai chương trình cho vay người chấp hành xong án phạt tù theo Quyết định số 22/2023/QĐ-TTg ngày 17/8/2023 của Thủ tướng Chính phủ về tín dụng đối với người chấp hành xong án phạt tù
20688	50366	/dong-nai-tang-cuong-phoi-hop-trien-khai-tin-dung-chinh-sach-theo-qd22-2023-qd-ttg-quyet-dinh-ve-tin-dung-doi-voi-nguoi-chap-hanh-xong-an-phat-tu.html	ĐỒNG NAI: TĂNG CƯỜNG PHỐI HỢP TRIỂN KHAI TÍN DỤNG CHÍNH SÁCH THEO QĐ22/2023/QĐ-TTG QUYẾT ĐỊNH VỀ TÍN DỤNG ĐỐI VỚI NGƯỜI CHẤP HÀNH XONG ÁN PHẠT TÙ.
20689	50369	/gia-lai-tiep-tuc-cho-vay-tin-dung-chinh-sach-doi-voi-nguoi-chap-hanh-xong-an-phat-tu.html	GIA LAI: Tiếp tục cho vay tín dụng chính sách đối với người chấp hành xong án phạt tù
20690	50372	/gia-lai-ho-tro-kinh-te-dong-hanh-cung-nguoi-chap-hanh-xong-an-phat-tu-tai-hoa-nhap-cong-dong.html	ĐẮK LẮK: Hỗ trợ kinh tế - Đồng hành cùng người chấp hành xong án phạt tù tái hòa nhập cộng đồng
20691	50987	/phu-tho-ky-quy-che-phoi-hop-thuc-hien-tin-dung-doi-voi-nguoi-chap-hanh-xong-an-phat-tu.html	PHÚ THỌ: Ký quy chế phối hợp thực hiện tín dụng đối với người chấp hành xong án phạt tù
20692	50378	/quang-ninh-cho-vay-von-doi-voi-nguoi-chap-hanh-xong-an-phat-tu.html	QUẢNG NINH: Cho vay vốn đối với người chấp hành xong án phạt tù
20693	50381	/thai-nguyen-tin-dung-chinh-sach-nhip-cau-cho-nhung-hanh-trinh-moi.html	THÁI NGUYÊN: Tín dụng chính sách: Nhịp cầu cho những hành trình mới
20694	50384	/cao-bang-191-khach-hang-duoc-vay-von-uu-dai-danh-cho-nguoi-chap-hanh-xong-an-phat-tu.html	CAO BẰNG: 191 khách hàng được vay vốn ưu đãi dành cho người chấp hành xong án phạt tù
20695	50387	/can-tho-ky-ket-chuong-trinh-phoi-hop-thuc-hien-tin-dung-doi-voi-nguoi-chap-hanh-xong-an-phat-tu.html	CẦN THƠ: Ký kết chương trình phối hợp thực hiện tín dụng đối với người chấp hành xong án phạt tù
20696	50390	/hue-ho-tro-nguoi-chap-hanh-xong-an-phat-tu-vay-von-phat-trien-kinh-te.html	HUẾ: Hỗ trợ người chấp hành xong án phạt tù vay vốn phát triển kinh tế
20697	50984	/phu-tho-xa-tho-phu-ra-mat-mo-hinh-chung-tay-dong-hanh-giup-do-nguoi-chap-hanh-xong-hinh-phat-tu-tai-hoa-nhap-cong-dong-tuyen-truyen-cam-hoa-giao-duc-phap-luat-va-ho-tro-tai-hoa-nhap-cong-dong-cho-nguoi-chap-hanh-xong-an-phat-tu-tren-dia-ban-xa-nam-2025.html	PHÚ THỌ: Xã Thọ Phú ra mắt mô hình “Chung tay, đồng hành, giúp đỡ người chấp hành xong hình phạt tù tái hòa nhập cộng đồng”; Tuyên truyền, cảm hoá, giáo dục pháp luật và hỗ trợ tái hoà nhập cộng đồng cho người chấp hành xong án phạt tù trên địa bàn xã năm 2025
20698	50954	/son-la-buoc-qua-loi-lam.html	SƠN LA: Bước qua lỗi lầm
20699	50399	/quang-ninh-cong-an-phuong-binh-khe-tham-hoi-dong-vien-nguoi-chap-hanh-xong-an-tai-hoa-nhap-cong-dong.html	QUẢNG NINH: Công an phường Bình Khê thăm hỏi, động viên người chấp hành xong án tái hòa nhập cộng đồng
20700	50402	/hue-trao-niem-tin-tao-dung-cuoc-song-cho-nguoi-chap-hanh-xong-an-phat-tu-o-phong-giao-dich-ngan-hang-chinh-sach-xa-hoi-nhcsxh-huong-thuy.html	HUẾ: TRAO NIỀM TIN - TẠO DỰNG CUỘC SỐNG CHO NGƯỜI CHẤP HÀNH XONG ÁN PHẠT TÙ Ở PHÒNG GIAO DỊCH NGÂN HÀNG CHÍNH SÁCH XÃ HỘI (NHCSXH) HƯƠNG THỦY.
20701	50405	/lai-chau-ho-tro-nguoi-chap-hanh-xong-an-phat-tu-som-on-dinh-cuoc-song.html	LAI CHÂU: Hỗ trợ người chấp hành xong án phạt tù sớm ổn định cuộc sống
20702	50408	/lai-chau-pu-sam-cap-hon-50-nguoi-chap-hanh-xong-an-phat-tu-duoc-tuyen-truyen-pho-bien-phap-luat.html	LAI CHÂU: Pu Sam Cáp: Hơn 50 người chấp hành xong án phạt tù được tuyên truyền, phổ biến pháp luật
20703	50981	/thanh-hoa-diem-tua-giup-nguoi-chap-hanh-xong-an-phat-tu-som-hoa-nhap-cong-dong.html	THANH HÓA : 'Điểm tựa' giúp người chấp hành xong án phạt tù sớm hòa nhập cộng đồng
20704	50414	/ha-noi-thong-tin-chi-dao-dieu-hanh-cua-ubnd-thanh-pho-chu-tich-ubnd-thanh-pho-ha-noi-ngay-03-11-2025.html	HÀ NỘI: Thông tin chỉ đạo, điều hành của UBND Thành phố, Chủ tịch UBND thành phố Hà Nội (ngày 03/11/2025)
20705	50417	/ha-noi-tao-sinh-ke-cho-nguoi-lam-loi.html	HÀ NỘI: Tạo sinh kế cho người lầm lỗi
20706	50420	/thanh-hoa-ubnd-phuong-dao-duy-tu-to-chuc-hoi-nghi-tuyen-truyen-phap-luat-cam-hoa-giao-duc-tu-van-viec-lam-cho-nguoi-chap-hanh-xong-an-phat-tu-va-nguoi-chap-hanh-an-hinh-su-tai-cong-dong.html	THANH HÓA: UBND phường Đào Duy Từ tổ chức Hội nghị tuyên truyền pháp luật, cảm hoá, giáo dục, tư vấn việc làm cho người chấp hành xong án phạt tù và người chấp hành án hình sự tại cộng đồng
20707	50423	/vinh-long-chinh-sach-giam-ngheo-mo-duong-cho-cuoc-song-binh-yen-sau-lam-lo.html	VĨNH LONG: Chính sách giảm nghèo: Mở đường cho cuộc sống bình yên sau lầm lỡ
20708	50915	/ca-mau-nguoi-chap-hanh-xong-an-phat-tu-tiep-can-su-dung-nguon-von-vay-theo-quyet-dinh-22-2023-qd-ttg-cua-thu-tuong-chinh-phu.html	CÀ MAU: Người chấp hành xong án phạt tù tiếp cận, sử dụng nguồn vốn vay theo Quyết định 22/2023/QĐ-TTg của Thủ tướng Chính phủ
20709	50912	/thanh-hoa-cho-vay-von-tao-sinh-ke-cho-nguoi-chap-hanh-xong-an-phat-tu-hoan-luong.html	THANH HÓA: Cho vay vốn, tạo sinh kế cho người chấp hành xong án phát tù hoàn lương
20710	50426	/phu-tho-cong-an-xa-luc-luong-nong-cot-xay-dung-mo-hinh-tai-hoa-nhap-cong-dong-tren-dia-ban-tinh.html	Phú Thọ: CÔNG AN XÃ – LỰC LƯỢNG NÒNG CỐT XÂY DỰNG MÔ HÌNH TÁI HÒA NHẬP CỘNG ĐỒNG TRÊN ĐỊA BÀN TỈNH
20711	50978	/dong-thap-tap-huan-cho-luc-luong-tham-gia-bao-ve-an-ninh-trat-tu-o-co-so.html	ĐỒNG THÁP: TẬP HUẤN CHO LỰC LƯỢNG THAM GIA BẢO VỆ AN NINH TRẬT TƯ Ở CƠ SỞ
20712	50432	/thanh-pho-hue-lanh-dao-cong-an-thanh-pho-tham-chuc-mung-ky-niem-75-nam-ngay-truyen-thong-luc-luong-canh-sat-thi-hanh-an-hinh-su-va-ho-tro-tu-phap-07-11-1950-07-11-2025.html	 Thành phố Huế: Lãnh đạo Công an thành phố thăm, chúc mừng kỷ niệm 75 năm Ngày truyền thống lực lượng Cảnh sát thi hành án hình sự và hỗ trợ tư pháp (07/11/1950 – 07/11/2025)
20713	50435	/hung-yen-cong-an-tinh-hung-yen-to-chuc-kiem-tra-cong-tac-thi-hanh-an-hinh-su-tai-cong-dong-va-tai-hoa-nhap-cong-dong-tren-dia-ban-toan-tinh.html	HƯNG YÊN: Công an tỉnh Hưng Yên tổ chức kiểm tra công tác thi hành án hình sự tại cộng đồng và tái hòa nhập cộng đồng trên địa bàn toàn tỉnh.
20714	50975	/bac-ninh-phong-canh-sat-thi-hanh-an-hinh-su-va-ho-tro-tu-phap-cong-an-tinh-bac-ninh-to-chuc-chuoi-hoi-nghi-tuyen-truyen-pho-bien-phap-luat-ve-thi-hanh-an-hinh-su-tai-cong-dong-va-tai-hoa-nhap-cong-dong.html	BẮC NINH: Phòng Cảnh sát thi hành án hình sự và hỗ trợ tư pháp Công an tỉnh Bắc Ninh tổ chức chuỗi hội nghị tuyên truyền, phổ biến pháp luật về thi hành án hình sự tại cộng đồng và tái hòa nhập cộng đồng
20715	50441	/bac-ninh-hoi-nghi-tuyen-truyen-pho-bien-phap-luat-ve-thi-hanh-an-hinh-su-tai-cong-dong-va-tai-hoa-nhap-cong-dong.html	BẮC NINH: Hội nghị tuyên truyền, phổ biến pháp luật về thi hành án hình sự tại cộng đồng và tái hòa nhập cộng đồng.
20716	50444	/ca-mau-nang-cao-chat-luong-cong-tac-thi-hanh-an-hinh-su-va-hoa-nhap-cong-dong.html	CÀ MAU: Nâng cao chất lượng công tác thi hành án hình sự và hòa nhập cộng đồng
20717	50447	/vinh-long-tao-dieu-kien-nguoi-duoc-dac-xa-nguoi-chap-hanh-xong-an-phat-tu-tai-hoa-nhap-cong-dong.html	VĨNH LONG: Tạo điều kiện người được đặc xá, người chấp hành xong án phạt tù tái hòa nhập cộng đồng
20718	50972	/bac-ninh-hon-300-dai-bieu-khach-moi-tham-gia-hoi-nghi-tuyen-truyen-pho-bien-phap-luat-ve-thi-hanh-an-hinh-su-tai-cong-dong-va-tai-hoa-nhap-cong-dong-nam-2025.html	BẮC NINH: Hơn 300 đại biểu, khách mời tham gia Hội nghị Tuyên truyền, phổ biến pháp luật về thi hành án hình sự tại cộng đồng và tái hòa nhập cộng đồng năm 2025
20719	50453	/ninh-binh-ninh-binh-ban-hanh-quy-che-phoi-hop-trong-cong-tac-thi-hanh-an-hinh-su-va-tai-hoa-nhap-cong-dong.html	NINH BÌNH: Ninh Bình ban hành Quy chế phối hợp trong công tác thi hành án hình sự và tái hòa nhập cộng đồng
20720	50456	/ninh-binh-ninh-binh-tao-dieu-kien-toi-da-cho-nguoi-chap-hanh-xong-an-phat-tai-hoa-nhap-cong-dong.html	NINH BÌNH: Ninh Bình Tạo điều kiện tối đa cho người chấp hành xong án phạt tái hòa nhập cộng đồng
20721	50969	/thanh-hoa-ubnd-xa-ngoc-lien-xay-dung-mo-hinh-chung-tay-giup-do-nguoi-chap-hanh-xong-an-phat-tu-tai-hoa-nhap-cong-dong.html	THANH HÓA: UBND XÃ NGỌC LIÊN XÂY DỰNG MÔ HÌNH “CHUNG TAY GIÚP ĐỠ NGƯỜI CHẤP HÀNH XONG ÁN PHẠT TÙ TÁI HÒA NHẬP CỘNG ĐỒNG”
20722	50966	/ha-tinh-mo-loi-cho-nguoi-lam-lo-tai-hoa-nhap-cong-dong.html	HÀ TĨNH: "Mở lối" cho người lầm lỡ tái hòa nhập cộng đồng
20723	50465	/bac-ninh-du-thao-nghi-quyet-cua-hdnd-tinh-quy-dinh-muc-ho-tro-cho-nguoi-duoc-phan-cong-truc-tiep-giup-do-nguoi-duoc-giao-duc-tai-xa-phuong-tren-dia-ban-tinh-bac-ninh.html	BẮC NINH: Dự thảo Nghị quyết của HĐND tỉnh quy định mức hỗ trợ cho người được phân công trực tiếp giúp đỡ người được giáo dục tại xã, phường trên địa bàn tỉnh Bắc Ninh
20724	50468	/dong-nai-tin-dung-chinh-sach-xa-hoi-nhan-van-mo-loi-tai-hoa-nhap-cong-dong.html	ĐỒNG NAI: Tín dụng chính sách xã hội nhân văn “mở lối” tái hòa nhập cộng đồng
20725	50471	/ha-noi-tap-huan-ve-cong-tac-thi-hanh-an-hinh-su-tai-cong-dong-tai-phuong-yen-hoa-thanh-pho-ha-noi.html	HÀ NỘI: Tập huấn về công tác thi hành án hình sự tại cộng đồng tại phường Yên Hòa, thành phố Hà Nội
20726	50474	/ha-tinh-diem-tua-cua-nguoi-lam-loi-tai-cong-dong-dan-cu.html	HÀ TĨNH: Điểm tựa của người lầm lỗi tại cộng đồng dân cư
20727	50963	/quang-ngai-bo-cong-an-kiem-tra-cong-tac-quan-ly-tam-giu-tam-giam-va-thi-hanh-an-hinh-su-tai-cong-dong-tai-cong-an-phuong-kon-tum.html	QUẢNG NGÃI: Bộ Công an kiểm tra công tác quản lý tạm giữ, tạm giam và thi hành án hình sự tại cộng đồng tại Công an phường Kon Tum
20728	50480	/dong-nai-hoi-nghi-tuyen-truyen-phap-luat-gioi-thieu-viec-lam-ho-tro-nguoi-chap-hanh-xong-an-phat-tu-tai-hoa-nhap-cong-dong.html	ĐỒNG NAI: Hội nghị tuyên truyền pháp luật, giới thiệu việc làm, hỗ trợ người chấp hành xong án phạt tù tái hòa nhập cộng đồng
20729	50483	/lam-dong-lam-dong-chung-tay-giup-nguoi-lam-lo-tai-hoa-nhap-cong-dong.html	LÂM ĐỒNG: Lâm Đồng chung tay giúp người lầm lỡ tái hòa nhập cộng đồng
20730	50486	/dong-nai-thuc-hien-chinh-sach-giup-nguoi-hoan-luong-tao-dung-cuoc-song-moi.html	ĐỒNG NAI: Thực hiện chính sách giúp người hoàn lương tạo dựng cuộc sống mới
20731	50489	/ninh-binh-ubnd-tinh-so-ket-viec-thuc-hien-cong-tac-tai-hoa-nhap-cong-dong.html	NINH BÌNH: UBND tỉnh sơ kết việc thực hiện công tác tái hòa nhập cộng đồng
20732	50492	/ninh-binh-hieu-qua-cong-tac-tai-hoa-nhap-cong-dong-o-tinh-ninh-binh.html	NINH BÌNH: Hiệu quả công tác tái hoà nhập cộng đồng ở tỉnh Ninh Bình
20733	50495	/thanh-hoa-quyet-dinh-22-chia-khoa-mo-canh-cua-tai-hoa-nhap-cong-dong.html	THANH HÓA: Quyết định 22 - “chìa khóa” mở cánh cửa tái hòa nhập cộng đồng
20734	50498	/thanh-hoa-ra-mat-mo-hinh-doan-thanh-nien-chung-tay-giup-do-nguoi-tai-hoa-nhap-cong-dong-va-truong-hoc-an-toan-giao-thong-tai-xa-luong-son.html	THANH HÓA: Ra mắt mô hình “Đoàn Thanh niên chung tay giúp đỡ người tái hoà nhập cộng đồng” và "Trường học an toàn giao thông" tại xã Lương Sơn
20735	50501	/son-la-tuyen-truyen-thi-hanh-an-hinh-su-tai-hoa-nhap-cong-dong-2025.html	SƠN LA: Tuyên truyền thi hành án hình sự, tái hòa nhập cộng đồng 2025
20736	50504	/ninh-binh-hieu-qua-ro-net-trong-cong-tac-tai-hoa-nhap-cong-dong.html	NINH BÌNH: Hiệu quả rõ nét trong công tác tái hòa nhập cộng đồng
20737	50507	/ninh-binh-ubnd-tinh-ninh-binh-to-chuc-hoi-nghi-so-ket-5-nam-thuc-hien-nghi-dinh-so-49-cua-chinh-phu-ve-cong-tac-tai-hoa-nhap-cong-dong-va-2-nam-thuc-hien-quyet-dinh-so-22-cua-thu-tuong-chinh-phu-ve-tinh-dung-doi-voi-nguoi-chap-hanh-xong-an-phat-tu.html	NINH BÌNH: UBND tỉnh Ninh Bình tổ chức Hội nghị sơ kết 5 năm thực hiện Nghị định số 49 của Chính phủ về công tác tái hòa nhập cộng đồng và 2 năm thực hiện Quyết định số 22 của Thủ tướng Chính phủ về tính dụng đối với người chấp hành xong án phạt tù
20738	50510	/dong-nai-to-chuc-hoi-nghi-tuyen-truyen-phap-luat-gioi-thieu-viec-lam-va-ho-tro-nguoi-chap-hanh-xong-an-phat-tu-tai-hoa-nhap-cong-dong.html	ĐỒNG NAI: Tổ chức hội nghị tuyên truyền pháp luật, giới thiệu việc làm và hỗ trợ người chấp hành xong án phạt tù tái hòa nhập cộng đồng
20739	50513	/dong-nai-trao-co-hoi-lam-lai-cuoc-doi-cho-nguoi-hoan-luong.html	ĐỒNG NAI: Trao cơ hội làm lại cuộc đời cho người hoàn lương
20740	50516	/long-an-ho-tro-nguoi-chap-hanh-xong-an-phat-tu-tai-hoa-nhap-cong-dong.html	LONG AN: Hỗ trợ người chấp hành xong án phạt tù tái hòa nhập cộng đồng
20741	50519	/phu-tho-luc-luong-nong-cot-xay-dung-mo-hinh-tai-hoa-nhap-cong-dong-tren-dia-ban-tinh-phu-tho.html	PHÚ THỌ: Lực lượng nòng cốt xây dựng mô hình tái hòa nhập cộng đồng trên địa bàn tỉnh Phú Thọ
20742	50522	/an-giang-khom-thoi-an-a-phuong-my-thoi-ra-mat-mo-hinh-giup-do-nguoi-chap-hanh-xong-an-phat-tu-tai-hoa-nhap-cong-dong.html	AN GIANG: KHÓM THỚI AN A, PHƯỜNG MỸ THỚI RA MẮT MÔ HÌNH GIÚP ĐỠ NGƯỜI CHẤP HÀNH XONG ÁN PHẠT TÙ TÁI HÒA NHẬP CỘNG ĐỒNG
20743	50525	/ha-noi-ha-noi-tang-cuong-cong-tac-thi-hanh-an-hinh-su-tai-cong-dong-va-tai-hoa-nhap-cong-dong.html	HÀ NỘI: Hà Nội tăng cường công tác thi hành án hình sự tại cộng đồng và tái hòa nhập cộng đồng
20744	50528	/thanh-hoa-xa-tho-long-tham-du-hoi-nghi-truc-tuyen-tap-huan-cong-tac-thi-hanh-an-va-tai-hoa-nhap-cong-dong.html	THANH HOÁ: xã Thọ Long tham dự Hội nghị trực tuyến tập huấn công tác thi hành án và tái hòa nhập cộng đồng
20745	50531	/thanh-hoa-xa-tho-phu-ra-mat-mo-hinh-chung-tay-dong-hanh-giup-do-nguoi-chap-hanh-xong-hinh-phat-tu-tai-hoa-nhap-cong-dong-tuyen-truyen-cam-hoa-giao-duc-phap-luat-va-ho-tro-tai-hoa-nhap-cong-dong-cho-nguoi-chap-hanh-xong-an-phat-tu-tren-dia-ban-xa-nam-2025.html	THANH HOÁ: Xã Thọ Phú ra mắt mô hình “Chung tay, đồng hành, giúp đỡ người chấp hành xong hình phạt tù tái hòa nhập cộng đồng”; Tuyên truyền, cảm hoá, giáo dục pháp luật và hỗ trợ tái hoà nhập cộng đồng cho người chấp hành xong án phạt tù trên địa bàn xã năm 2025
20746	50534	/ha-tinh-so-ket-cong-tac-thi-hanh-an-hinh-su-quan-ly-giam-giu-va-ho-tro-tu-phap-quy-iii-9-thang-dau-nam-2025.html	HÀ TĨNH: Sơ kết công tác thi hành án hình sự, quản lý giam giữ và hỗ trợ tư pháp quý III, 9 tháng đầu năm 2025
20747	50537	/lam-dong-xa-dam-rong-3-tiep-nhan-nguoi-chap-hanh-xong-an-phat-tu-duoc-dac-xa-dip-quoc-khanh-2-9.html	LÂM ĐỒNG: Xã Đam Rông 3 tiếp nhận người chấp hành xong án phạt tù được đặc xá dịp Quốc khánh 2/9
20749	50543	/hoa-binh-cong-an-phuong-vinh-yen-ho-tro-vay-von-diem-tua-giup-nguoi-chap-hanh-xong-an-phat-tu-on-dinh-cuoc-song-tai-hoa-nhap-cong-dong.html	HOÀ BÌNH: Công an phường Vĩnh Yên hỗ trợ vay vốn – “điểm tựa” giúp người chấp hành xong án phạt tù ổn định cuộc sống, tái hòa nhập cộng đồng
20750	50546	/thai-nguyen-cong-an-tinh-thai-nguyen-phoi-hop-voi-ubnd-xa-thanh-cong-to-chuc-hoi-nghi-tuyen-truyen-pho-bien-giao-duc-phap-luat-ve-cong-tac-tai-hoa-nhap-cong-dong.html	THÁI NGUYÊN: Công an tỉnh Thái Nguyên phối hợp với UBND xã Thành Công tổ chức hội nghị tuyên truyền, phổ biến giáo dục pháp luật về công tác tái hòa nhập cộng đồng
20751	50549	/ra-mat-mo-hinh-ket-noi-tao-viec-lam-cho-nguoi-chap-hanh-xong-an-phat-tu-tai-hoa-nhap-cong-dong-tai-xa-dong-hy.html	THÁI NGUYÊN: Ra mắt mô hình “Kết nối, tạo việc làm cho người chấp hành xong án phạt tù, tái hòa nhập cộng đồng” tại xã Đồng Hỷ
20752	50552	/can-tho-chung-tay-mo-loi-hoan-luong.html	CẦN THƠ: Chung tay mở lối hoàn lương
20753	50555	/bac-ninh-tuyen-truyen-pho-bien-phap-luat-ve-thi-hanh-an-hinh-su-tai-cong-dong-va-tai-hoa-nhap-cong-dong.html	BẮC NINH: Tuyên truyền, phổ biến pháp luật về thi hành án hình sự tại cộng đồng và tái hòa nhập cộng đồng
20754	50558	/ha-noi-khi-von-vay-tro-thanh-phao-cuu-sinh-cho-nhung-phan-nguoi-lo-buoc.html	HÀ NỘI: Khi vốn vay trở thành ‘phao cứu sinh’ cho những phận người lỡ bước
20755	50561	/ha-noi-ho-tro-viec-lam-cho-nguoi-chap-hanh-xong-an-phat-tu.html	HÀ NỘI: Hỗ trợ việc làm cho người chấp hành xong án phạt tù
20756	50564	/phu-tho-dong-von-giup-nguoi-lam-lo-lam-lai-cuoc-doi.html	PHÚ THỌ: Dòng vốn giúp người lầm lỡ làm lại cuộc đời
20757	50567	/thai-nguyen-cong-an-phuong-pho-yen-lam-tot-cong-tac-tai-hoa-nhap-cong-dong-tai-dia-ban.html	THÁI NGUYÊN: Công an phường Phổ Yên làm tốt công tác tái hòa nhập cộng đồng tại địa bàn
20758	50960	/thai-nguyen-cong-an-xa-dong-hy-to-chuc-tuyen-truyen-phap-luat-ve-cong-tac-tac-tai-hoa-nhap-cong-dong-va-ra-mat-mo-hinh-ket-noi-tao-viec-lam-cho-nguoi-chap-hanh-xong-an-phat-tu.html	THÁI NGUYÊN: Công an xã Đồng Hỷ tổ chức tuyên truyền pháp luật về công tác tác tái hòa nhập cộng đồng và ra mắt mô hình “kết nối, tạo việc làm cho người chấp hành xong án phạt tù”
20759	50573	/can-tho-chung-suc-nang-cao-hieu-qua-ho-tro-tai-hoa-nhap-cong-dong.html	CẦN THƠ: Chung sức nâng cao hiệu quả hỗ trợ tái hòa nhập cộng đồng
20760	50576	/cong-an-thanh-pho-can-tho-va-chi-nhanh-ngan-hang-chinh-sach-xa-hoi-thanh-pho-can-tho-ky-ket-chuong-trinh-phoi-hop-thuc-hien-quyet-dinh-so-22-2023-qd-ttg-ngay-17-8-2023-cua-thu-tuong-chinh-phu.html	CẦN THƠ: Công an thành phố Cần Thơ và Chi nhánh Ngân hàng Chính sách xã hội thành phố Cần Thơ ký kết Chương trình phối hợp thực hiện Quyết định số 22/2023/QĐ-TTg ngày 17/8/2023 của Thủ tướng Chính phủ
20761	50579	/ca-mau-tin-dung-chinh-sach-doi-voi-nguoi-chap-hanh-xong-an-phat-tu.html	CÀ MAU: Tín dụng chính sách đối với người chấp hành xong án phạt tù
20762	50582	/ca-mau-tin-dung-cho-nguoi-chap-hanh-xong-an-phat-tu.html	CÀ MAU: Tín dụng cho người chấp hành xong án phạt tù
20763	50957	/tiep-tuc-trien-khai-thuc-hien-tin-dung-chinh-sach-xa-hoi-doi-voi-nguoi-chap-hanh-xong-an-phat-tu.html	ĐỒNG NAI: Tiếp tục triển khai thực hiện tín dụng chính sách xã hội đối với người chấp hành xong án phạt tù
20764	50588	/dak-lak-tiep-tuc-cho-vay-tin-dung-chinh-sach-doi-voi-nguoi-chap-hanh-xong-an-phat-tu.html	ĐẮK LẮK: Tiếp tục cho vay tín dụng chính sách đối với người chấp hành xong án phạt tù
20765	50591	/da-nang-cax-ha-nha-ho-tro-nguoi-chap-hanh-xong-an-phat-tu-vay-von-uu-dai-tai-hoa-nhap-cong-dong.html	ĐÀ NẴNG: CAX Hà Nha hỗ trợ người chấp hành xong án phạt tù vay vốn ưu đãi tái hoà nhập cộng đồng
20766	50594	/lao-cai-191-khach-hang-duoc-vay-von-uu-dai-danh-cho-nguoi-chap-hanh-xong-an-phat-tu.html	LÀO CAI: 191 khách hàng được vay vốn ưu đãi dành cho người chấp hành xong án phạt tù
20767	50597	/ngan-hang-chinh-sach-xa-hoi-phoi-hop-voidong-nai-cong-an-phuong-binh-long-tham-hoi-dong-vien-nguoi-chap-hanh-xong-an-phat-tu-tro-ve-dia-phuong.html	ĐỒNG NAI: NGÂN HÀNG CHÍNH SÁCH XÃ HỘI PHỐI HỢP VỚI CÔNG AN PHƯỜNG BÌNH LONG THĂM HỎI, ĐỘNG VIÊN NGƯỜI CHẤP HÀNH XONG ÁN PHẠT TÙ TRỞ VỀ ĐỊA PHƯƠNG
20768	50600	/gia-lai-cong-an-xa-po-to-phoi-hop-voi-ngan-hang-tu-van-chinh-sach-tin-dung-cho-nguoi-chap-hanh-an-phat-tu.html	GIA LAI: Công an xã Pờ Tó phối hợp với ngân hàng tư vấn chính sách tín dụng cho người chấp hành án phạt tù.
20769	50603	/quang-ngai-tin-dung-chinh-sach-gop-luc-doi-thay-mien-bien-duc-pho.html	QUẢNG NGÃI: Tín dụng chính sách góp lực đổi thay miền biển Đức Phổ
20770	50606	/cong-an-xa-hien-luong-phoi-hop-voi-ngan-hang-chinh-sach-xa-hoi-ha-hoa-ho-tro-nguoi-chap-hanh-xong-an-phat-tu-tai-hoa-nhap-cong-dong-duoc-vay-von-uu-dai-voi-so-tien-100000000-mot-tram-trieu-dong.html	PHÚ THỌ: Công an xã Hiền Lương phối hợp với ngân hàng chính sách xã hội Hạ Hòa “Hỗ trợ người chấp hành xong án phạt tù tái hòa nhập cộng đồng được vay vốn ưu đãi với số tiền 100.000.000 (Một trăm triệu đồng)”.
20771	50609	/phu-tho-cong-an-xa-yen-son-trien-khai-chinh-sach-tin-dung-ho-tro-nguoi-chap-hanh-xong-an-phat-tu-11-11-2025.html	PHÚ THỌ: Công an xã Yên Sơn triển khai chính sách tín dụng hỗ trợ người chấp hành xong án phạt tù
20772	50612	/binh-long-ra-mat-mo-hinh-anh-sang-hoan-luong.html	ĐỒNG NAI: Bình Long ra mắt mô hình Ánh sáng hoàn lương
20773	50615	/an-giang-cong-an-xa-phu-an-phoi-hop-voi-doi-cat-nha-tu-thien-ho-tro-cat-nha-tinh-nghia-cho-nguoi-chap-hanh-xong-an-phat-tu-tai-hoa-nhap-cong-dong.html	An Giang: Công an xã Phú An phối hợp với đội cất nhà từ thiện hỗ trợ cất nhà tình nghĩa cho người chấp hành xong án phạt tù tái hoà nhập cộng đồng
20774	50618	/thai-nguyen-hieu-qua-mo-hinh-quan-ly-giao-duc-tao-viec-lam-cho-nguoi-chap-hanh-xong-an-phat-tu-nguoi-chap-hanh-an-hinh-su-tai-cong-dong-tren-dia-ban-xa-phu-thinh.html	THÁI NGUYÊN: Hiệu quả mô hình “Quản lý, giáo dục, tạo việc làm cho người chấp hành xong án phạt tù, người chấp hành án hình sự tại cộng đồng” trên địa bàn xã Phú Thịnh
20775	50621	https://www.facebook.com/share/v/1A1k4sng82/	QUẢNG NINH: Tuyên tuyền pháp luật, giới thiệu việc làm, hỗ trợ vay vốn cho người chấp hành xong án phạt tù
20776	50624	https://www.facebook.com/share/v/16iL5QCs27/	PHÚ THỌ: Mở lối hoàn lương (Đài Phát thanh và Truyền hình Phú Thọ)
20777	50627	/cong-an-thanh-pho-hue-khai-giang-lop-tap-huan-nghiep-vu-thi-hanh-an-hinh-su-tai-cong-dong-va-tai-hoa-nhap-cong-dong-nam-2025.html	CÔNG AN THÀNH PHỐ HUẾ KHAI GIẢNG LỚP TẬP HUẤN NGHIỆP VỤ THI HÀNH ÁN HÌNH SỰ TẠI CỘNG ĐỒNG VÀ TÁI HÒA NHẬP CỘNG ĐỒNG NĂM 2025
20778	50909	/cong-an-thanh-pho-hue-khai-giang-lop-tap-huan-nghiep-vu-thi-hanh-an-hinh-su-tai-cong-dong-va-tai-hoa-nhap-cong-dong-nam-2025.html	HUẾ: CÔNG AN THÀNH PHỐ HUẾ KHAI GIẢNG LỚP TẬP HUẤN NGHIỆP VỤ THI HÀNH ÁN HÌNH SỰ TẠI CỘNG ĐỒNG VÀ TÁI HÒA NHẬP CỘNG ĐỒNG NĂM 2025
20779	50630	/can-tho-truc-tiep-kiem-sat-cong-tac-thi-hanh-an-hinh-su-tai-co-quan-thi-hanh-an-hinh-su-cong-an-thanh-pho-can-tho.html	CẦN THƠ: TRỰC TIẾP KIỂM SÁT CÔNG TÁC THI HÀNH ÁN HÌNH SỰ TẠI CƠ QUAN THI HÀNH ÁN HÌNH SỰ CÔNG AN THÀNH PHỐ CẦN THƠ
20780	50633	/lai-chau-d-.html	LAI CHÂU: 𝐍𝐚̂𝐧𝐠 𝐜𝐚𝐨 𝐡𝐢𝐞̣̂𝐮 𝐪𝐮𝐚̉ 𝐡𝐨̂̃ 𝐭𝐫𝐨̛̣ 𝐭𝐚́𝐢 𝐡𝐨̀𝐚 𝐧𝐡𝐚̣̂𝐩 𝐜𝐨̣̂𝐧𝐠 đ𝐨̂̀𝐧𝐠 𝐜𝐡𝐨 𝐧𝐠𝐮̛𝐨̛̀𝐢 𝐜𝐡𝐚̂́𝐩 𝐡𝐚̀𝐧𝐡 𝐱𝐨𝐧𝐠 𝐚́𝐧 𝐩𝐡𝐚̣𝐭 𝐭𝐮̀
20781	50636	/ha-tinh-suoi-am-mua-dong-cho-em.html	HÀ TĨNH: "Sưởi ấm mùa đông cho em"
20782	50639	/thanh-pho-hue-phong-canh-sat-thahs-va-http-chung-tay-vi-cong-dong-trao-qua-ho-tro-nguoi-dan-vung-lu-tai-xa-phu-ho.html	HUẾ: "Phòng Cảnh sát THAHS và HTTP chung tay vì cộng đồng" trao quà hỗ trợ người dân vùng lũ tại xã Phú Hồ
20783	50642	/dong-thap-thap-lai-niem-tin-cho-phu-nu-hoan-luong.html	ĐỒNG THÁP: Thắp lại niềm tin cho phụ nữ hoàn lương
20784	50645	/bac-ninh-cong-an-tinh-bac-ninh-tang-cuong-tuyen-truyen-ho-tro-nguoi-chap-hanh-xong-an-phat-tu-tai-hoa-nhap-cong-dong.html	BẮC NINH: Công an tỉnh Bắc Ninh: Tăng cường tuyên truyền, hỗ trợ người chấp hành xong án phạt tù tái hòa nhập cộng đồng
20785	50648	/thanh-hoa-hoi-nghi-tuyen-truyen-cam-hoa-giao-duc-phap-luat-va-ho-tro-tai-hoa-nhap-cong-dong-cho-nguoi-chap-hanh-xong-an-phat-tu.html	THANH HÓA: Hội nghị tuyên truyền, cảm hóa, giáo dục pháp luật và hỗ trợ tái hòa nhập cộng đồng cho người chấp hành xong án phạt tù
20786	50651	/thanh-hoa-tap-huan-cong-tac-thi-hanh-an-hinh-su-tai-cong-dong-va-cong-tac-tai-hoa-nhap-cong-dong-nam-2025.html	THANH HÓA: Tập huấn công tác thi hành án hình sự tại cộng đồng và công tác tái hòa nhập cộng đồng năm 2025
20787	50654	/ha-tinh-song-giua-vong-tay.html	HÀ TĨNH: SỐNG GIỮA VÒNG TAY
20788	50657	/quang-ngai-giai-phap-nang-cao-hieu-qua-cong-tac-thi-hanh-an-hinh-su-tai-cong-dong-va-tai-hoa-nhap-cong-dong-tren-dia-ban-tinh-quang-ngai.html	QUẢNG NGÃI: Giải pháp nâng cao hiệu quả công tác thi hành án hình sự tại cộng đồng và tái hòa nhập cộng đồng trên địa bàn tỉnh Quảng Ngãi
20789	50660	/lam-dong-hieu-qua-cho-vay-doi-voi-nguoi-chap-hanh-xong-an-phat-tu-bao-va-ptth-lam-dong.html	LÂM ĐỒNG: Hiệu quả cho vay đối với người chấp hành xong án phạt tù
20790	50663	/dong-nai-lanh-dao-cong-an-tinh-dong-nai-tang-qua-cho-nguoi-chap-hanh-xong-an-phat-tu-tren-dia-ban-phuong-binh-phuoc.html	ĐỒNG NAI: Lãnh đạo Công an tỉnh Đồng Nai tặng quà cho người chấp hành xong án phạt t.ù trên địa bàn Phường Bình Phước
20791	50666	/ho-chi-minh-tuyen-truyen-pho-bien-phap-luat-ve-cong-tac-tai-hoa-nhap-cong-dong-doi-voi-nguoi-chap-hanh-xong-hinh-phat-tu.html	HỒ CHÍ MINH: TUYÊN TRUYỀN, PHỔ BIẾN, PHÁP LUẬT VỀ CÔNG TÁC TÁI HÒA NHẬP CỘNG ĐỒNG ĐỐI VỚI NGƯỜI CHẤP HÀNH XONG HÌNH PHẠT TÙ
20792	50669	/an-giang-cong-an-xa-phu-an-phoi-hop-voi-doi-cat-nha-tu-thien-ho-tro-cat-nha-cho-nguoi-chap-hanh-xong-an-phat-tu-tai-hoa-nhap-cong-dong.html	AN GIANG: Công an xã Phú An phối hợp với Đội cất nhà từ thiện hỗ trợ cất nhà cho người chấp hành xong án phạt tù tái hòa nhập cộng đồng.
20793	50672	/an-giang-my-thoi-dong-hanh-cung-nguoi-chap-hanh-xong-an-phat-tu-tai-hoa-nhap-cong-dong.html	AN GIANG: Mỹ Thới: Đồng hành cùng người chấp hành xong án phạt tù tái hòa nhập cộng đồng
20794	50675	/thanh-hoa-cong-an-xa-quang-ninh-to-chuc-hoi-nghi-tuyen-truyen-pho-bien-giao-duc-phap-luat-tu-van-gioi-thieu-viec-lam-ho-tro-vay-von-doi-voi-nguoi-chap-hanh-an-hinh-su-tai-cong-dong-nguoi-tai-hoa-nhap-cong-dong-va-nhung-nguoi-co-nguy-co-pham-toi-tren-dia-ban-xa.html	THANH HÓA: Công an xã Quảng Ninh tổ chức Hội nghị tuyên truyền phổ biến giáo dục pháp luật, tư vấn giới thiệu việc làm, hỗ trợ vay vốn đối với người chấp hành án hình sự tại cộng đồng, người tái hoà nhập cộng đồng và những người có nguy cơ phạm tội trên địa bàn xã
20795	50678	/cao-bang-khong-ai-bi-bo-lai-phia-sau-chuyen-nguoi-hoan-luong-sau-khi-chap-hanh-xong-an-phat-tu-tro-ve-dia-phuong-ai-cung-mong-muon-duoc-bat-dau-mot-cuoc.html	CAO BẰNG: KHÔNG AI BỊ BỎ LẠI PHÍA SAU - CHUYỆN NGƯỜI HOÀN LƯƠNG Sau khi chấp hành xong án phạt tù, trở về địa phương, ai cũng mong muốn được bắt đầu một cuộc
20796	50681	/bac-ninh-cong-an-tinh-bac-ninh-tang-cuong-tuyen-truyen-ho-tro-nguoi-chap-hanh-xong-an-phat-tu-tai-hoa-nhap-cong-dong.html	BẮC NINH: Công an tỉnh Bắc Ninh: Tăng cường tuyên truyền, hỗ trợ người chấp hành xong án phạt tù tái hòa nhập cộng đồng
20797	50684	/thai-nguyen-nam-cuong-ra-mat-mo-hinh-quan-ly-giam-sat-giao-duc-nguoi-chap-hanh-xong-hinh-phat-tu-tro-ve-dia-phuong-tai-hoa-nhap-cong-dong.html	THÁI NGUYÊN: Nam Cường ra mắt mô hình “Quản lý, giám sát, giáo dục người chấp hành xong hình phạt tù trở về địa phương tái hòa nhập cộng đồng"
20798	50687	/quang-ninh-tuyen-tuyen-phap-luat-gioi-thieu-viec-lam-ho-tro-vay-von-cho-nguoi-chap-hanh-xong-an-phat-tu.html	QUẢNG NINH: Tuyên tuyền pháp luật, giới thiệu việc làm, hỗ trợ vay vốn cho người chấp hành xong án phạt tù
20799	50690	/tuyen-quang-tu-van-viec-lam-cho-hon-300-nguoi-sap-chap-hanh-xong-an-phat-tu.html	TUYÊN QUANG: Tư vấn việc làm cho hơn 300 người sắp chấp hành xong án phạt tù
20800	50693	/son-la-buoc-qua-loi-lam.html	SƠN LA: BƯỚC QUA LỖI LẦM
20801	50951	/son-la-ky-ket-chuong-trinh-phoi-hop-ve-tin-dung-doi-voi-nguoi-chap-hanh-xong-an-phat-tu.html	SƠN LA: Ký kết chương trình phối hợp về tín dụng đối với người chấp hành xong án phạt tù
20802	50699	/phu-tho-tang-cuong-phoi-hop-thuc-hien-tin-dung-doi-voi-nguoi-chap-hanh-xong-an-phat-tu-03-11-2025.html	PHÚ THỌ: Tăng cường phối hợp thực hiện tín dụng đối với người chấp hành xong án phạt tù
20803	50702	/phu-tho-giup-nguoi-lam-lo-tai-hoa-nhap-cong-dong.html	PHÚ THỌ: Giúp người lầm lỡ tái hòa nhập cộng đồng
20804	50948	/thai-nguyen-ra-mat-mo-hinh-ket-noi-tao-viec-lam-cho-nguoi-chap-hanh-xong-an-phat-tu-tai-hoa-nhap-cong-dong-tai-xa-dong-hy.html	THÁI NGUYÊN: Ra mắt mô hình “Kết nối, tạo việc làm cho người chấp hành xong án phạt tù, tái hòa nhập cộng đồng” tại xã Đồng Hỷ"
20805	50708	/bac-ninh-cong-an-tinh-bac-ninh-ky-ket-chinh-sach-tin-dung-ho-tro-nguoi-chap-hanh-xong-an.html	BẮC NINH: Công an tỉnh Bắc Ninh ký kết chính sách tín dụng hỗ trợ người chấp hành xong án phạt tù
20806	50711	/bac-ninh-giai-ngan-hon-10-2-ty-dong-cho-nguoi-chap-hanh-xong-an-phat-tu-dau-tu-san-xuat-kinh-doanh.html	BẮC NINH: Giải ngân hơn 10,2 tỷ đồng cho người chấp hành xong án phạt tù đầu tư sản xuất, kinh doanh
20807	50714	/bac-ninh-ky-ket-chuong-trinh-phoi-hop-ve-tin-dung-voi-nguoi-chap-hanh-xong-an-phat-tu.html	BẮC NINH: Ký kết Chương trình phối hợp về tín dụng với người chấp hành xong án phạt tù
20808	50717	/nghe-an-hieu-qua-tu-chinh-sach-tin-dung-doi-voi-nguoi-chap-hanh-xong-an-phat-tu.html	NGHỆ AN: Hiệu quả từ chính sách tín dụng đối với người chấp hành xong án phạt tù
20810	50720	/nguon-von-ngan-hang-chinh-sach-xa-hoi-giup-gia-dinh-nguoi-chap-hanh-xong-an-phat-tu-vuon-len-on-dinh-cuoc-song.html	VĨNH LONG: Nguồn vốn Ngân hàng Chính sách - Xã hội giúp gia đình người chấp hành xong án phạt tù vươn lên ổn định cuộc sống
20811	50723	/khanh-hoa-ket-qua-thuc-hien-quyet-dinh-so-22-cua-thu-tuong-chinh-phu-ve-vay-von-tin-dung-doi-voi-nguoi-chap-hanh-xong-an-phat-tu.html	KHÁNH HÒA: Kết quả thực hiện Quyết định số 22 của Thủ tướng Chính phủ về vay vốn tín dụng đối với người chấp hành xong án phạt tù
20812	50726	/phu-tho-mo-loi-hoan-luong.html	PHÚ THỌ: Mở lối hoàn lương
20813	50729	/khanh-hoa-ubnd-phuong-bac-nha-trang-trien-khai-ke-hoach-ve-tin-dung-cho-nguoi-chap-hanh-xong-an-phat-tu.html	 KHÁNH HÒA: UBND PHƯỜNG BẮC NHA TRANG TRIỂN KHAI KẾ HOẠCH  VỀ TÍN DỤNG CHO NGƯỜI CHẤP HÀNH XONG ÁN PHẠT TÙ
20814	50945	/da-nang-gap-mat-doi-thoai-va-ho-tro-tai-hoa-nhap-cong-dong-cho-nguoi-chap-hanh-an.html	ĐÀ NẴNG: GẶP MẶT, ĐỐI THOẠI VÀ HỖ TRỢ TÁI HÒA NHẬP CỘNG ĐỒNG CHO NGƯỜI CHẤP HÀNH ÁN
20815	50735	/can-thotap-huan-cong-tac-thi-hanh-an-hinh-su-tai-cong-dong-va-tai-hoa-nhap-cong-dong-nam-2025.html	CẦN THƠ: Tập huấn công tác thi hành án hình sự tại cộng đồng và tái hòa nhập cộng đồng năm 2025
20816	50738	/da-nang-nang-cao-hieu-qua-cong-tac-thi-hanh-an-hinh-su-tai-cong-dong-va-tai-hoa-nhap-cong-dong.html	ĐÀ NẴNG: Nâng cao hiệu quả công tác thi hành án hình sự tại cộng đồng và tái hòa nhập cộng đồng
20817	50741	/hung-yen-cong-an-tinh-hung-yen-to-chuc-hoi-nghi-tap-huan-cong-tac-thi-hanh-an-hinh-su-tai-cong-dong-va-tai-hoa-nhap-cong-dong-nam-2025.html	HƯNG YÊN: Công an tỉnh Hưng Yên tổ chức Hội nghị tập huấn công tác thi hành án hình sự tại cộng đồng và tái hòa nhập cộng đồng năm 2025
20818	50744	/lang-son-bao-dam-dan-chu-cong-bang-khach-quan-minh-bach-trong-cong-tac-dac-xa.html	LẠNG SƠN: Bảo đảm dân chủ, công bằng, khách quan, minh bạch trong công tác đặc xá
20819	50747	/tuyen-quang-tong-ket-cong-tac-dac-xa-va-tai-hoa-nhap-cong-dong-nam-2025.html	TUYÊN QUANG: Tổng kết công tác đặc xá và tái hòa nhập cộng đồng năm 2025
20820	50750	/thai-nguyen-tong-ket-cong-tac-dac-xa-va-cong-tac-tai-hoa-nhap-cong-dong-doi-voi-nguoi-duoc-dac-xa-nam-2025.html	THÁI NGUYÊN: Tổng kết công tác đặc xá và công tác tái hòa nhập cộng đồng đối với người được đặc xá năm 2025
20821	50753	/thai-nguyen-tong-ket-cong-tac-dac-xa-va-cong-tac-tai-hoa-nhap-cong-dong-doi-voi-nguoi-duoc-dac-xa-nam-2025.html	THÁI NGUYÊN: Tổng kết công tác đặc xá và công tác tái hòa nhập cộng đồng đối với người được đặc xá năm 2025
20822	50756	/phu-tho-phat-huy-hieu-qua-phong-trao-toan-dan-bao-ve-an-ninh-to-quoc.html	PHÚ THỌ: Phát huy hiệu quả phong trào Toàn dân bảo vệ an ninh Tổ quốc
20823	50759	/phu-tho-dam-bao-cho-nguoi-tai-dac-xa-hoa-nhap-cong-dong-tot.html	PHÚ THỌ: Đảm bảo cho người tái đặc xá hòa nhập cộng đồng tốt
20824	50762	/son-la-tong-ket-cong-tac-dac-xa-va-tai-hoa-nhap-cong-dong-doi-voi-nguoi-duoc-dac-xa-nam-2025.html	SƠN LA: Tổng kết công tác đặc xá và tái hoà nhập cộng đồng đối với người được đặc xá năm 2025
20825	50765	/dien-bien-pho-giam-doc-ngan-hang-csxh-dien-bien-tin-dung-chinh-sach-la-nguon-von-mua-dam-tham-lau-giam-ngheo-ben-vung.html	ĐIỆN BIÊN: Phó Giám đốc Ngân hàng CSXH Điện Biên: Tín dụng chính sách là nguồn vốn "mưa dầm thấm lâu", giảm nghèo bền vững
20826	50768	/nguon-von-tin-dung-chinh-sach-tiep-suc-nguoi-ngheo-vuon-len.html	NGÂN HÀNG CSXH: Nguồn vốn tín dụng chính sách tiếp sức người nghèo vươn lên
20827	50771	/dong-nai-trao-co-hoi-gieo-niem-tin-cho-nhung-cuoc-doi-hoan-luong.html	ĐỒNG NAI: Trao cơ hội, gieo niềm tin cho những cuộc đời hoàn lương
20828	50774	/nguoi-chap-hanh-xong-an-phat-tu-duoc-tu-van-phap-luat-va-vay-von-chinh-sach.html	ĐỒNG NAI: Người chấp hành xong án phạt tù được tư vấn pháp luật và vay vốn chính sách
20829	50777	/quang-tri-tong-ket-cong-tac-dac-xa-va-tai-hoa-nhap-cong-dong-doi-voi-nguoi-duoc-dac-xa-nam-2025.html	QUẢNG TRỊ: Tổng kết công tác đặc xá và tái hòa nhập cộng đồng đối với người được đặc xá năm 2025
20830	50780	/ca-mau-tong-ket-cong-tac-dac-xa-va-tai-hoa-nhap-cong-dong-nam-2025.html	CÀ MAU: Tổng kết công tác đặc xá và tái hòa nhập cộng đồng năm 2025
20831	50783	/dong-nai-ho-tro-nguoi-chap-hanh-xong-an-phat-tu-tai-hoa-nhap-cong-dong.html	ĐỒNG NAI: Hỗ trợ người chấp hành xong án phạt tù tái hoà nhập cộng đồng
20832	50942	/ninh-binh-hoi-nghi-truc-tuyen-tong-ket-cong-tac-dac-xa-va-cong-tac-tai-hoa-nhap-cong-dong-doi-voi-nguoi-duoc-dac-xa-nam-2025.html	NINH BÌNH: Hội nghị trực tuyến tổng kết công tác đặc xá và công tác tái hòa nhập cộng đồng đối với người được đặc xá năm 2025
20833	50789	/quang-tri-gap-mat-ho-tro-va-tu-van-danh-cho-cac-truong-hop-dang-thi-hanh-an-tai-cong-dong-va-nhung-nguoi-chap-hanh-xong-an-phat-tu-tro-ve-dia-phuong.html	QUẢNG TRỊ: Gặp mặt, hỗ trợ và tư vấn dành cho các trường hợp đang thi hành án tại cộng đồng và những người chấp hành xong án phạt tù trở về địa phương
20834	50792	/lam-dong-bao-dam-chu-dao-cong-tac-dac-xa-va-ho-tro-nguoi-chap-hanh-xong-an-phat-tu.html	LÂM ĐỒNG: Bảo đảm chu đáo công tác đặc xá và hỗ trợ người chấp hành xong án phạt tù
20835	50795	/ho-chi-minh-tiep-tuc-lam-tot-cong-tac-dac-xa-va-tao-sinh-ke-cho-nguoi-duoc-dac-xa.html	HỒ CHÍ MINH: Tiếp tục làm tốt công tác đặc xá và tạo sinh kế cho người được đặc xá
20836	50936	/lai-chau-day-manh-cong-tac-tuyen-truyen-tai-hoa-nhap-cong-dong-tren-dia-ban-tinh-lai-chau.html	LAI CHÂU: Đẩy mạnh công tác tuyên truyền tái hòa nhập cộng đồng trên địa bàn tỉnh Lai Châu
20837	50897	/thanh-hoa-tap-huan-cong-tac-thi-hanh-an-hinh-su-tai-cong-dong-va-cong-tac-tai-hoa-nhap-cong-dong-nam-2025.html	THANH HÓA: Tập huấn công tác thi hành án hình sự tại cộng đồng và công tác tái hoà nhập cộng đồng năm 2025
20838	50939	/khanh-hoa-co-quan-thi-hanh-an-hinh-su-cong-an-tinh-khanh-hoa-to-chuc-tuyen-truyen-tai-hoa-nhap-cong-dong-cho-nguoi-chap-hanh-xong-an-an-phat-tu-nguoi-duoc-dac-xa-nam-2025-tai-phuong-nam-nha-trang.html	KHÁNH HÒA: Cơ quan thi hành án hình sự Công an tỉnh Khánh Hòa tổ chức tuyên truyền tái hòa nhập cộng đồng cho người chấp hành xong án phạt tù, người được đặc xá năm 2025 tại phường Nam Nha Trang
20839	50930	/gia-lai-cong-an-phuong-an-phu-to-chuc-tap-huan-cong-tac-tai-hoa-nhap-cong-dong-cho-luc-luong-tham-gia-bao-ve-an-ninh-trat-tu-o-co-so.html	GIA LAI: Công an phường An Phú tổ chức tập huấn công tác tái hoà nhập cộng đồng cho Lực lượng tham gia bảo vệ an ninh, trật tự ở cơ sở.
20840	50807	/ho-chi-minh-tap-huan-cong-tac-thi-hanh-an-hinh-su-tai-cong-dong-va-tai-hoa-nhap-cong-dong.html	HỒ CHÍ MINH: Tập huấn công tác thi hành án hình sự tại cộng đồng và tái hòa nhập cộng đồng
20841	50810	/dong-thap-giup-do-nguoi-duoc-dac-xa-nhanh-chong-tai-hoa-nhap-cong-dong.html	ĐỒNG THÁP: Giúp đỡ người được đặc xá nhanh chóng tái hòa nhập cộng đồng
20842	50813	/dong-thap-gan-800-nguoi-duoc-dac-xa-nam-2025.html	ĐỒNG THÁP: Gần 800 người được đặc xá năm 2025
20843	50816	/thanh-hoa-tong-ket-cong-tac-dac-xa-tai-hoa-nhap-cong-dong-doi-voi-nguoi-duoc-dac-xa-nam-2025.html	THANH HÓA: Tổng kết công tác đặc xá, tái hoà nhập cộng đồng đối với người được đặc xá năm 2025
20844	50819	https://www.facebook.com/congantinhkhanhhoa/videos/1614243483285394/	KHÁNH HÒA: Câu chuyện pháp luật "Nâng cao công tác tái hòa nhập cộng đồng trên địa bàn tỉnh"
20845	50822	/tay-ninh-tap-huan-cong-tac-tai-hoa-nhap-cong-dong-va-thi-hanh-an-hinh-su-tai-cong-dong-nam-2025.html	TÂY NINH: Tập huấn công tác tái hòa nhập cộng đồng và thi hành án hình sự tại cộng đồng năm 2025
20846	50825	/cong-an-thanh-pho-hue-khai-giang-lop-tap-huan-nghiep-vu-thi-hanh-an-hinh-su-tai-cong-dong-va-tai-hoa-nhap-cong-dong-nam-2025.html	HUẾ: Công an thành phố Huế khai giảng lớp tập huấn nghiệp vụ thi hành án hình sự tại cộng đồng và tái hòa nhập cộng đồng năm 2025
20847	50927	/hue-phong-canh-sat-thi-hanh-an-hinh-su-va-ho-tro-tu-phap-to-chuc-tuyen-truyen-giao-duc-phap-luat-cho-nguoi-chap-hanh-xong-an-phat-tu-tai-phuong-phong-phu.html	HUẾ: Phòng Cảnh sát thi hành án hình sự và hỗ trợ tư pháp tổ chức tuyên truyền, giáo dục pháp luật cho người chấp hành xong án phạt tù tại phường Phong Phú
20848	50831	/da-nang-cong-an-tp-da-nang-tap-huan-cong-tac-thi-hanh-an-hinh-su-va-tai-hoa-nhap-cong-dong.html	ĐÀ NẴNG: Công an TP Đà Nẵng tập huấn công tác thi hành án hình sự và tái hòa nhập cộng đồng
20849	50834	/thanh-hoa-tap-huan-cong-tac-thi-hanh-an-hinh-su-va-tai-hoa-nhap-cong-dong.html	THANH HÓA: xã Na Mèo tập huấn công tác thi hành án hình sự và tái hòa nhập cộng đồng
20850	50837	/quang-tri-cong-an-tinh-quang-tri-khai-giang-lop-tap-huan-thi-hanh-an-hinh-su-tai-cong-dong-nam-2025.html	QUẢNG TRỊ: Công an tỉnh Quảng Trị khai giảng lớp tập huấn thi hành án hình sự tại cộng đồng năm 2025
20851	50840	/can-tho-bo-cong-an-tong-ket-cong-tac-dac-xa-va-tai-hoa-nhap-cong-dong-nam-2025.html	CẦN THƠ: Bộ Công an tổng kết công tác đặc xá và tái hòa nhập cộng đồng năm 2025
20852	50843	/tay-ninh-tan-tap-trien-khai-cong-tac-thi-hanh-an-hinh-su-va-tai-hoa-nhap-cong-dong.html	TÂY NINH: Xã Tân Tập triển khai công tác thi hành án hình sự và tái hòa nhập cộng đồng
20853	50846	/bo-cong-an-tong-ket-cong-tac-dac-xa-va-tai-hoa-nhap-cong-dong-doi-voi-nguoi-duoc-dac-xa-nam-2025.html	BỘ CÔNG AN: Tổng kết công tác đặc xá và tái hòa nhập cộng đồng đối với người được đặc xá năm 2025
20854	50849	/da-nang-tiep-tuc-ho-tro-de-nguoi-duoc-dac-xa-tha-tu-truoc-thoi-han-di-dung-huong.html	ĐÀ NẴNG: Tiếp tục hỗ trợ để người được đặc xá tha tù trước thời hạn đi đúng hướng
20855	50852	/ha-tinh-cam-hoa-ho-tro-hieu-qua-nguoi-thi-hanh-an-hinh-su-tai-cong-dong.html	HÀ TĨNH: Cảm hóa, hỗ trợ hiệu quả người thi hành án hình sự tại cộng đồng
20856	50924	/nghe-an-cong-an-phuong-vinh-phu-pho-bien-tu-van-phap-luat-tro-giup-phap-ly-cho-nguoi-chap-hanh-xong-an-phat-tu.html	NGHỆ AN: Công an phường Vinh Phú phổ biến, tư vấn pháp luật, trợ giúp pháp lý cho người chấp hành xong án phạt tù
20857	50858	/thanh-hoa-cong-an-xa-sao-vang-tuyen-truyen-pho-bien-giao-duc-phap-luat-ve-cong-tac-thi-hanh-an-hinh-su-tai-cong-dong-va-tai-hoa-nhap-cong-dong-nam-2025.html	THANH HÓA: Công an xã Sao Vàng tuyên truyền, phổ biến giáo dục pháp luật về công tác thi hành án hình sự tại cộng đồng và tái hòa nhập cộng đồng năm 2025
20858	50861	/ninh-binh-hoi-nghi-tong-ket-cong-tac-dac-xa-va-cong-tac-tai-hoa-nhap-cong-dong-nam-2025.html	NINH BÌNH: Hội nghị tổng kết công tác đặc xá và công tác tái hoà nhập cộng đồng năm 2025
20859	50864	/ninh-binh-luc-luong-cong-an-cap-xa-tinh-ninh-binh-no-luc-bao-dam-tot-an-ninh-trat-tu-ngay-tu-dia-ban-co-so.html	NINH BÌNH: Lực lượng Công an cấp xã tỉnh Ninh Bình nỗ lực bảo đảm tốt an ninh, trật tự ngay từ địa bàn cơ sở
20860	50921	/quang-tri-cong-an-xa-hoan-lao-to-chuc-gap-mat-ho-tro-va-tu-van-cho-nguoi-thi-hanh-an-tai-cong-dong-va-nguoi-chap-hanh-xong-an-phat-tu-tro-ve-dia-phuong.html	QUẢNG TRỊ: Công an xã Hoàn Lão tổ chức gặp mặt, hỗ trợ và tư vấn cho người thi hành án tại cộng đồng và người chấp hành xong án phạt tù trở về địa phương
20861	50870	/tong-ket-cong-tac-dac-xa-va-tai-hoa-nhap-cong-dong-doi-voi-nguoi-duoc-dac-xa-nam-2025.html	LAI CHÂU: Tổng kết công tác đặc xá và tái hòa nhập cộng đồng đối với người được đặc xá năm 2025
20862	50873	/vinh-long-tiep-tuc-co-nhung-lan-dac-xa-nhan-ky-niem-cac-ngay-le-lon-cac-su-kien-trong-dai.html	VĨNH LONG: Tiếp tục có những lần đặc xá nhân kỷ niệm các ngày lễ lớn, các sự kiện trọng đại
20863	50876	https://www.facebook.com/story.php?story_fbid=1171842518447925&id=100068665631561&mibextid=wwXIfr&rdid=zae97Jxi3E1IQ6TX#	LAI CHÂU: Tập huấn công tác thi hành án hình sự tại cộng đồng và tái hòa nhập cộng đồng năm 2025
20864	50879	https://www.facebook.com/100083550282996/posts/873016768826658/?rdid=daxSCDVKnj8kBapY#	HỒ CHÍ MINH: Công an Thành phố Hồ Chí Minh Hỗ Trợ hơn 1.000 người được đặc xá tái hòa nhập cộng đồng
20865	50882	/ho-chi-minh-cong-an-phuong-to-chuc-hoi-nghi-tuyen-truyen-pho-bien-phap-luat-doi-voi-nguoi-chap-hanh-xong-an-phat-tu-tro-ve-dia-phuong-tai-hoa-nhap-cong-dong.html	HỒ CHÍ MINH: CÔNG AN PHƯỜNG TỔ CHỨC HỘI NGHỊ TUYÊN TRUYỀN, PHỔ BIẾN PHÁP LUẬT ĐỐI VỚI NGƯỜI CHẤP HÀNH XONG ÁN PHẠT TÙ TRỞ VỀ ĐỊA PHƯƠNG TÁI HÒA NHẬP CỘNG ĐỒNG.
20866	50885	/hue-phuong-phong-phu-giup-do-nguoi-chap-hanh-xong-an-phat-tu-tai-hoa-nhap-cong-dong.html	HUẾ: Phường Phong Phú giúp đỡ người chấp hành xong án phạt tù tái hòa nhập cộng đồng
20867	50888	/dong-thap-giu-vung-an-ninh-trat-tu-tu-co-so.html	ĐỒNG THÁP: Giữ vững an ninh, trật tự từ cơ sở
20868	50891	/ho-chi-minh-ho-tro-hon-1000-nguoi-duoc-dac-xa-tai-hoa-nhap-cong-dong.html	HỒ CHÍ MINH: Hỗ trợ hơn 1.000 người được đặc xá tái hòa nhập cộng đồng
20869	50903	/nghe-an-hoi-nghi-tap-huan-cong-tac-thi-hanh-an-hinh-su-tai-cong-dong-va-tai-hoa-nhap-cong-dong-nam-2025.html	NGHỆ AN: Hội nghị tập huấn công tác thi hành án hình sự tại cộng đồng và tái hòa nhập cộng đồng năm 2025
20870	50999	/dong-thap-hoi-thi-nghiep-vu-thi-hanh-an-hinh-su-va-ho-tro-tu-phap.html	ĐỒNG THÁP: Hội thi nghiệp vụ thi hành án hình sự và hỗ trợ tư pháp
20871	51002	/dong-thap-phu-nu-pc10-to-chuc-buoi-noi-chuyen-chuyen-de-va-tuyen-truyen-pho-bien-giao-duc-phap-luat-ve-cong-tac-tai-hoa-nhap-cong-dong.html	ĐỒNG THÁP: Phụ nữ PC10 tổ chức buổi nói chuyện chuyên đề và tuyên truyền, phổ biến, giáo dục pháp luật về công tác tái hòa nhập cộng đồng
20874	51011	/khanh-hoa-bo-cong-an-tong-ket-cong-tac-dac-xa-va-tai-hoa-nhap-cong-dong-doi-voi-nguoi-duoc-dac-xa-nam-2025.html	KHÁNH HÒA: Bộ Công an tổng kết công tác đặc xá và tái hòa nhập cộng đồng đối với người được đặc xá năm 2025
20875	51014	/phu-tho-hoi-nghi-tuyen-truyen-pho-bien-giao-duc-phap-luat-tu-van-viec-lam-ho-tro-vay-von-doi-voi-nguoi-tai-hoa-nhap-cong-dong.html	PHÚ THỌ: Hội nghị “Tuyên truyền, phổ biến giáo dục pháp luật, tư vấn việc làm, hỗ trợ vay vốn” đối với người tái hòa nhập cộng đồng
20876	51017	/tp-hue-phat-huy-hieu-qua-quyet-dinh-22-ho-tro-nguoi-chap-hanh-xong-an-phat-tu-tai-hoa-nhap-cong-dong.html	TP HUẾ: Phát huy hiệu quả Quyết định 22, hỗ trợ người chấp hành xong án phạt tù tái hòa nhập cộng đồng
20877	51020	/ha-tinh-hon-1700-nguoi-chap-hanh-xong-an-phat-tu-duoc-giup-do-tai-hoa-nhap-cong-dong.html	HÀ TĨNH: Hơn 1.700 người chấp hành xong án phạt tù được giúp đỡ tái hòa nhập cộng đồng
20878	51023	/dak-lak-hieu-qua-mo-hinh-doanh-nhan-voi-an-ninh-trat-tu-tai-xa-ea-o.html	ĐẮK LẮK: Hiệu quả mô hình “Doanh nhân với an ninh trật tự” tại xã Ea Ô
20879	51026	/dong-nai-tu-van-phap-luat-gioi-thieu-viec-lam-va-vay-von-phat-trien-kinh-te-cho-nguoi-chap-hanh-xong-an-phat-tu-tai-xa-long-ha.html	ĐỒNG NAI: Tư vấn pháp luật, giới thiệu việc làm và vay vốn phát triển kinh tế cho người chấp hành xong án phạt tù tại xã Long Hà
20880	51029	/hue-phong-phu-ra-mat-mo-hinh-chung-tay-quan-ly-giao-duc-giup-do-nguoi-chap-hanh-xong-an-phat-tu-tai-hoa-nhap-cong-dong.html	HUẾ: Phong Phú: Ra mắt mô hình “Chung tay quản lý, giáo dục, giúp đỡ người chấp hành xong án phạt tù tái hòa nhập cộng đồng”
20881	51035	/phu-tho-luong-son-ra-mat-mo-hinh-giup-do-nguoi-lam-loi-tai-hoa-nhap-cong-dong.html	PHÚ THỌ: Lương Sơn ra mắt mô hình “Giúp đỡ người lầm lỗi tái hòa nhập cộng đồng”
20884	51041	/quang-tri-nhcsxh-quang-tri-thap-lua-tai-hoa-nhap-cho-nguoi-chap-hanh-xong-an-phat-tu-qua-tin-dung-uu-dai.html	QUẢNG TRỊ: NHCSXH Quảng Trị "Thắp lửa tái hòa nhập cho người chấp hành xong án phạt tù qua tín dụng ưu đãi"
20885	51044	/an-giang-cong-an-tinh-an-giang-tap-huan-nang-cao-hieu-qua-cong-tac-thi-hanh-an-hinh-su-tai-cong-dong-va-tai-hoa-nhap-cong-dong.html	AN GIANG: Công an tỉnh An Giang tập huấn, nâng cao hiệu quả công tác thi hành án hình sự tại cộng đồng và tái hòa nhập cộng đồng
20890	51047	/thong-tin-danh-cho-nguoi-tai-hoa-nhap-cong-dong.html	BỘ CÔNG AN: Thông tin dành cho người tái hòa nhập cộng đồng
20891	51050	/bo-cong-an-tao-chuyen-bien-manh-me-sau-sac-toan-dien-trong-cong-tac-tam-giu-tam-giam-va-thi-hanh-an-hinh-su-tai-cong-dong.html	BỘ CÔNG AN: Tạo chuyển biến mạnh mẽ, sâu sắc, toàn diện trong công tác tạm giữ, tạm giam và thi hành án hình sự tại cộng đồng
20892	51053	/can-tho-cong-an-thanh-pho-can-tho-tuyen-truyen-pho-bien-phap-luat-tu-van-viec-lam-ho-tro-vay-von-tai-hoa-nhap-cong-dong.html	CẦN THƠ: Công an thành phố Cần Thơ tuyên truyền phổ biến pháp luật, tư vấn việc làm, hỗ trợ vay vốn tái hòa nhập cộng đồng
20893	51056	/quang-tri-ra-mat-mo-hinh-05-dong-hanh-trong-cong-tac-tai-hoa-nhap-cong-dong-tren-dia-ban-xa-hoan-lao.html	QUẢNG TRỊ: Ra mắt mô hình “05 đồng hành” trong công tác tái hòa nhập cộng đồng trên địa bàn xã Hoàn Lão
20894	51059	/ca-mau-ra-mat-mo-hinh-ho-tro-giup-do-nguoi-chap-hanh-xong-an-phat-tu-on-dinh-cuoc-song-hoa-nhap-cong-dong.html	CÀ MAU: Ra mắt mô hình “Hỗ trợ, giúp đỡ người chấp hành xong án phạt tù ổn định cuộc sống, hòa nhập cộng đồng”
20895	51062	/can-tho-cong-an-phuong-ninh-kieu-tang-cuong-ho-tro-nguoi-tai-hoa-nhap-cong-dong-on-dinh-cuoc-song.html	CẦN THƠ: Công an phường Ninh Kiều tăng cường hỗ trợ người tái hòa nhập cộng đồng ổn định cuộc sống
20896	51065	/can-tho-chung-tay-ho-tro-nguoi-tai-hoa-nhap-cong-dong-on-dinh-cuoc-song.html	CẦN THƠ: Chung tay hỗ trợ người tái hoà nhập cộng đồng ổn định cuộc sống
20897	51071	/khanh-hoa-tap-huan-cong-tac-thi-hanh-an-hinh-su-va-tai-hoa-nhap-cong-dong-cho-luc-luong-ban-chuyen-trach.html	KHÁNH HOÀ: Tập huấn công tác thi hành án hình sự và tái hoà nhập cộng đồng cho lực lượng bán chuyên trách
20898	51074	/tp-hue-phong-canh-sat-thi-hanh-an-hinh-su-va-ho-tro-tu-phap-tong-ket-cong-tac-nam-2025-trien-khai-chuong-trinh-cong-tac-nam-2026.html	TP HUẾ: Phòng Cảnh sát thi hành án hình sự và hỗ trợ tư pháp tổng kết công tác năm 2025, triển khai chương trình công tác năm 2026
20899	51077	/khanh-hoa-tap-huan-cong-tac-thi-hanh-an-hinh-su-va-tai-hoa-nhap-cong-dong-cho-luc-luong-ban-chuyen-trach.html	KHÁNH HOÀ: Tập huấn công tác thi hành án hình sự và tái hoà nhập cộng đồng cho lực lượng bán chuyên trách
20900	51542	/dong-thap-luc-luong-canh-sat-thi-hanh-an-hinh-su-va-ho-tro-tu-phap-hoan-thanh-xuat-sac-nhiem-vu-trong-nam-2025.html	ĐỒNG THÁP: Lực lượng Cảnh sát thi hành án hình sự và hỗ trợ tư pháp hoàn thành xuất sắc nhiệm vụ trong năm 2025
20901	51083	/can-tho-tiep-tuc-nang-cao-chat-luong-cong-tac-tam-giu-tam-giam-thi-hanh-an-hinh-su-va-ho-tro-tu-phap-cua-cong-an-thanh-pho-can-tho.html	CẦN THƠ: Tiếp tục nâng cao chất lượng công tác tạm giữ, tạm giam, thi hành án hình sự và hỗ trợ tư pháp của Công an thành phố Cần Thơ
20902	51086	/can-tho-cong-an-thanh-pho-can-tho-hop-xet-de-nghi-giam-mien-rut-ngan-thoi-gian-chap-hanh-an-hinh-su-tai-cong-dong-nhan-dip-tet-nguyen-dan-binh-ngo-2026.html	CẦN THƠ: Công an thành phố Cần Thơ họp xét đề nghị giảm, miễn, rút ngắn thời gian chấp hành án hình sự tại cộng đồng nhân dịp Tết Nguyên đán Bính Ngọ 2026
20903	51089	/ha-noi-tang-cuong-thuc-hien-cong-tac-thi-hanh-an-hinh-su-tai-cong-dong-va-tai-hoa-nhap-cong-dong.html	HÀ NỘI: Tăng cường thực hiện công tác thi hành án hình sự tại cộng đồng và tái hòa nhập cộng đồng
20904	51092	/ha-noi-nhung-van-de-quan-trong-ve-cong-tac-tai-hoa-nhap-cong-dong-bai-1-hieu-ro-ve-tai-hoa-nhap-cong-dong.html	HÀ NỘI: Những vấn đề quan trọng về công tác tái hòa nhập cộng đồng - Bài 1: Hiểu rõ về Tái hòa nhập cộng đồng
20905	51095	/ha-noi-nhung-van-de-quan-trong-ve-cong-tac-tai-hoa-nhap-cong-dong-bai-2-chat-che-cac-quy-trinh-tiep-nhan-thong-bao-ve-pham-nhan-truoc-khi-het-thoi-han-chap-hanh-an-phat-tu-duoc-dac-xa.html	HÀ NỘI: Những vấn đề quan trọng về công tác tái hòa nhập cộng đồng - (Bài 2): Chặt chẽ các quy trình tiếp nhận thông báo về phạm nhân trước khi hết thời hạn chấp hành án phạt tù, được đặc xá
20906	51098	/da-nang-hoi-nghi-gap-mat-doi-thoai-ho-tro-nguoi-trong-dien-tai-hoa-nhap-cong-dong.html	ĐÀ NẴNG: Hội nghị gặp mặt, đối thoại, hỗ trợ người trong diện tái hòa nhập cộng đồng
20907	51170	/da-nang-hai-chau-ra-mat-mo-hinh-diem-danh-kiem-dien-doi-tuong-thi-hanh-an-hinh-su-tai-cong-dong-thong-qua-ung-dung-dien-tu.html	ĐÀ NẴNG: Hải Châu ra mắt Mô hình “Điểm danh, kiểm diện đối tượng thi hành án hình sự tại cộng đồng thông qua ứng dụng điện tử”
20908	51104	/da-nang-560-trieu-dong-von-vay-uu-dai-cho-khach-hang-la-nguoi-chap-hanh-xong-an-phat-tu.html	ĐÀ NẴNG: 560 triệu đồng vốn vay ưu đãi cho khách hàng là người chấp hành xong án phạt tù
20909	51107	/phu-tho-trien-khai-chinh-sach-vay-von-uu-dai-doi-voi-nguoi-chap-hanh-xong-an-phat-tu-tai-xa-hien-quan.html	PHÚ THỌ: Triển khai chính sách vay vốn ưu đãi đối với người chấp hành xong án phạt tù tại xã Hiền Quan
20911	51113	/ho-chi-minh-tin-dung-chinh-sach-va-dong-luc-cho-nguoi-chap-hanh-xong-an-phat-tu-tai-hoa-nhap-cong-dong.html	HỒ CHÍ MINH: "Tín dụng chính sách và động lực cho người chấp hành xong án phạt tù tái hoà nhập cộng đồng”
20912	51116	/cat-quang-ninh-tang-qua-tet-cho-nguoi-chap-hanh-xong-an-phat-tu-co-hoan-canh-kho-khan-lan-toa-nhung-mua-xuan-am-ap-nghia-tinh.html	QUẢNG NINH: Công an tỉnh Quảng Ninh tặng quà tết cho người chấp hành xong án phạt tù có hoàn cảnh khó khăn - lan tỏa những mùa xuân ấm áp nghĩa tình
20913	51119	/an-giang-cong-an-phuong-tan-chau-tang-qua-cho-nguoi-chap-hanh-xong-an-phat-tu-hoan-luong-tieu-bieu-co-hoan-canh-kho-khan-tai-hoa-nhap-cong-dong.html	AN GIANG: Công an phường Tân Châu tặng quà cho người chấp hành xong án phạt tù hoàn lương tiêu biểu có hoàn cảnh khó khăn tái hòa nhập cộng đồng
20915	51122	/dong-nai-gan-2-3-ty-dong-von-uu-dai-mo-loi-tai-hoa-nhap-cong-dong-tai-xa-phu-nghia.html	ĐỒNG NAI: Gần 2,3 tỷ đồng vốn ưu đãi mở lối tái hòa nhập cộng đồng tại xã Phú Nghĩa
20916	51125	/da-nang-hon-19-ty-dong-von-uu-dai-co-hoi-lam-lai-cuoc-doi-cho-nguoi-hoan-luong-tai-da-nang.html	ĐÀ NẴNG: Hơn 19 tỷ đồng vốn ưu đãi - Cơ hội làm lại cuộc đời cho người hoàn lương tại Đà Nẵng
20917	51128	/da-nang-cong-an-xa-thuong-duc-ho-tro-nguoi-hoan-luong-tiep-can-nguon-von-chinh-sach-on-dinh-cuoc-song.html	ĐÀ NẴNG: Công an xã Thượng Đức hỗ trợ người hoàn lương tiếp cận nguồn vốn chính sách, ổn định cuộc sống
20918	51131	/can-tho-diem-tua-de-nguoi-tung-lam-loi-tai-hoa-nhap-cong-dong.html	CẦN THƠ: Điểm tựa để người từng lầm lỗi tái hòa nhập cộng đồng
20919	51134	/lam-dong-hon-8400-nguoi-hoan-luong-duoc-tiep-suc-tai-hoa-nhap-cong-dong.html	LÂM ĐỒNG: Hơn 8.400 người hoàn lương được tiếp sức tái hòa nhập cộng đồng
20920	51137	/can-tho-tiep-tuc-nang-cao-chat-luong-cong-tac-ho-tro-nguoi-chap-hanh-xong-an-phat-tu-tai-hoa-nhap-cong-dong.html	CẦN THƠ: Tiếp tục nâng cao chất lượng công tác hỗ trợ người chấp hành xong án phạt tù tái hòa nhập cộng đồng
20921	51140	/can-tho-cong-an-thanh-pho-can-tho-hop-xet-giam-mien-rut-ngan-thoi-han-chap-hanh-an-hinh-su-tai-cong-dong-dip-le-30-4.html	CẦN THƠ: Công an thành phố Cần Thơ họp xét giảm, miễn, rút ngắn thời hạn chấp hành án hình sự tại cộng đồng dịp Lễ 30/4
20922	51143	/lam-dong-mo-hinh-ho-tro-nguoi-chap-hanh-xong-an-phat-tu-tai-hoa-nhap-cong-dong-hieu-qua.html	LÂM ĐỒNG: Mô hình hỗ trợ người chấp hành xong án phạt tù tái hòa nhập cộng đồng hiệu quả
20923	51146	/da-nang-day-manh-thuc-hien-chinh-sach-tin-dung-ho-tro-nguoi-chap-hanh-xong-an-phat-tu.html	ĐÀ NẴNG: Đẩy mạnh thực hiện chính sách tín dụng hỗ trợ người chấp hành xong án phạt tù
20924	51149	/da-nang-day-manh-tai-hoa-nhap-cong-dong-keo-giam-ty-le-tai-pham-toi-duoi-2.html	ĐÀ NẴNG: Đẩy mạnh tái hòa nhập cộng đồng, kéo giảm tỷ lệ tái phạm tội dưới 2%
20925	51152	/bo-cong-an-tiep-tuc-nang-cao-hieu-qua-cong-tac-tai-hoa-nhap-cong-dong-doi-voi-nguoi-chap-hanh-xong-an-phat-tu.html	BỘ CÔNG AN: Tiếp tục nâng cao hiệu quả công tác tái hoà nhập cộng đồng đối với người chấp hành xong án phạt tù
20926	51155	/quang-ninh-cong-an-phuong-cua-ong-to-chuc-gap-go-doi-tuong-thi-hanh-an-hinh-su-tai-cong-dong-tam-hoan-va-cai-tao-khong-giam-giu-tren-dia-ban.html	QUẢNG NINH: Công an phường Cửa Ông tổ chức gặp gỡ đối tượng thi hành án hình sự tại cộng đồng, tạm hoãn và cải tạo không giam giữ trên địa bàn
20927	51167	/quang-ninh-hoi-nghi-tuyen-truyen-pho-bien-phap-luat-va-tu-van-nghe-nghiep-cho-nguoi-chap-hanh-xong-an-phat-tu.html	QUẢNG NINH: Hội nghị tuyên truyền, phổ biến pháp luật và tư vấn nghề nghiệp cho người chấp hành xong án phạt tù
20928	51161	/da-nang-hon-150-nguoi-tham-gia-tai-phien-giao-dich-viec-lam-phuong-hai-chau-nam-2026.html	ĐÀ NẴNG: Hơn 150 người tham gia tại Phiên giao dịch việc làm tại phường Hải Châu năm 2026
20929	51164	/da-nang-hieu-qua-thiet-thuc-tu-phien-giao-dich-viec-lam-tai-xa-nong-son-nam-2026.html	ĐÀ NẴNG: Hiệu quả thiết thực từ phiên giao dịch việc làm tại xã Nông Sơn năm 2026
20930	51173	/ca-mau-trang-bi-hanh-trang-phap-luat-cho-nguoi-sap-chap-hanh-xong-an-phat-tu-nguoi-bi-tam-giu-tam-giam.html	CÀ MAU: Trang bị “hành trang pháp luật” cho người sắp chấp hành xong án phạt tù, người bị tạm giữ, tạm giam
20931	51176	/lai-chau-tuyen-truyen-pho-bien-phap-luat-ve-tai-hoa-nhap-cong-dong.html	LAI CHÂU: Tuyên truyền, phổ biến pháp luật về tái hòa nhập cộng đồng
20932	51179	/da-nang-ket-noi-viec-lam-tiep-suc-tai-hoa-nhap-cong-dong-cho-nguoi-chap-hanh-an-tai-xa-viet-an.html	ĐÀ NẴNG: Kết nối việc làm, tiếp sức tái hòa nhập cộng đồng cho người chấp hành án tại xã Việt An
20933	51182	/tay-ninh-cong-an-tay-ninh-to-chuc-hoi-nghi-ban-giai-phap-nang-cao-chat-luong-cong-tac-quan-ly-giam-sat-giao-duc-doi-tuong-thi-hanh-an-hinh-su-tai-cong-dong-va-tai-hoa-nhap-cong-dong.html	TÂY NINH: Công an Tây Ninh tổ chức Hội nghị bàn giải pháp nâng cao chất lượng công tác quản lý, giám sát, giáo dục đối tượng thi hành án hình sự tại cộng đồng và tái hòa nhập cộng đồng
20934	51188	/dong-thap-cong-an-tinh-dong-thap-to-chuc-hoi-nghi-tong-ket-5-nam-thuc-hien-nghi-dinh-so-49-2020-nd-cp-ngay-17-4-2020-cua-chinh-phu-va-so-ket-2-nam-thuc-hien-quyet-dinh-so-22-2023-qd-ttg-ngay-17-8-2023-cua-thu-tuong-chinh-phu.html	ĐỒNG THÁP: Công an tỉnh Đồng Tháp tổ chức Hội nghị tổng kết 5 năm thực hiện Nghị định số 49/2020/NĐ-CP ngày 17-4-2020 của Chính phủ và sơ kết 2 năm thực hiện Quyết định số 22/2023/QĐ-TTg ngày 17-8-2023 của Thủ tướng Chính phủ
20935	51191	/da-nang-diem-sang-trong-ho-tro-tai-hoa-nhap-cong-dong-ben-dong-thu-bon.html	ĐÀ NẴNG: Điểm sáng trong hỗ trợ tái hòa nhập cộng đồng bên dòng Thu Bồn
20936	51194	/da-nang-day-manh-cho-vay-uu-dai-doi-voi-nguoi-chap-hanh-xong-an-phat-tu.html	ĐÀ NẴNG: Đẩy mạnh cho vay ưu đãi đối với người chấp hành xong án phạt tù
20937	51197	/da-nang-chinh-quyen-xa-tam-xuan-lam-tot-cong-tac-quan-ly-giup-do-nguoi-tai-hoa-nhap-cong-dong.html	ĐÀ NẴNG: Chính quyền xã Tam Xuân làm tốt công tác quản lý, giúp đỡ người tái hòa nhập cộng đồng
20938	51200	/da-nang-ra-mat-mo-hinh-4-kem-1.html	ĐÀ NẴNG: Ra mắt mô hình "4 kèm 1"
20939	51203	/quang-ngai-giup-nguoi-hoan-luong-tiep-can-von-chinh-sach.html	QUẢNG NGÃI: Giúp người hoàn lương tiếp cận vốn chính sách
20940	51206	/da-nang-doi-thoai-mo-loi-tai-hoa-nhap-cho-nguoi-chap-hanh-xong-an-phat-tu.html	ĐÀ NẴNG: Đối thoại, mở lối tái hòa nhập cho người chấp hành xong án phạt tù
20941	51209	/giup-nguoi-duoc-dac-xa-vung-vang-tai-hoa-nhap-cong-dong.html	HÀ NỘI: Giúp người được đặc xá vững vàng tái hòa nhập cộng đồng
20942	51212	/dong-thap-chuyen-bien-tich-cuc-tu-chinh-sach-tai-hoa-nhap-cong-dong.html	ĐỒNG THÁP: Chuyển biến tích cực từ chính sách tái hòa nhập cộng đồng
20943	51215	/ninh-binh-ky-vong-giup-do-nguoi-lam-loi-qua-mo-hinh-phien-cho-xanh-lai-uoc-mo.html	NINH BÌNH: Kỳ vọng giúp đỡ người lầm lỗi qua mô hình Phiên chợ “Xanh lại ước mơ"
20944	51218	/ho-chi-minh-nhcsxh-tp-ho-chi-minh-thuc-day-chuong-trinh-tin-dung-doi-voi-nguoi-chap-hanh-xong-an-phat-tu.html	HỒ CHÍ MINH: NHCSXH TP. Hồ Chí Minh thúc đẩy chương trình tín dụng đối với người chấp hành xong án phạt tù
20945	51221	/ho-chi-minh-tao-dieu-kien-thuan-loi-cho-nguoi-hoan-luong-tiep-can-nguon-von-vay-chinh-sach.html	HỒ CHÍ MINH: Tạo điều kiện thuận lợi cho người hoàn lương tiếp cận nguồn vốn vay chính sách
20946	51224	/tay-ninh-cau-lac-bo-nguoi-hoan-luong-o-phuong-long-an-tinh-tay-ninh.html	TÂY NINH: "Câu lạc bộ người hoàn lương" ở phường Long An, tỉnh Tây Ninh
20947	51227	/nghe-an-nguon-von-chinh-sach-giup-nguoi-lam-lo-tai-hoa-nhap-cong-dong.html	NGHỆ AN; Nguồn vốn chính sách giúp người lầm lỡ tái hòa nhập cộng đồng
20948	51230	/vinh-long-cong-an-vinh-long-thuc-hien-tot-chinh-sach-cho-nguoi-hoan-luong.html	VĨNH LONG: Công an Vĩnh Long thực hiện tốt chính sách cho người hoàn lương
20949	51233	/vinh-long-cong-an-tinh-vinh-long-phoi-hop-cung-chi-nhanh-ngan-hang-chinh-sach-xa-hoi-to-chuc-le-ky-ket-quy-che-phoi-hop-trien-khai-chuong-trinh-tin-dung-doi-voi-nguoi-hoan-luong-theo-quyet-dinh-so-22.html	VĨNH LONG: Công an tỉnh Vĩnh Long phối hợp cùng Chi nhánh Ngân hàng Chính sách xã hội tổ chức lễ ký kết chương trình phối hợp về tín dụng đối với người chấp hành xong án phạt tù.
20950	51236	/dong-nai-cong-an-tinh-dong-nai-ngan-hang-chinh-sach-xa-hoi-so-ket-02-nam-thuc-hien-chuong-trinh-phoi-hop-va-ky-ket-chuong-trinh-phoi-hop-moi.html	ĐỒNG NAI: Công an tỉnh Đồng Nai – Ngân hàng Chính sách xã hội: Sơ kết 02 năm thực hiện Chương trình phối hợp và ký kết chương trình phối hợp mới
20951	51239	/dong-nai-giup-nguoi-hoan-luong-som-on-dinh-cuoc-song.html	ĐỒNG NAI: Giúp người hoàn lương sớm ổn định cuộc sống
20952	51242	/khanh-hoa-tang-cuong-ho-tro-cho-nguoi-hoan-luong.html	KHÁNH HOÀ; Tăng cường hỗ trợ cho người hoàn lương
20953	51245	/khanh-hoa-tong-ket-5-nam-thuc-hien-nghi-dinh-so-49.html	KHÁNH HOÀ: Tổng kết 5 năm thực hiện Nghị định số 49
20954	51248	/phu-tho-tong-ket-cong-tac-tai-hoa-nhap-cong-dong-cho-nguoi-chap-hanh-xong-an-phat-tu.html	PHÚ THỌ: Tổng kết công tác tái hòa nhập cộng đồng cho người chấp hành xong án phạt tù
20955	51251	/cao-bang-hoi-nghi-tong-ket-5-nam-thuc-hien-nghi-dinh-49-cua-chinh-phu-ve-cong-tac-tai-hoa-nhap-cong-dong.html	CAO BẰNG: Hội nghị tổng kết 5 năm thực hiện Nghị định 49 của Chính phủ về công tác tái hòa nhập cộng đồng
20956	51254	/gia-lai-cong-an-xa-phu-my-gap-mat-tuyen-truyen-phap-luat-ve-thi-hanh-an-hinh-su-tai-cong-dong-va-tai-hoa-nhap-cong-dong-nam-2025.html	GIA LAI: Công an xã Phù Mỹ gặp mặt, tuyên truyền pháp luật về thi hành án hình sự tại cộng đồng và tái hòa nhập cộng đồng năm 2025.
20957	51257	/lam-dong-tiep-suc-cho-nguoi-lam-lo-lam-lai-cuoc-doi.html	LÂM ĐỒNG: Tiếp sức cho người lầm lỡ làm lại cuộc đời
20958	51260	/dong-nai-mo-loi-hoan-luong-bang-chinh-sach-nhan-van.html	ĐỒNG NAI: Mở lối hoàn lương bằng chính sách nhân văn
20959	51263	/quang-tri-trao-co-hoi-lam-lai-cuoc-doi-tu-dong-von-chinh-sach.html	QUẢNG TRỊ: Trao cơ hội làm lại cuộc đời từ đồng vốn chính sách
20960	51266	/da-nang-bao-dam-an-ninh-trat-tu-an-toan-hoat-dong-tin-dung-chinh-sach-xa-hoi.html	ĐÀ NẴNG: Bảo đảm an ninh trật tự, an toàn hoạt động tín dụng chính sách xã hội
20961	51269	/hue-tong-ket-5-nam-thuc-hien-cong-tac-tai-hoa-nhap-cong-dong-cho-nguoi-chap-hanh-xong-an-phat-tu.html	HUẾ: Tổng kết 5 năm thực hiện công tác tái hòa nhập cộng đồng cho người chấp hành xong án phạt tù
20962	51272	/quang-tri-tiep-suc-giup-nguoi-chap-hanh-xong-an-phat-tu-lam-lai-cuoc-doi.html	QUẢNG TRỊ: Tiếp sức giúp người chấp hành xong án phạt tù làm lại cuộc đời
20963	51629	/quang-tri-hieu-qua-tu-chinh-sach-ho-tro-nguoi-chap-hanh-xong-an-phat-tu-tai-hoa-nhap-cong-dong.html	QUẢNG TRỊ: Hiệu quả từ chính sách hỗ trợ người chấp hành xong án phạt tù tái hòa nhập cộng đồng
20964	51275	/hoang-hoa-thanh-hoa-tang-cuong-phoi-hop-ho-tro-nguoi-tai-hoa-nhap-cong-dong-tiep-can-nguon-von-chinh-sach.html	THANH HOÁ: Hoằng Hóa tăng cường phối hợp hỗ trợ người tái hòa nhập cộng đồng tiếp cận nguồn vốn chính sách
20965	51278	/hung-yen-cong-an-xa-hoan-long-ra-soat-ho-tro-nguoi-chap-hanh-xong-an-phat-tu-duoc-vay-von-tai-ngan-hang-chinh-sach-xa-hoi-de-hoc-nghe-va-dau-tu-san-xuat-kinh-doanh-tao-viec-lam.html	HƯNG YÊN: Công an xã Hoàn Long rà soát, hỗ trợ người chấp hành xong án phạt tù được vay vốn tại Ngân hàng chính sách xã hội để học nghề và đầu tư sản xuất, kinh doanh, tạo việc làm
20966	51281	/ninh-binh-cong-an-phuong-duy-tan-tinh-ninh-binh-day-manh-cong-tac-phoi-hop-tuyen-truyen-chinh-sach-tin-dung-doi-voi-nguoi-sau-cai-nghien-ma-tuy-va-nguoi-chap-hanh-xong-an-phat-tu-tro-ve-dia-phuong.html	NINH BÌNH: Công an phường Duy Tân, tỉnh Ninh Bình đẩy mạnh công tác phối hợp, tuyên truyền chính sách tín dụng đối với người sau cai nghiện ma túy và người chấp hành xong án phạt tù trở về địa phương
20967	51284	/quang-tri-giup-do-nguoi-chap-hanh-xong-an-phat-tu-tai-hoa-nhap-cong-dong.html	QUẢNG TRỊ: Giúp đỡ người chấp hành xong án phạt tù tái hòa nhập cộng đồng
20968	51287	/bo-cong-an-hanh-trang-tai-hoa-nhap-cho-pham-nhan-truoc-ngay-dac-xa.html	BỘ CÔNG AN: Hành trang tái hòa nhập cho phạm nhân trước ngày đặc xá
20969	51290	/quang-tri-tang-cuong-ho-tro-nguoi-chap-hanh-xong-an-phat-tu-tai-hoa-nhap-cong-dong.html	QUẢNG TRỊ: Tăng cường hỗ trợ người chấp hành xong án phạt tù tái hòa nhập cộng đồng
20970	51293	/bac-ninh-tiep-suc-nguoi-lam-lo-lam-lai-cuoc-doi.html	BẮC NINH: Tiếp sức người lầm lỡ làm lại cuộc đời
20971	51296	/ho-chi-minh-dong-hanh-cung-pham-nhan-tren-con-duong-tai-hoa-nhap-cong-dong.html	HỒ CHÍ MINH: Đồng hành cùng phạm nhân trên con đường tái hòa nhập cộng đồng
20972	51299	/thanh-hoa-chuan-bi-hanh-trang-tai-hoa-nhap-cho-pham-nhan-duoc-de-nghi-dac-xa.html	THANH HOÁ: Chuẩn bị hành trang tái hòa nhập cho phạm nhân được đề nghị đặc xá
20973	51305	/bo-cong-an-lan-toa-gia-tri-nhan-van-tu-chuong-trinh-di-ve-huong-binh-minh.html	BỘ CÔNG AN: Lan tỏa giá trị nhân văn từ chương trình “Đi về hướng bình minh”
20974	51308	/phu-tho-don-bay-cho-nguoi-hoan-luong.html	PHÚ THỌ: “Đòn bẩy” cho người hoàn lương
20975	51311	/thanh-hoa-ky-ket-quy-che-phoi-hop-trong-hoat-dong-ngan-hang.html	THANH HOÁ: Ký kết quy chế phối hợp trong hoạt động ngân hàng
20976	51314	/lao-cai-tong-ket-5-nam-thuc-hien-nghi-dinh-49-va-so-ket-nghi-quyet-22-cua-chinh-phu.html	LÀO CAI: Tổng kết 5 năm thực hiện Nghị định 49 và sơ kết Nghị quyết 22 của Chính phủ
20977	51317	/phu-tho-thi-hanh-an-hinh-su-va-tai-hoa-nhap-cong-dong-chat-che-dung-quy-dinh.html	PHÚ THỌ: Thi hành án hình sự và tái hòa nhập cộng đồng chặt chẽ, đúng quy định
20978	51320	/quang-ngai-hoi-nghi-tong-ket-05-nam-thuc-hien-nghi-dinh-so-49-ngay-17-4-2020-cua-chinh-phu-quy-dinh-chi-tiet-thi-hanh-luat-thi-hanh-an-hinh-su-ve-tai-hoa-nhap-cong-dong-va-so-ket-02-nam-thuc-hien-quyet-dinh-so-22-ngay-17-8-2023-cua-thu-tuong-chinh-phu-ve-tin-dung-doi-voi-nguoi-chap-hanh-xong-an-phat-tu.html	QUẢNG NGÃI: HỘI NGHỊ TỔNG KẾT 05 NĂM THỰC HIỆN NGHỊ ĐỊNH SỐ 49 NGÀY 17/4/2020 CỦA CHÍNH PHỦ QUY ĐỊNH CHI TIẾT THI HÀNH LUẬT THI HÀNH ÁN HÌNH SỰ VỀ TÁI HÒA NHẬP CỘNG ĐỒNG VÀ SƠ KẾT 02 NĂM THỰC HIỆN QUYẾT ĐỊNH SỐ 22 NGÀY 17/8/2023 CỦA THỦ TƯỚNG CHÍNH PHỦ VỀ TÍN DỤNG ĐỐI VỚI NGƯỜI CHẤP HÀNH XONG ÁN PHẠT TÙ
20979	51323	/thai-nguyen-so-ket-cong-tac-tai-hoa-nhap-cong-dong-va-tin-dung-doi-voi-nguoi-chap-hanh-xong-an-phat-tu.html	THÁI NGUYÊN: Sơ kết công tác tái hòa nhập cộng đồng và tín dụng đối với người chấp hành xong án phạt tù
20980	51326	/thanh-hoa-tiep-tuc-thuc-hien-nghi-dinh-49-va-quyet-dinh-22-ho-tro-nguoi-chap-hanh-xong-an-phat-tu-tai-hoa-nhap-cong-dong-on-dinh-cuoc-song.html	THANH HOÁ: Tiếp tục thực hiện Nghị định 49 và Quyết định 22, hỗ trợ người chấp hành xong án phạt tù tái hòa nhập cộng đồng, ổn định cuộc sống
20981	51329	/ha-tinh-tong-ket-cong-tac-tai-hoa-nhap-cong-dong-cho-nguoi-chap-hanh-xong-an-phat-tu-tren-dia-ban-ha-tinh.html	HÀ TĨNH: Tổng kết công tác tái hòa nhập cộng đồng cho người chấp hành xong án phạt tù trên địa bàn Hà Tĩnh
20982	51332	/bo-cong-an-dac-xa-nam-2026-tiep-tuc-the-hien-chinh-sach-khoan-hong-cua-dang-va-nha-nuoc-truyen-thong-nhan-ai-cua-dan-toc.html	BỘ CÔNG AN: Đặc xá năm 2026, tiếp tục thể hiện chính sách khoan hồng của Đảng và Nhà nước, truyền thống nhân ái của dân tộc
20983	51335	/da-nang-phat-huy-nhip-cau-hoan-luong-lan-toa-gia-tri-nhan-van-trong-cong-tac-tai-hoa-nhap-cong-dong.html	ĐÀ NẴNG: Phát huy "nhịp cầu" hoàn lương, lan tỏa giá trị nhân văn trong công tác tái hòa nhập cộng đồng
20984	51338	/da-nang-day-manh-thuc-hien-chinh-sach-tin-dung-ho-tro-nguoi-chap-hanh-xong-an-phat-tu.html	ĐÀ NẴNG: Đẩy mạnh thực hiện chính sách tín dụng hỗ trợ người chấp hành xong án phạt tù
20985	51341	/vinh-long-tai-hoa-nhap-cong-dong-giai-phap-phong-ngua-toi-pham-hieu-qua.html	VĨNH LONG: Tái hòa nhập cộng đồng - Giải pháp phòng ngừa tội phạm hiệu quả
20986	51344	/dong-nai-trai-tam-giam-so-2-phoi-hop-cap-the-can-cuoc-cho-pham-nhan-dien-de-nghi-dac-xa-nam-2026.html	ĐỒNG NAI: Trại tạm giam số 2 phối hợp cấp thẻ căn cước cho phạm nhân diện đề nghị đặc xá năm 2026
20987	51347	/dong-nai-cap-can-cuoc-cho-pham-nhan-du-dieu-kien-dac-xa-chuan-bi-hanh-trang-tai-hoa-nhap-cong-dong.html	ĐỒNG NAI: Cấp căn cước cho phạm nhân đủ điều kiện đặc xá – Chuẩn bị hành trang tái hòa nhập cộng đồng
20988	51350	/da-nang-nhieu-chinh-sach-ho-tro-nguoi-chap-hanh-xong-an-phat-tu-tai-hoa-nhap-cong-dong-tren-dia-ban-da-nang-phat-huy-hieu-qua-tich-cuc.html	ĐÀ NẴNG: Nhiều chính sách hỗ trợ người chấp hành xong án phạt tù tái hòa nhập cộng đồng trên địa bàn Đà Nẵng phát huy hiệu quả tích cực
20989	51353	/da-nang-mo-cua-co-hoi-cho-nguoi-tai-hoa-nhap-cong-dong-tai-phien-giao-dich-viec-lam-xa-tra-tan.html	ĐÀ NẴNG: Mở cửa cơ hội cho người tái hòa nhập cộng đồng tại Phiên giao dịch việc làm xã Trà Tân
20990	51356	/ha-tinh-am-ap-chuong-trinh-doan-vien-ngay-tro-ve-danh-cho-cac-pham-nhan-dang-chap-hanh-an-tai-trai-tam-giam-cong-an-tinh-ha-tinh.html	HÀ TĨNH: Ấm áp chương trình “Đoàn viên ngày trở về” dành cho các phạm nhân đang chấp hành án tại Trại tạm giam Công an tỉnh Hà Tĩnh
20991	51359	/da-nang-to-chuc-giao-duc-tai-hoa-nhap-cong-dong-cho-pham-nhan-duoc-de-nghi-dac-xa-nam-2026.html	ĐÀ NẴNG: Tổ chức giáo dục tái hòa nhập cộng đồng cho phạm nhân được đề nghị đặc xá năm 2026
20992	51362	/-cuoc-thi-tu-trang-sach-den-cuoc-doi-lan-toa-tri-thuc-thap-sang-niem-tin-hoan-luong.html	ĐÀ NẴNG: Cuộc thi viết “Từ trang sách đến cuộc đời” – Lan tỏa chi thức, thắp sáng niềm tin hoàn lương
20993	51365	/da-nang-to-chuc-thu-nhan-ho-so-cap-the-can-cuoc-cho-pham-nhan-duoc-de-nghi-dac-xa-nam-2026-tai-trai-tam-giam-so-1.html	ĐÀ NẴNG: Tổ chức thu nhận hồ sơ cấp thẻ căn cước cho phạm nhân được đề nghị đặc xá năm 2026 tại Trại giam số 1
20994	51368	https://www.youtube.com/watch?v=l2PZZ9o1Q8M	BỘ CÔNG AN: “Đi về hướng bình minh” – Lan tỏa giá trị nhân văn, tiếp thêm niềm tin cho hành trình hoàn lương, tái hòa nhập cộng đồng
20995	51371	/can-tho-cong-an-xa-lich-hoi-thuong-ho-tro-nguoi-chap-hanh-xong-an-phat-tu-tai-hoa-nhap-cong-dong.html	CẦN THƠ: Công an xã Lịch Hội Thượng hỗ trợ người chấp hành xong án phạt tù tái hòa nhập cộng đồng
20997	51377	/gia-lai-ho-tro-nguoi-chap-hanh-xong-an-phat-tu-vay-von-phat-trien-kinh-te-viec-lam-nhan-van-trong-hanh-trinh-tai-hoa-nhap-cong-dong.html	GIA LAI: Hỗ trợ người chấp hành xong án phạt tù vay vốn phát triển kinh tế – Việc làm nhân văn trong hành trình tái hòa nhập cộng đồng
20998	51380	/vinh-long-hon-42-ty-dong-ho-tro-nguoi-chap-hanh-xong-an-phat-tu-san-xuat-kinh-doanh.html	VĨNH LONG: Hơn 42 tỷ đồng hỗ trợ người chấp hành xong án phạt tù sản xuất, kinh doanh
20999	51383	/can-tho-cong-an-phuong-long-binh-chung-tay-ho-tro-nguoi-chap-hanh-xong-an-phat-tu-tai-hoa-nhap-cong-dong.html	CẦN THƠ: Công an phường Long Bình chung tay hỗ trợ người chấp hành xong án phạt tù tái hòa nhập cộng đồng
21000	51386	/lam-dong-trai-tam-giam-so-2-thuc-hien-tot-cong-tac-tuyen-truyen-dac-xa-nam-2026.html	LÂM ĐỒNG: Trại tạm giam số 2 thực hiện tốt công tác tuyên truyền đặc xá năm 2026
21001	51389	/bac-ninh-tiep-tuc-giup-do-cam-hoa-nguoi-chap-hanh-xong-an-phat-tu-tro-ve-dia-phuong.html	BẮC NINH: Tiếp tục giúp đỡ, cảm hóa người chấp hành xong án phạt tù trở về địa phương
21002	51392	/phu-tho-cap-can-cuoc-cho-pham-nhan-bao-dam-quyen-cong-dan-sau-chap-hanh-an-tai-trai-tam-giam-so-3.html	PHÚ THỌ: Cấp căn cước cho phạm nhân bảo đảm quyền công dân sau chấp hành án tại Trại tạm giam số 3
21004	51395	/dong-nai-xa-phu-nghia-26-nguoi-chap-hanh-xong-an-phat-tu-duoc-ho-tro-vay-von-voi-so-tien-gan-2-3-ty-dong.html	ĐỒNG NAI: Xã Phú Nghĩa - 26 người chấp hành xong án phạt tù được hỗ trợ vay vốn với số tiền gần 2,3 tỷ đồng
21005	51398	/dong-nai-tren-700-truong-hop-chap-hanh-xong-an-phat-tu-duoc-vay-so-tien-hon-61-ty-dong.html	ĐỒNG NAI: Trên 700 trường hợp chấp hành xong án phạt tù được vay số tiền hơn 61 tỷ đồng
21006	51401	/khanh-hoa-tong-ket-05-nam-thuc-hien-nghi-dinh-so-49-va-so-ket-02-nam-thuc-hien-quyet-dinh-so-22-cua-thu-tuong-chinh-phu.html	KHÁNH HOÀ: Tổng kết 05 năm thực hiện Nghị định số 49 và sơ kết 02 năm thực hiện Quyết định số 22 của Thủ tướng Chính phủ
21007	51404	/lam-dong-danh-gia-ket-qua-trien-khai-thuc-hien-cong-tac-tai-hoa-nhap-cong-dong-tren-dia-ban-tinh-lam-dong.html	LÂM ĐỒNG: Đánh giá kết quả triển khai thực hiện công tác tái hòa nhập cộng đồng trên địa bàn tỉnh Lâm Đồng
21008	51626	/quang-ngai-cong-an-xa-ia-chim-ra-mat-mo-hinh-diem-tua-tai-hoa-nhap.html	QUẢNG NGÃI: Công an xã Ia Chim ra mắt Mô hình “Điểm tựa tái hòa nhập”
21009	51407	/quang-ngai-cong-an-xa-dong-son-ho-tro-nguoi-chap-hanh-xong-an-phat-tu-tai-hoa-nhap-cong-dong.html	QUẢNG NGÃI: Công an xã Đông Sơn hỗ trợ người chấp hành xong án phạt tù tái hòa nhập cộng đồng
21010	51410	/quang-ngai-cong-an-xa-ba-gia-lam-tot-cong-tac-quan-tam-ho-tro-nguoi-tai-hoa-nhap-cong-dong-va-thi-hanh-an-hinh-su-tai-cong-dong.html	QUẢNG NGÃI: Công an xã Ba Gia làm tốt công tác quan tâm, hỗ trợ người tái hòa nhập cộng đồng và thi hành án hình sự tại cộng đồng
21011	51413	/quang-ngai-phuong-dak-bla-ra-mat-mo-hinh-tai-hoa-nhap-cong-dong-vong-tay-nhan-ai-thap-sang-niem-tin.html	QUẢNG NGÃI: Phường Đăk Bla ra mắt Mô hình tái hòa nhập cộng đồng ”Vòng tay nhân ái, thắp sáng niềm tin”
21012	51416	/quang-ngai-khao-sat-xay-dung-mo-hinh-canh-cua-xanh-ho-tro-tai-hoa-nhap-cong-dong-tai-xa-ngok-bay.html	QUẢNG NGÃI: Khảo sát xây dựng Mô hình “Cánh cửa xanh” hỗ trợ tái hòa nhập cộng đồng tại xã Ngọk Bay
21013	51521	/quang-ngai-thuc-hien-hieu-qua-cong-tac-tai-hoa-nhap-cong-dong.html	QUẢNG NGÃI: Thực hiện hiệu quả công tác tái hòa nhập cộng đồng
21014	51422	/nghe-an-tai-hoa-nhap-cong-dong-khi-qua-khu-khong-con-la-rao-can.html	NGHỆ AN: Tái hòa nhập cộng đồng khi quá khứ không còn là rào cản
21015	51425	/lao-cai-luc-luong-cong-an-xa-diem-tua-cho-nguoi-tai-hoa-nhap-cong-dong.html	LÀO CAI: Lực lượng Công an xã - Điểm tựa cho người tái hòa nhập cộng đồng
21016	51428	/quang-ngai-cong-an-tinh-kiem-tra-toan-dien-cong-tac-thi-hanh-an-hinh-su-va-tai-hoa-nhap-cong-dong-tai-co-so.html	QUẢNG NGÃI: Công an tỉnh kiểm tra toàn diện công tác thi hành án hình sự và tái hòa nhập cộng đồng tại cơ sở
21017	51431	/quang-ngai-cong-an-tinh-quang-ngai-dong-hanh-tiep-suc-cho-nguoi-hoan-luong-tai-hoa-nhap-cong-dong.html	QUẢNG NGÃI: Công an tỉnh Quảng Ngãi đồng hành, tiếp sức cho người hoàn lương tái hòa nhập cộng đồng
21018	51434	/thanh-hoa-chung-tay-giup-nguoi-chap-hanh-xong-an-phat-tu-tai-hoa-nhap-cong-dong.html	THANH HOÁ: Chung tay giúp người chấp hành xong án phạt tù tái hòa nhập cộng đồng
21019	51437	/da-nang-tuyen-truyen-phap-luat-cho-pham-nhan-tai-hoa-nhap-cong-dong.html	ĐÀ NẴNG: Tuyên truyền pháp luật cho phạm nhân tái hòa nhập cộng đồng
21020	51440	/gia-lai-dong-hanh-giup-do-nguoi-tai-hoa-nhap-cong-dong-on-dinh-cuoc-song.html	Gia Lai: Đồng hành giúp đỡ người tái hoà nhập cộng đồng ổn định cuộc sống
21021	51443	/ninh-binh-cong-an-xa-vu-ban-dong-hanh-giup-do-nguoi-tai-hoa-nhap-cong-dong.html	NINH BÌNH: Công an xã Vụ Bản đồng hành, giúp đỡ người tái hòa nhập cộng đồng
21022	51446	/hung-yen-trai-tam-giam-so-2-chu-dong-phoi-hop-bao-dam-quyen-loi-cho-pham-nhan-tu-hoat-dong-cap-can-cuoc-phuc-vu-cong-tac-dac-xa-nam-2026.html	HƯNG YÊN: Trại Tạm giam số 2 chủ động phối hợp, bảo đảm quyền lợi cho phạm nhân từ hoạt động cấp căn cước phục vụ công tác đặc xá năm 2026
21023	51449	/da-nang-trai-tam-giam-so-1-to-chuc-giao-duc-tai-hoa-nhap-cong-dong-cho-pham-nhan-du-dieu-kien-de-nghi-dac-xa.html	ĐÀ NẴNG: Trại Tạm giam số 1 tổ chức giáo dục tái hòa nhập cộng đồng cho phạm nhân đủ điều kiện đề nghị đặc xá
21024	51452	/ninh-binh-cong-an-phuong-chau-son-dong-hanh-giup-do-nguoi-tai-hoa-nhap-cong-dong-on-dinh-cuoc-song.html	NINH BÌNH: Công an phường Châu Sơn đồng hành giúp đỡ người tái hoà nhập cộng đồng ổn định cuộc sống
21025	51455	/ha-tinh-huong-nghiep-cho-pham-nhan-truoc-ngay-tai-hoa-nhap-cong-dong.html	HÀ TĨNH: Hướng nghiệp cho phạm nhân trước ngày tái hòa nhập cộng đồng
21026	51458	/quang-ngai-cong-bo-quyet-dinh-thanh-tra-viec-chap-hanh-phap-luat-ve-thi-hanh-an-hinh-su-tai-phuong-sa-huynh.html	QUẢNG NGÃI: Công bố Quyết định thanh tra việc chấp hành pháp luật về thi hành án hình sự tại phường Sa Huỳnh
21027	51461	/lam-dong-cong-an-dac-khu-phu-quy-tuyen-truyen-phap-luat-ve-tai-hoa-nhap-cong-dong-va-thi-hanh-an-hinh-su-tai-cong-dong.html	LÂM ĐỒNG: Công an đặc khu Phú Quý tuyên truyền pháp luật về tái hòa nhập cộng đồng và thi hành án hình sự tại cộng đồng
21028	51464	/ninh-binh-cong-an-xa-dinh-hoa-giup-do-nguoi-lam-lo-tai-hoa-nhap-cong-dong-vay-von-phat-trien-kinh-te.html	NINH BÌNH: Công an xã Định Hóa giúp đỡ người lầm lỡ tái hòa nhập cộng đồng vay vốn, phát triển kinh tế
21029	51518	/hai-phong-kiem-tra-chuyen-de-thi-hanh-an-hinh-su-tai-cong-dong-va-tai-hoa-nhap-cong-dong-tai-cong-an-thanh-pho-hai-phong.html	HẢI PHÒNG: Kiểm tra chuyên đề thi hành án hình sự tại Cộng đồng và tái hoà nhập cộng đồng tại Công an thành phố Hải Phòng
21030	51473	/hai-phong-cong-an-cac-xa-phuong-cum-thi-dua-so-2-cong-an-hai-phong-nang-cao-hieu-qua-quan-ly-nguoi-chap-hanh-an-tai-hoa-nhap-cong-dong.html	HẢI PHÒNG: Công an các xã, phường Cụm thi đua số 2 Công an Hải Phòng - Nâng cao hiệu quả quản lý người chấp hành án, tái hòa nhập cộng đồng
21031	51476	/ninh-binh-cong-an-xa-hai-thinh-day-manh-cong-tac-ho-tro-nguoi-chap-hanh-xong-an-phat-tu-vay-von-phat-trien-kinh-te-on-dinh-cuoc-song.html	NINH BÌNH: Công an xã Hải Thịnh đẩy mạnh công tác hỗ trợ người chấp hành xong án phạt tù vay vốn phát triển kinh tế, ổn định cuộc sống
21032	51479	/quang-ninh-cong-an-tinh-quang-ninh-giup-nguoi-hoan-luong-yen-tam-tai-hoa-nhap-cong-dong.html	QUẢNG NINH: Công an tỉnh Quảng Ninh - Giúp người hoàn lương yên tâm tái hòa nhập cộng đồng
21033	51482	/quang-ninh-cong-an-phuong-yen-tu-tuyen-truyen-cac-quy-dinh-cua-phap-luat-ve-thi-hanh-an-hinh-su-va-tai-hoa-nhap-cong-dong.html	QUẢNG NINH: Công an phường Yên Tử tuyên truyền các quy định của pháp luật về thi hành án hình sự và tái hòa nhập cộng đồng
21034	51488	/quang-ninh-tuyen-truyen-pl-gtvl-tu-van-hoc-nghe-vay-von-cho-nchxapt-tai-cong-dong-tren-dia-ban-phuong-ha-long-va-phuong-hong-gai.html	QUẢNG NINH: Tuyên truyền PL, GTVL, tư vấn học nghề, vay vốn cho NCHXAPT tại cộng đồng trên địa bàn phường Hạ Long và phường Hồng Gai
21035	51491	/lam-dong-cong-an-xa-quang-khe-phoi-hop-thu-nhan-ho-so-cap-can-cuoc-tai-khoan-dinh-danh-dien-tu-cho-pham-nhan-trong-dien-xet-de-nghi-dac-xa-nam-2026.html	LÂM ĐỒNG: Công an xã Quảng Khê phối hợp thu nhận hồ sơ cấp căn cước, tài khoản định danh điện tử cho phạm nhân trong diện xét đề nghị đặc xá năm 2026
21036	51494	/hung-yen-cong-an-phuong-hong-chau-tang-cuong-cong-tac-quan-ly-nguoi-thi-hanh-an-hinh-su-tai-cong-dong-va-tai-hoa-nhap-cong-dong.html	HƯNG YÊN: Công an Phường Hồng Châu - Tăng cường công tác quản lý người thi hành án hình sự tại cộng đồng và tái hoà nhập cộng đồng
21038	51500	/hung-yen-hoi-phu-nu-cong-an-tinh-hung-yen-phat-huy-vai-tro-nong-cot-trong-cong-tac-tai-hoa-nhap-cong-dong.html	HƯNG YÊN: Hội Phụ nữ Công an tỉnh Hưng Yên phát huy vai trò nòng cốt trong công tác tái hòa nhập cộng đồng
21039	51503	/bo-cong-an-hon-10-nghin-pham-nhan-se-duoc-dac-xa-dong-bo-giai-phap-tai-hoa-nhap-cong-dong.html	BỘ CÔNG AN: Hơn 10 nghìn phạm nhân sẽ được đặc xá - Đồng bộ giải pháp tái hòa nhập cộng đồng
21040	51506	/ninh-binh-hoi-nghi-thao-luan-thong-nhat-noi-dung-to-chuc-hoi-nghi-ky-ket-chuong-trinh-phoi-hop-tiep-nhan-giup-do-nguoi-chap-hanh-xong-an-phat-tu-ve-dia-phuong.html	NINH BÌNH: Hội nghị thảo luận, thống nhất nội dung tổ chức hội nghị ký kết Chương trình phối hợp “Tiếp nhận, giúp đỡ người chấp hành xong án phạt tù về địa phương"
21041	51512	/hai-phong-kiem-tra-chuyen-de-thi-hanh-an-hinh-su-tai-cong-dong-va-tai-hoa-nhap-cong-dong-tai-cong-an-thanh-pho-hai-phong.html	HẢI PHÒNG: Kiểm tra chuyên đề thi hành án hình sự tại Cộng đồng và tái hoà nhập cộng đồng tại Công an thành phố Hải Phòng
21042	51515	/ninh-binh-ky-ket-chuong-trinh-phoi-hop-tiep-nhan-giup-do-nguoi-chap-hanh-xong-an-phat-tu-ve-dia-phuong.html	NINH BÌNH: Ký kết Chương trình phối hợp “Tiếp nhận, giúp đỡ người chấp hành xong án phạt tù về địa phương"
21044	51530	/ttg-so-1-catp-da-nang-phoi-hop-tu-van-dinh-huong-nghe-nghiep-cho-pham-nhan-chuan-bi-tai-hoa-nhap-cong-dong.html	ĐÀ NẴNG: Trại tạm giam số 1 phối hợp tư vấn, định hướng nghề nghiệp cho phạm nhân chuẩn bị tái hòa nhập cộng đồng
21045	51533	/dong-thap-cong-an-xa-tan-duong-tham-hoi-dong-vien-va-tang-qua-cho-cac-ca-nhan-chap-hanh-xong-an-phat-tu-tro-ve-dia-phuong.html	ĐỒNG THÁP: Công an xã Tân Dương thăm hỏi, động viên và tặng quà cho các cá nhân chấp hành xong án phạt tù trở về địa phương
21046	51623	/can-tho-cong-an-xa-my-tu-tham-hoi-tang-qua-nguoi-chap-hanh-xong-an-phat-tu-hoan-luong-tieu-bieu.html	CẦN THƠ: Công an xã Mỹ Tú thăm hỏi, tặng quà người chấp hành xong án phạt tù hoàn lương tiêu biểu
21047	51536	/ca-mau-de-cao-tinh-nhan-van-danh-thuc-khat-vong-hoan-luong.html	CÀ MAU: Đề cao tính nhân văn, đánh thức khát vọng hoàn lương
21048	51539	/cao-bang-cong-an-xa-truong-ha-tap-huan-cong-tac-tai-hoa-nhap-cong-dong-nam-2026.html	CAO BẰNG: Công an xã Trường Hà tập huấn công tác tái hòa nhập cộng đồng năm 2026
21049	51545	/cao-bang-tap-trung-trien-khai-dong-bo-cac-giai-phap-ho-tro-tai-hoa-nhap-cong-dong.html	CAO BẰNG: Tập trung triển khai đồng bộ các giải pháp hỗ trợ tái hòa nhập cộng đồng
21050	51548	/ninh-binh-.html	NINH BÌNH: Công an xã Thanh Lâm tích cực hỗ trợ, giúp đỡ người chấp hành xong án phạt tù, tái hòa nhập cộng đồng và thi hành án hình sự tại cộng đồng
21051	51551	/thai-nguyen-cong-an-xa-cho-don-ho-tro-nguoi-chap-hanh-xong-an-phat-tu-tai-hoa-nhap-cong-dong.html	THÁI NGUYÊN: Công an xã Chợ Đồn hỗ trợ người chấp hành xong án phạt tù tái hòa nhập cộng đồng
21052	51554	/thai-nguyen-hieu-qua-tu-mo-hinh-tai-hoa-nhap-cong-dong-o-xa-hiep-luc.html	THÁI NGUYÊN: Hiệu quả từ mô hình tái hòa nhập cộng đồng ở xã Hiệp Lực
21053	51557	/thanh-hoa-trang-bi-kien-thuc-an-toan-giao-thong-hanh-trang-tai-hoa-nhap-cho-pham-nhan-dien-xet-dac-xa.html	THANH HOÁ: Trang bị kiến thức an toàn giao thông - Hành trang tái hòa nhập cho phạm nhân diện xét đặc xá
21054	51560	/ha-noi-san-sang-cho-ngay-tro-ve-cua-nhung-nguoi-lam-loi.html	HÀ NỘI: Sẵn sàng cho ngày trở về của những người lầm lỗi
21055	51563	/tuyen-quang-cong-an-xa-son-vi-dong-hanh-ho-tro-cong-dan-chap-hanh-xong-an-phat-tu-tai-hoa-nhap-cong-dong.html	TUYÊN QUANG: Công an xã Sơn Vĩ đồng hành, hỗ trợ công dân chấp hành xong án phạt tù tái hòa nhập cộng đồng
21056	51566	/lao-cai-dau-an-nhan-van-tu-nhung-mo-hinh-hay-ve-tai-hoa-nhap-cong-dong.html	LÀO CAI: Dấu ấn nhân văn từ những mô hình hay về tái hòa nhập cộng đồng
21057	51569	/lao-cai-xa-xuan-quang-chu-dong-giup-nguoi-chap-hanh-xong-an-phat-tu-tai-hoa-nhap-cong-dong.html	LÀO CAI: Xã Xuân Quang chủ động giúp người chấp hành xong án phạt tù tái hòa nhập cộng đồng
21058	51572	/bo-cong-an-cong-bo-quyet-dinh-dac-xa-cho-9950-pham-nhan-dang-chap-hanh-an-phat-tu.html	BỘ CÔNG AN: Công bố Quyết định đặc xá cho 9.950 phạm nhân đang chấp hành án phạt tù
21059	51575	/son-la-xa-pung-banh-ra-mat-mo-hinh-cam-hoa-giao-duc-giup-do-nguoi-lam-lo-on-dinh-cuoc-song-tai-hoa-nhap-cong-dong.html	SƠN LA: Xã Púng Bánh ra mắt mô hình “Cảm hóa, giáo dục, giúp đỡ người lầm lỡ ổn định cuộc sống, tái hòa nhập cộng đồng”
21060	51578	/quang-tri-cong-an-xa-le-thuy-ra-mat-mo-hinh-ho-tro-tai-hoa-nhap-cong-dong.html	QUẢNG TRỊ: Công an xã Lệ Thủy ra mắt mô hình hỗ trợ tái hòa nhập cộng đồng
21061	51581	/thanh-hoa-hieu-qua-cac-mo-hinh-tai-hoa-nhap-cong-dong.html	THANH HOÁ: Hiệu quả các mô hình tái hòa nhập cộng đồng
21062	51584	/nghe-an-hieu-qua-tu-mo-hinh-gia-dinh-xa-hoi-trong-cong-tac-tai-hoa-nhap-cong-dong.html	NGHỆ AN: Hiệu quả từ mô hình gia đình – xã hội trong công tác tái hòa nhập cộng đồng
21063	51587	/gia-lai-xa-kon-gang-trien-khai-xay-dung-mo-hinh-tai-hoa-nhap-cong-dong-gop-phan-bao-dam-an-ninh-trat-tu-tai-co-so.html	GIA LAI: Xã Kon Gang triển khai xây dựng mô hình “tái hòa nhập cộng đồng”, góp phần bảo đảm an ninh, trật tự tại cơ sở
21064	51590	/gia-lai-tuyen-truyen-cam-hoa-giao-duc-va-ho-tro-tai-hoa-nhap-cong-dong-cho-nguoi-chap-hanh-xong-an-phat-tu.html	GIA LAI: Tuyên truyền, cảm hóa, giáo dục và hỗ trợ tái hòa nhập cộng đồng cho người chấp hành xong án phạt tù
21065	51593	/lai-chau-cong-an-xa-tiep-xuc-gap-go-dong-vien-nguoi-chap-hanh-xong-an-phat-tu-tai-hoa-nhap-cong-dong.html	LAI CHÂU: Công an xã tiếp xúc, gặp gỡ, động viên người chấp hành xong án phạt tù tái hòa nhập cộng đồng
21066	51596	/hung-yen-cong-an-phuong-thuong-hong-tich-cuc-tham-muu-dam-bao-an-ninh-trat-tu-trat-tu-an-toan-giao-thong-va-cong-tac-quan-ly-giup-do-nguoi-chap-hanh-xong-an-phat-tu-tai-hoa-nhap-cong-dong-tren-dia-ban.html	HƯNG YÊN: Công an phường Thượng Hồng tích cực tham mưu đảm bảo an ninh trật tự, trật tự an toàn giao thông và công tác quản lý, giúp đỡ người chấp hành xong án phạt tù tái hòa nhập cộng đồng trên địa bàn
21067	51599	/dong-nai-phan-trai-tam-giam-loc-ninh-chuan-bi-hanh-trang-tai-hoa-nhap-cho-pham-nhan-duoc-de-nghi-dac-xa-nam-2026.html	ĐỒNG NAI: Phân Trại tạm giam Lộc Ninh chuẩn bị hành trang tái hòa nhập cho phạm nhân được đề nghị đặc xá năm 2026
21068	51602	/lam-dong-xa-nhan-co-ra-mat-mo-hinh-chia-se-dong-hanh-tai-hoa-nhap-cong-dong.html	LÂM ĐỒNG: Xã Nhân Cơ ra mắt mô hình “Chia sẻ, đồng hành tái hòa nhập cộng đồng”
21069	51605	/bo-cong-an-dang-rong-vong-tay-tao-moi-dieu-kien-thuan-loi-nhat-de-nhung-nguoi-duoc-dac-xa-nhanh-chong-tai-hoa-nhap-cong-dong.html	BỘ CÔNG AN: Dang rộng vòng tay, tạo mọi điều kiện thuận lợi nhất để những người được đặc xá nhanh chóng tái hòa nhập cộng đồng
21070	51608	/dak-lak-cong-an-tinh-dak-lak-cong-bo-quyet-dinh-dac-xa-nam-2026-cho-43-pham-nhan-tai-trai-tam-giam-so-1.html	ĐẮK LẮK: Công an tỉnh Đắk Lắk công bố Quyết định đặc xá năm 2026 cho 43 phạm nhân tại Trại tạm giam số 1
21071	51611	/bac-ninh-to-chuc-cong-bo-dac-xa-cho-68-pham-nhan-duoc-chu-tich-nuoc-quyet-dinh-dac-xa-nam-2026.html	BẮC NINH: Tổ chức công bố đặc xá cho 68 phạm nhân được Chủ tịch nước Quyết định đặc xá năm 2026
21072	51614	/-d-d-.html	LAI CHÂU: 13 phạm nhân tại Lai Châu được hưởng đặc xá năm 2026
21073	51617	/cong-an-tp-da-nang-cong-bo-quyet-dinh-dac-xa-cho-54-pham-nhan-tai-trai-tam-giam-so-1.html	ĐÀ NẴNG: Công an TP Đà Nẵng công bố Quyết định đặc xá cho 54 phạm nhân tại Trại tạm giam số 1
21074	51620	/phu-tho-to-chuc-hoi-nghi-tuyen-truyen-pho-bien-giao-duc-phap-luat-tu-van-viec-lam-ho-tro-vay-von-doi-voi-nguoi-chap-hanh-an-hinh-su-tai-cong-dong-va-nguoi-chap-hanh-xong-an-phat-tu-tai-hoa-nhap-cong-dong-nam-2026.html	PHÚ THỌ: Tổ chức Hội nghị “Tuyên truyền, phổ biến giáo dục pháp luật, tư vấn việc làm, hỗ trợ vay vốn” đối với người chấp hành án hình sự tại cộng đồng và người chấp hành xong án phạt tù tái  hòa nhập cộng đồng năm 2026
21075	51632	/ninh-binh-cong-an-phuong-vi-khe-lam-tot-cong-tac-tai-hoa-nhap-cong-dong-gop-phan-xay-dung-mo-hinh-phien-cho-xanh-lai-uoc-mo-tren-khong-gian-mang.html	NINH BÌNH: Công an phường Vị Khê làm tốt công tác tái hòa nhập cộng đồng, góp phần xây dựng mô hình phiên chợ “xanh lại ước mơ” trên không gian mạng
21076	51635	/dong-thap-trao-quyet-dinh-dac-xa-cua-chu-tich-nuoc-cho-pham-nhan-trai-giam-va-tam-giam.html	ĐỒNG THÁP: Trao Quyết định đặc xá của Chủ tịch nước cho phạm nhân trại giam và tạm giam
21077	51638	/quang-ninh-cong-bo-quyet-dinh-dac-xa-nam-2026.html	QUẢNG NINH: Công bố Quyết định đặc xá năm 2026
21078	51641	/bo-cong-an-thu-truong-le-van-tuyen-du-le-cong-bo-quyet-dinh-dac-xa-tai-trai-giam-thu-duc-.html	BỘ CÔNG AN: Thứ trưởng Lê Văn Tuyến dự Lễ công bố Quyết định đặc xá tại Trại giam Thủ Đức:
21079	51644	/can-tho-boi-dap-niem-tin-cho-hanh-trinh-tai-hoa-nhap-cong-dong.html	CẦN THƠ: Bồi đắp niềm tin cho hành trình tái hòa nhập cộng đồng
21080	51647	/tay-ninh-cong-an-xa-can-duoc-tuyen-truyen-phap-luat-ve-thi-hanh-an-hinh-su-tai-cong-dong-va-tai-hoa-nhap-cong-dong.html	TÂY NINH: Công an xã Cần Đước tuyên truyền pháp luật về thi hành án hình sự tại cộng đồng và tái hòa nhập cộng đồng
21081	51650	/vinh-long-cong-an-xa-phu-thuan-doi-thoai-va-ho-tro-tai-hoa-nhap-cong-dong-cho-nguoi-chap-hanh-xong-an-phat-tu-tro-ve-dia-phuong.html	VĨNH LONG: Công an xã Phú Thuận đối thoại và hỗ trợ tái hòa nhập cộng đồng cho người chấp hành xong án phạt tù trở về địa phương
21082	51653	/vinh-long-mo-hinh-dan-van-kheo-cam-hoa-giao-duc-phap-luat-cho-nguoi-chap-hanh-an-hinh-su-tai-cong-dong-va-tai-hoa-nhap-cong-dong.html	VĨNH LONG: Mô hình dân vận khéo “Cảm hóa, giáo dục pháp luật cho người chấp hành án hình sự tại cộng đồng và tái hòa nhập cộng đồng”
21083	51656	/vinh-long-cong-tac-tai-hoa-nhap-cong-dong-la-diem-tua-cho-nguoi-lam-loi.html	VĨNH LONG: Công tác tái hòa nhập cộng đồng là “điểm tựa” cho người lầm lỗi
21084	51659	/ca-mau-dong-hanh-cung-nguoi-lam-loi-tren-duong-hoan-luong.html	CÀ MAU: Đồng hành cùng người lầm lỗi trên đường hoàn lương
21085	51662	/tay-ninh-xa-can-giuoc-gieo-mam-thien-luong-tu-chu-truong-nhan-van-cua-dang-va-nha-nuoc.html	TÂY NINH: Xã Cần Giuộc gieo mầm thiện lương từ chủ trương nhân văn của Đảng và Nhà nước
21086	51665	/ninh-binh-cong-an-phuong-tam-diep-tinh-ninh-binh-phoi-hop-ra-mat-mo-hinh-giup-do-nguoi-chap-hanh-xong-an-phat-tu-nguoi-duoc-dac-xa-tai-hoa-nhap-cong-dong.html	NINH BÌNH: Công an phường Tam Điệp phối hợp ra mắt mô hình giúp đỡ người chấp hành xong án phạt tù, người được đặc xá tái hòa nhập cộng đồng
21087	51668	/bac-ninh-nang-cao-hieu-qua-cong-tac-tai-hoa-nhap-cong-dong.html	BẮC NINH: Nâng cao hiệu quả công tác tái hòa nhập cộng đồng
21088	51671	/lam-dong-chung-tay-mo-loi-hoan-luong-cho-cac-pham-nhan.html	LÂM ĐỒNG; Chung tay mở lối hoàn lương cho các phạm nhân
21089	51674	/ca-mau-dac-xa-2026-mo-loi-hoan-luong-thap-sang-tuong-lai-o-ca-mau.html	CÀ MAU: Đặc xá 2026, mở lối hoàn lương, thắp sáng tương lai ở Cà Mau
21090	51677	/quang-ngai-am-ap-tinh-nguoi-dong-hanh-tai-hoa-nhap-cong-dong.html	QUẢNG NGÃI: Ấm áp tình người - Đồng hành tái hòa nhập cộng đồng
21091	51680	/quang-ngai-cong-an-tinh-quang-ngai-dong-hanh-tiep-suc-cho-nguoi-hoan-luong-tai-hoa-nhap-cong-dong.html	QUẢNG NGÃI: Công an tỉnh Quảng Ngãi đồng hành, tiếp sức cho người hoàn lương tái hòa nhập cộng đồng
21093	51686	/can-tho-hoi-luat-gia-tp-can-tho-dong-hanh-ho-tro-nguoi-chap-hanh-xong-an-phat-tu-tai-hoa-nhap-cong-dong.html	CẦN THƠ: Hội Luật gia Tp. Cần Thơ đồng hành hỗ trợ người chấp hành xong án phạt tù tái hòa nhập cộng đồng
21094	51689	/thanh-hoa-giup-nguoi-lam-lo-tai-hoa-nhap-cong-dong.html	THANH HOÁ: Giúp người lầm lỡ tái hòa nhập cộng đồng
21095	51692	/hai-phong-cong-an-xa-ha-bac-keo-giam-ty-le-tai-pham-toi-tu-cong-tac-thi-hanh-an-hinh-su-tai-cong-dong-va-tai-hoa-nhap-cong-dong.html	HẢI PHÒNG: Công an xã Hà Bắc kéo giảm tỷ lệ tái phạm tội từ công tác thi hành án hình sự tại cộng đồng và tái hoà nhập cộng đồng
21096	51695	/dong-nai-cong-an-xa-loc-tan-trien-khai-ra-mat-mo-hinh-buoc-cung-nhau-tren-dia-ban-xa-loc-tan.html	ĐỒNG NAI: Công an xã Lộc Tấn triển khai ra mắt mô hình “Bước cùng nhau” trên địa bàn xã Lộc Tấn
21097	51698	/bo-cong-an-168-pham-nhan-trai-giam-suoi-hai-duoc-dac-xa-nam-2026.html	BỘ CÔNG AN: 168 phạm nhân Trại giam Suối Hai được đặc xá năm 2026
21098	51701	/ninh-binh-phien-cho-xanh-lai-uoc-mo-noi-niem-tin-va-sinh-ke-duoc-thap-sang.html	NINH BÌNH: Phiên chợ “Xanh lại ước mơ” nơi niềm tin và sinh kế được thắp sáng
21099	51704	/lai-chau-ho-tro-dong-vien-nguoi-chap-hanh-xong-an-phat-tu-tai-hoa-nhap-cong-dong.html	LAI CHÂU: Hỗ trợ, động viên người chấp hành xong án phạt tù tái hòa nhập cộng đồng
21100	51707	/da-nang-phuong-hoi-an-to-chuc-doi-thoai-tiep-suc-nguoi-tai-hoa-nhap-cong-dong-vuon-len-on-dinh-cuoc-song.html	ĐÀ NẴNG: Phường Hội An tổ chức đối thoại, tiếp sức người tái hòa nhập cộng đồng vươn lên ổn định cuộc sống
21101	51710	/bac-ninh-phat-tich-de-nguoi-chap-hanh-xong-an-phat-tu-tai-hoa-nhap-cong-dong.html	BẮC NINH: Phật Tích để người chấp hành xong án phạt tù tái hòa nhập cộng đồng
21102	51713	/lao-cai-phan-trai-tam-giam-van-chan-nhan-thu-cam-on-cua-pham-nhan-sau-khi-chap-hanh-xong-an-phat-tu.html	LÀO CAI: Phân Trại tạm giam Văn Chấn nhận thư cảm ơn của phạm nhân sau khi chấp hành xong án phạt tù
21103	51716	/ninh-binh-cong-an-phuong-hong-quang-trien-khai-lap-danh-sach-cac-truong-hop-nguoi-chap-hanh-xong-an-phat-tu-ve-dia-phuong-co-nhu-cau-vay-von.html	NINH BÌNH: Công an phường Hồng Quang triển khai, lập danh sách các trường hợp người chấp hành xong án phạt tù về địa phường có nhu cầu vay vốn
21104	51719	/lao-cai-cong-an-xa-tiep-xuc-gap-go-dong-vien-nguoi-chap-hanh-xong-an-phat-tu-tai-hoa-nhap-cong-dong.html	LÀO CAI: Công an xã tiếp xúc, gặp gỡ, động viên người chấp hành xong án phạt tù tái hòa nhập cộng đồng
21105	51722	/lang-son-nhung-nam-gan-day-cong-tac-ho-tro-nguoi-chap-hanh-xong-an-phat-tu-tai-hoa-nhap-cong-dong-tren-dia-ban-tinh-da-co-nhieu-chuyen-bien-tich-cuc.html	LẠNG SƠN: Những năm gần đây, công tác hỗ trợ người chấp hành xong án phạt tù tái hòa nhập cộng đồng trên địa bàn tỉnh đã có nhiều chuyển biến tích cực.
21106	51725	/dong-nai-ho-tro-nguoi-chap-hanh-xong-an-phat-tu-vay-von-mo-loi-tai-hoa-nhap-cong-dong.html	ĐỒNG NAI: Hỗ trợ người chấp hành xong án phạt tù vay vốn - Mở lối tái hòa nhập cộng đồng
21107	51728	/ninh-binh-cong-an-phuong-duy-tien-tinh-ninh-binh-giup-do-nguoi-lam-lo-tai-hoa-nhap-cong-dong.html	NINH BÌNH: Công an phường Duy Tiên, tỉnh Ninh Bình giúp đỡ người lầm lỡ tái hoà nhập cộng đồng
21108	51731	/ninh-binh-phuong-ha-nam-tuyen-truyen-chinh-sach-tin-dung-va-tu-van-gioi-thieu-viec-lam-ho-tro-nguoi-lam-lo-tai-hoa-nhap-cong-dong.html	NINH BÌNH: Phường Hà Nam tuyên truyền chính sách tín dụng và tư vấn, giới thiệu việc làm hỗ trợ người lầm lỡ tái hòa nhập cộng đồng
21109	51734	/cao-bang-thap-sang-niem-tin-hanh-trinh-tro-ve-tu-nhung-lam-loi.html	CAO BẰNG: Thắp sáng niềm tin - Hành trình trở về từ những lầm lỗi
21110	51737	/nghe-an-hieu-qua-tu-mo-hinh-tai-hoa-nhap-cong-dong-tai-nghe-an.html	NGHỆ AN: Hiệu quả từ mô hình tái hoà nhập cộng đồng tại Nghệ An
21111	51740	/dong-nai-cong-an-xa-phu-hoa-phoi-hop-tuyen-truyen-phap-luat-huong-dan-vay-von-chinh-sach-xa-hoi.html	ĐỒNG NAI: Công an xã Phú Hòa phối hợp tuyên truyền pháp luật, hướng dẫn vay vốn chính sách xã hội.
21112	51743	/hung-yen-ho-tro-vay-von-giup-nguoi-tung-lam-lo-on-dinh-cuoc-song.html	HƯNG YÊN: Hỗ trợ vay vốn, giúp người từng lầm lỡ ổn định cuộc sống
21113	51746	/gia-lai-phong-canh-sat-thi-hanh-an-hinh-su-va-ho-tro-tu-phap-cong-an-tinh-gia-lai-thap-sang-niem-tin-khoi-day-neo-thien.html	GIA LAI: Phòng Cảnh sát thi hành án hình sự và hỗ trợ tư pháp Công an tỉnh Gia Lai thắp sáng niềm tin, khơi dậy nẻo thiện
21114	51749	/da-nang-phat-huy-vai-tro-nong-cot-trong-cong-tac-tai-hoa-nhap-cong-dong-dau-an-cua-cong-an-thanh-pho.html	ĐÀ NẴNG: Phát huy vai trò nòng cốt trong công tác tái hòa nhập cộng đồng – Dấu ấn của Công an thành phố
21115	51752	/quang-ninh-thap-len-niem-tin-tu-nhung-co-hoi-thu-hai.html	QUẢNG NINH: Thắp lên niềm tin từ những cơ hội thứ hai
21116	51755	/phu-tho-hoi-nghi-tu-van-viec-lam-va-ho-tro-vay-von-cho-nguoi-tai-hoa-nhap-cong-dong-tai-phuong-thanh-mieu.html	PHÚ THỌ: Hội nghị Tư vấn việc làm và Hỗ trợ vay vốn cho người tái hòa nhập cộng đồng tại phường Thanh Miếu
21117	51758	/hung-yen-xa-nam-cuong-to-chuc-hoi-nghi-ra-mat-mo-hinh-chung-tay-giup-do-nguoi-chap-hanh-xong-an-phat-tu-tai-hoa-nhap-cong-dong.html	HƯNG YÊN: Xã Nam Cường tổ chức hội nghị ra mắt mô hình “Chung tay giúp đỡ người chấp hành xong án phạt tù, tái hoà nhập cộng đồng”
21118	51761	/lai-chau-cong-an-xa-than-uyen-sau-sat-dia-ban-tich-cuc-giup-do-nguoi-lam-loi-tai-hoa-nhap-cong-dong.html	LAI CHÂU: Công an xã Than Uyên sâu sát địa bàn, tích cực giúp đỡ người lầm lỗi tái hòa nhập cộng đồng
21119	51764	/gia-lai-cong-an-tinh-kiem-tra-huong-dan-cong-tac-thi-hanh-an-hinh-su-va-tai-hoa-nhap-cong-dong-tai-cong-an-xa-kim-son.html	GIA LAI: Công an tỉnh kiểm tra, hướng dẫn công tác thi hành án hình sự và tái hòa nhập cộng đồng tại Công an xã Kim Sơn
21120	51767	/hoa-binh-ra-mat-mo-hinh-tuyen-truyen-pho-bien-phap-luat-ve-tai-hoa-nhap-cong-dong-tai-xa-kim-boi.html	HOÀ BÌNH: Ra mắt mô hình tuyên truyền, phổ biến pháp luật về tái hòa nhập cộng đồng tại xã Kim Bôi
21121	51770	/ngan-hang-chinh-sach-xa-hoi-nguon-von-chinh-sach-mo-loi-hoan-luong-mot-khoan-vay-mot-co-hoi-dung-day.html	Nguồn vốn chính sách mở lối hoàn lương một khoản vay, một cơ hội đứng dậy
21122	51773	/ngan-hang-chinh-sach-xa-hoi-nguon-von-chinh-sach-mo-loi-hoan-luong-de-canh-cua-thu-hai-rong-mo.html	ĐẮK LẮK: Nguồn vốn chính sách mở lối hoàn lương để cánh cửa thứ hai rộng mở
21123	51776	/ngan-hang-chinh-sach-xa-hoi-nguon-von-chinh-sach-mo-loi-hoan-luong-duong-ve-khong-don-doc.html	Nguồn vốn chính sách mở lối hoàn lương đường về không đơn độc
21124	51779	/ha-tinh-xa-loc-thanh-ra-mat-mo-hinh-mai-am-tinh-thuong.html	ĐỒNG NAI: Xã Lộc Thạnh ra mắt mô hình “Mái ấm tình thương”
21125	51782	/phu-tho-tang-cuong-ho-tro-nguoi-chap-hanh-an-tai-hoa-nhap-cong-dong-thong-qua-tu-van-viec-lam-va-vay-von.html	PHÚ THỌ: Tăng cường hỗ trợ người chấp hành án tái hòa nhập cộng đồng thông qua tư vấn việc làm và vay vốn
21126	51785	/gia-lai-phong-canh-sat-thi-hanh-an-hinh-su-va-ho-tro-tu-phap-tang-cuong-quan-ly-chat-cong-tac-thi-hanh-an-hinh-su-tai-cong-dong-va-tai-hoa-nhap-cong-dong.html	GIA LAI: Phòng Cảnh sát thi hành án hình sự và hỗ trợ tư pháp tăng cường quản lý chặt công tác thi hành án hình sự tại cộng đồng và tái hòa nhập cộng đồng
21127	51788	/quang-ngai-cong-an-xa-ve-giang-ho-tro-nguoi-chap-hanh-xong-an-phat-tu-vay-von-phat-trien-kinh-te.html	QUẢNG NGÃI: Công an xã Vệ Giang hỗ trợ người chấp hành xong án phạt tù vay vốn phát triển kinh tế
21128	51791	/can-tho-cong-an-tp-can-tho-ra-mat-mo-hinh-chung-tay-giup-do-phu-nu-hoan-luong-tai-hoa-nhap-cong-dong.html	CẦN THƠ: Công an TP Cần Thơ ra mắt Mô hình "Chung tay giúp đỡ phụ nữ hoàn lương tái hòa nhập cộng đồng"
21129	51794	/hung-yen-hoi-phu-nu-trai-tam-giam-so-1-tang-qua-cho-nu-pham-nhan-duoc-dac-xa-nam-2026.html	HƯNG YÊN: Hội Phụ nữ Trại tạm giam số 1 tặng quà cho nữ phạm nhân được đặc xá năm 2026
21130	51797	/quang-ninh-tuyen-truyen-chinh-sach-tin-dung-viec-lam-va-phap-luat-cho-nguoi-chap-hanh-an-tai-cong-dong.html	QUẢNG NINH: Tuyên truyền chính sách tín dụng, việc làm và pháp luật cho người chấp hành án tại cộng đồng
21131	51800	/pho-thu-tuong-thuong-truc-pham-gia-tuc-dac-xa-la-co-hoi-de-nhung-nguoi-lam-loi-lam-lai-cuoc-doi.html	Phó Thủ tướng Thường trực Phạm Gia Túc: Đặc xá là cơ hội để những người lầm lỗi làm lại cuộc đời
21132	51803	/gia-lai-ra-mat-mo-hinh-quan-ly-giao-duc-giup-do-nguoi-chap-hanh-xong-an-phat-tu-nguoi-duoc-dac-xa-ve-dia-phuong-tai-hoa-nhap-cong-dong-tren-dia-ban-xa-bien-ho.html	GIA LAI: Ra mắt mô hình “Quản lý, giáo dục, giúp đỡ người chấp hành xong án phạt tù, người được đặc xá về địa phương tái hòa nhập cộng đồng” trên địa bàn xã Biển Hồ
21133	51806	/phu-tho-cong-an-xa-binh-xuyen-phat-huy-hieu-qua-cong-tac-tai-hoa-nhap-cong-dong-tai-co-so.html	PHÚ THỌ: Công an xã Bình Xuyên phát huy hiệu quả công tác tái hòa nhập cộng đồng tại cơ sở
21134	51809	/ninh-binh-cong-an-xa-y-yen-tinh-ninh-binh-giup-do-nguoi-lam-lo-tai-hoa-nhap-cong-dong.html	NINH BÌNH: Công an xã Ý Yên, tỉnh Ninh Bình giúp đỡ người lầm lỡ tái hoà nhập cộng đồng
21135	51812	/lam-dong-trai-tam-giam-so-2-to-chuc-hoi-nghi-tu-van-tin-dung-va-tu-van-huong-nghiep-cho-pham-nhan-duoc-de-nghi-dac-xa-nam-2026.html	LÂM ĐỒNG: Trại tạm giam số 2 tổ chức hội nghị tư vấn tín dụng và tư vấn hướng nghiệp cho phạm nhân được đề nghị đặc xá năm 2026
21136	51815	/lam-dong-cong-an-xa-bao-lam-2-diem-tua-vung-chac-giup-nguoi-hoan-luong-tai-hoa-nhap-cong-dong.html	LÂM ĐỒNG: Công an xã Bảo Lâm 2, điểm tựa vững chắc giúp người hoàn lương tái hòa nhập cộng đồng
21137	51818	/bo-cong-an-dac-xa-nam-2026-tiep-tuc-the-hien-chinh-sach-khoan-hong-cua-dang-va-nha-nuoc-truyen-thong-nhan-ai-cua-dan-toc.html	BỘ CÔNG AN: Đặc xá năm 2026, tiếp tục thể hiện chính sách khoan hồng của Đảng và Nhà nước, truyền thống nhân ái của dân tộc
21138	51821	/hai-phong-trai-tam-giam-so-1-pho-bien-giao-duc-tai-hoa-nhap-cong-dong-cho-109-pham-nhan.html	HẢI PHÒNG: Trại tạm giam số 1 phổ biến, giáo dục tái hòa nhập cộng đồng cho 109 phạm nhân
21139	51824	/son-la-tuyen-truyen-phap-luat-cho-nguoi-duoc-dac-xa-tai-hoa-nhap-cong-dong.html	SƠN LA: Tuyên truyền pháp luật cho người được đặc xá tái hòa nhập cộng đồng
21140	51827	/dong-nai-xa-an-phuoc-tuyen-truyen-phap-luat-ve-thi-hanh-an-hinh-su-va-ra-mat-mo-hinh-ho-tro-tai-hoa-nhap-cong-dong.html	ĐỒNG NAI: Xã An Phước tuyên truyền pháp luật về thi hành án hình sự và ra mắt mô hình hỗ trợ tái hoà nhập cộng đồng
21141	51830	/ninh-binh-ky-vong-giup-do-nguoi-lam-loi-qua-mo-hinh-phien-cho-xanh-lai-uoc-mo.html	NINH BÌNH: Kỳ vọng giúp đỡ người lầm lỗi qua mô hình Phiên chợ “Xanh lại ước mơ"
21142	51833	/ninh-binh-trien-khai-phien-cho-xanh-lai-uoc-mo-ho-tro-viec-lam-cho-nguoi-tai-hoa-nhap-cong-dong.html	NINH BÌNH: Triển khai "Phiên chợ xanh lại ước mơ” hỗ trợ việc làm cho người tái hoà nhập cộng đồng
21143	51836	/phu-tho-diem-tua-cho-nguoi-lam-lo-tai-hoa-nhap-cong-dong.html	PHÚ THỌ: “Điểm tựa” cho người lầm lỡ tái hòa nhập cộng đồng
21144	51842	/hai-phong-tao-co-hoi-de-nguoi-lam-loi-tai-hoa-nhap-cong-dong.html	HẢI PHÒNG: Tạo cơ hội để người lầm lỗi tái hoà nhập cộng đồng
21145	51845	/thai-nguyen-chu-dong-quan-ly-giam-sat-giao-duc-nguoi-chap-hanh-xong-an-phat-tu-tro-ve-dia-phuong-tai-hoa-nhap-cong-dong.html	THÁI NGUYÊN: Chủ động quản lý, giám sát, giáo dục người chấp hành xong án phạt tù trở về địa phương tái hoà nhập cộng đồng
21146	51848	/thanh-hoa-quan-tam-ho-tro-nguoi-chap-hanh-xong-an-phat-tu-tai-hoa-nhap-cong-dong-on-dinh-cuoc-song.html	THANH HOÁ: Quan tâm hỗ trợ người chấp hành xong án phạt tù tái hòa nhập cộng đồng, ổn định cuộc sống
21147	51851	/lam-dong-co-hoi-niem-vui-lam-lai-cuoc-doi-khi-canh-cua-trai-tam-giam-mo-ra.html	LÂM ĐỒNG: Cơ hội, niềm vui làm lại cuộc đời khi cánh cửa trại tạm giam mở ra
21148	51854	/dong-nai-chuong-trinh-cho-vay-doi-voi-nguoi-chap-hanh-xong-an-phat-tu-co-hoi-tai-hoa-nhap-cong-dong.html	ĐỒNG NAI: Chương trình cho vay đối với người chấp hành xong án phạt tù – Cơ hội tái hòa nhập cộng đồng
21149	51857	/phu-tho-nang-cao-hieu-qua-cong-tac-tai-hoa-nhap-cong-dong-cho-nguoi-chap-hanh-xong-an-phat-tu.html	PHÚ THỌ: Nâng cao hiệu quả công tác tái hòa nhập cộng đồng cho người chấp hành xong án phạt tù
21150	51860	/bo-cong-an-de-xuat-nguoi-chap-hanh-xong-an-phat-tu-co-the-vay-von-di-xuat-khau-lao-dong.html	BỘ CÔNG AN: Đề xuất người chấp hành xong án phạt tù có thể vay vốn đi xuất khẩu lao động
21151	51863	/dak-lak-trao-co-hoi-de-lam-lai-cuoc-doi.html	ĐẮK LẮK: Trao cơ hội để làm lại cuộc đời
21152	51866	/quang-tri-tiep-suc-nguoi-lam-lo-tai-hoa-nhap-cong-dong.html	QUẢNG TRỊ: Tiếp sức người lầm lỡ tái hòa nhập cộng đồng
21153	51869	/thai-nguyen-tin-dung-chinh-sach-thap-lai-niem-tin-mo-loi-hoan-luong.html	THÁI NGUYÊN: Tín dụng chính sách: "Thắp lại niềm tin, mở lối hoàn lương"
21154	51872	/da-co-hon-14-nghin-nguoi-chap-hanh-xong-an-phat-tu-duoc-vay-von.html	Đã có hơn 14 nghìn người chấp hành xong án phạt tù được vay vốn
21155	51875	/tham-muu-xay-dung-nghi-dinh-thay-the-ve-ho-tro-nguoi-chap-hanh-xong-an-phat-tu-tai-hoa-nhap.html	BỘ CÔNG AN: Tham mưu xây dựng Nghị định thay thế về hỗ trợ người chấp hành xong án phạt tù tái hòa nhập
21156	51878	/thai-nguyen-hieu-qua-von-vay-doi-voi-nguoi-chap-hanh-xong-an-phat-tu.html	THÁI NGUYÊN: Hiệu quả vốn vay đối với người chấp hành xong án phạt tù
21157	51881	/nghe-an-nhcsxh-quynh-luu-va-cong-an-7-xa-ky-ket-cong-tac-phoi-hop-dam-bao-an-ninh-trat-tu-va-thuc-hien-cac-hoat-dong-tin-dung-chinh-sach.html	NGHỆ AN: NHCSXH Quỳnh Lưu và Công an 7 xã ký kết công tác phối hợp đảm bảo an ninh trật tự và thực hiện các hoạt động tín dụng chính sách
21158	51884	/lao-cai-sang-ngay-11-05-2026-phong-giao-dich-ngan-hang-csxh-bat-xat-da-to-chuc-phien-giao-dich-diem-sang-ma-sao-xa-den-sang.html	LÀO CAI: Phòng giao dịch Ngân hàng CSXH Bát Xát đã tổ chức phiên giao dịch điểm Sàng Ma Sáo xã Dền Sáng
21160	51929	/ninh-binh-cong-an-xa-nam-xang-thuc-hien-hieu-qua-quyet-dinh-so-22-2023-qd-ttg-cua-thu-tuong-chinh-phu-ve-tin-dung-doi-voi-nguoi-chap-hanh-xong-an-phat-tu.html	NINH BÌNH: Công an xã Nam Xang thực hiện hiệu quả Quyết định số 22/2023/QĐ-TTG của Thủ tướng Chính phủ về tín dụng đối với người chấp hành xong án phạt tù
21161	51890	/thanh-hoa-chuong-trinh-tin-dung-ngan-hang-chinh-sach-xa-hoi-cho-nguoi-chap-hanh-xong-an-phat-tu.html	THANH HOÁ: Chương trình Tín dụng Ngân hàng chính sách xã hội cho Người chấp hành xong án phạt tù.
21162	51893	/lai-chau-tuyen-truyen-phap-luat-cho-nguoi-chap-hanh-xong-an-phat-tu.html	LAI CHÂU: Tuyên truyền pháp luật cho người chấp hành xong án phạt tù
21163	51896	/phu-tho-cong-an-xa-lien-chau-ky-ket-chuong-trinh-phoi-hop-trien-khai-chinh-sach-tin-dung-cho-nguoi-chap-hanh-xong-an-phat-tu.html	PHÚ THỌ: Công an xã Liên Châu ký kết Chương trình phối hợp triển khai chính sách tín dụng cho người chấp hành xong án phạt tù
21164	52040	/lai-chau-cong-an-tinh-lai-chau-phoi-hop-voi-ubnd-xa-sin-ho-to-chuc-hoi-nghi-tuyen-truyen-pho-bien-giao-duc-phap-luat-cho-nguoi-chap-hanh-xong-an-phat-tu.html	LAI CHÂU: Công an tỉnh Lai Châu phối hợp với UBND xã Sìn Hồ tổ chức Hội nghị tuyên truyền phổ biến, giáo dục, pháp luật cho người chấp hành xong án phạt tù
21165	51902	/vinh-long-tin-dung-chinh-sach-danh-cho-nguoi-chap-hanh-xong-an-phat-tu.html	VĨNH LONG: Tín dụng chính sách dành cho người chấp hành xong án phạt tù
21166	51905	/lang-son-phong-giao-dich-ngan-hang-chinh-sach-xa-hoi-nhcsxh-huu-lung-day-nhanh-tien-do-giai-ngan-cho-vay-chuong-trinh-tin-dung-doi-voi-nguoi-chap-hanh-xong-an-phat-tu-vao-thang-cuoi-nam-2025.html	LẠNG SƠN: Phòng Giao dịch Ngân hàng Chính sách xã hội Hữu Lũng đẩy nhanh tiến độ giải ngân Cho vay chương trình tín dụng đối với người chấp hành xong án phạt tù vào tháng cuối năm 2025.
21167	51908	/nguon-von-vay-uu-dai-mo-ra-co-hoi-cho-nguoi-chap-hanh-xong-an-phat-tu-lam-lai-cuoc-doi.html	Nguồn vốn vay ưu đãi mở ra cơ hội cho người chấp hành xong án phạt tù làm lại cuộc đời
21168	51911	/cao-bang-cong-an-phuong-tan-giang-phoi-hop-to-chuc-hoi-nghi-tuyen-truyen-phap-luat-tu-van-nghe-nghiep-gioi-thieu-viec-lam-va-ho-tro-vay-von-cho-nguoi-tai-hoa-nhap-cong-dong.html	CAO BẰNG: Công an phường Tân Giang phối hợp tổ chức hội nghị tuyên truyền pháp luật, tư vấn nghề nghiệp, giới thiệu việc làm và hỗ trợ vay vốn cho người tái hòa nhập cộng đồng
21169	51914	/ninh-binh-hoi-nghi-danh-gia-tien-do-to-chuc-hoi-nghi-ky-ket-chuong-trinh-phoi-hop-ho-tro-nguoi-chap-hanh-xong-an-phat-tu-tai-hoa-nhap-cong-dong.html	NINH BÌNH: Hội nghị đánh giá tiến độ tổ chức hội nghị ký kết chương trình phối hợp hỗ trợ người chấp hành xong án phạt tù tái hòa nhập cộng đồng
21170	51917	/tay-ninh-thanh-duc-thanh-lap-cau-lac-bo-doanh-nghiep-ho-tro-tai-hoa-nhap-cong-dong.html	TÂY NINH: Thạnh Đức thành lập câu lạc bộ doanh nghiệp hỗ trợ tái hòa nhập cộng đồng
21171	51920	/lai-chau-hoi-nghi-tuyen-truyen-pho-bien-giao-duc-phap-luat-cho-nguoi-chap-hanh-xong-an-phat-tu-tren-dia-ban-cac-xa-sin-ho-hong-thu-tua-sin-chai-tinh-lai-chau.html	LAI CHÂU: Hội nghị tuyên truyền phổ biến, giáo dục pháp luật cho người chấp hành xong án phạt tù trên địa bàn các xã Sìn Hồ, Hồng Thu, Tủa Sin Chải, tỉnh Lai Châu
21172	51923	/dong-nai-cong-an-xa-binh-tan-dong-hanh-cung-nguoi-duoc-dac-xa-tai-hoa-nhap-cong-dong.html	ĐỒNG NAI: Công an xã Bình Tân đồng hành cùng người được đặc xá tái hòa nhập cộng đồng
21173	51926	/gia-lai-xa-vinh-quang-ra-mat-mo-hinh-chung-tay-cam-hoa-huong-nghiep-ho-tro-vay-von-tai-hoa-nhap-cong-dong.html	GIA LAI: Xã Vĩnh Quang ra mắt mô hình "Chung tay cảm hóa, hướng nghiệp, hỗ trợ vay vốn, tái hòa nhập cộng đồng"
21174	51932	/dong-nai-phuong-dong-xoai-ra-mat-mo-hinh-anh-binh-minh.html	ĐỒNG NAI: Phường Đồng Xoài ra mắt mô hình “Ánh bình minh”
21175	51935	/dong-nai-lan-toa-yeu-thuong-tiep-suc-tai-hoa-nhap-cong-dong-tai-xa-an-phuoc.html	ĐỒNG NAI: Lan tỏa yêu thương, tiếp sức tái hòa nhập cộng đồng tại xã An Phước
21176	51938	/hung-yen-cong-an-xa-tra-giang-ra-mat-mo-hinh-dan-van-kheo-phuc-vu-trong-yeu-thuong-va-chung-tay-vi-cuoc-song-moi.html	HƯNG YÊN: Công an xã Trà Giang ra mắt mô hình dân vận khéo “Phục vụ trong yêu thương” và “Chung tay vì cuộc sống mới”
21177	51941	/da-nang-mo-loi-hoan-luong-khi-viec-lam-tro-thanh-tam-ve-tai-hoa-nhap-cong-dong.html	ĐÀ NẴNG: Mở lối hoàn lương - Khi việc làm trở thành “tấm vé” tái hòa nhập cộng đồng
21178	51944	/bo-cong-an-dac-xa-nam-2026-trao-co-hoi-lam-lai-cuoc-doi.html	BỘ CÔNG AN: Đặc xá năm 2026 - Trao cơ hội làm lại cuộc đời
21179	51947	/ha-noi-cum-thi-dua-so-3-tuyen-truyen-pho-bien-phap-luat-cho-pham-nhan-chuan-bi-tai-hoa-nhap-cong-dong.html	HÀ NỘI: Cụm thi đua số 3 tuyên truyền, phổ biến pháp luật cho phạm nhân chuẩn bị tái hòa nhập cộng đồng
21180	51950	/lai-chau-tuyen-truyen-phap-luat-cho-nguoi-duoc-dac-xa-tai-hoa-nhap-cong-dong.html	LAI CHÂU: Tuyên truyền pháp luật cho người được đặc xá tái hòa nhập cộng đồng
21181	51953	/quang-tri-tiep-tuc-quan-tam-ho-tro-nguoi-chap-hanh-xong-an-phat-tu-tai-hoa-nhap-cong-dong-on-dinh-cuoc-song.html	QUẢNG TRỊ: Tiếp tục quan tâm hỗ trợ người chấp hành xong án phạt tù tái hòa nhập cộng đồng, ổn định cuộc sống
21182	51956	/phu-tho-tam-nong-chung-tay-ho-tro-nguoi-tai-hoa-nhap-cong-dong-giu-vung-an-ninh-co-so.html	PHÚ THỌ: Tam Nông - Chung tay hỗ trợ người tái hòa nhập cộng đồng, giữ vững an ninh cơ sở
21183	51959	/quang-ngai-kiem-tra-cong-tac-thi-hanh-an-hinh-su-tai-cong-dong-va-tai-hoa-nhap-cong-dong-tai-cong-an-dac-khu-ly-son.html	QUẢNG NGÃI: Kiểm tra công tác thi hành án hình sự tại cộng đồng và tái hòa nhập cộng đồng tại Công an đặc khu Lý Sơn
21184	51962	/dak-lak-giup-nguoi-lam-lo-viet-lai-cuoc-doi.html	ĐẮK LẮK: Giúp người lầm lỡ viết lại cuộc đời
21185	51965	/bac-ninh-cong-an-tinh-bac-ninh-nang-cao-chat-luong-hieu-qua-cong-tac-tai-hoa-nhap-cong-dong.html	BẮC NINH: Công an tỉnh Bắc Ninh nâng cao chất lượng, hiệu quả công tác tái hòa nhập cộng đồng
21186	51968	/an-giang-cong-an-xa-binh-giang-trao-qua-tet-dong-vien-nguoi-hoan-luong-tai-hoa-nhap-cong-dong.html	AN GIANG: Công an xã Bình Giang trao quà Tết động viên người hoàn lương tái hòa nhập cộng đồng
21187	51971	/vinh-long-ban-giao-nha-dai-doan-ket-den-nguoi-dan-co-hoan-canh-kho-khan.html	VĨNH LONG: Bàn giao nhà đại đoàn kết đến người dân có hoàn cảnh khó khăn
21188	51974	/can-tho-cong-an-phuong-dong-hanh-voi-nguoi-hoan-luong-de-on-dinh-cuoc-song.html	CẦN THƠ: Công an phường đồng hành với người hoàn lương để ổn định cuộc sống
21189	51977	/an-giang-cong-an-phuong-vinh-te-tang-qua-cho-nguoi-hoan-luong-tieu-bieu-tai-hoa-nhap-cong-dong.html	AN GIANG: Công an phường Vĩnh Tế tặng quà cho người hoàn lương tiêu biểu tái hòa nhập cộng đồng
21190	51980	/ca-mau-cong-an-xa-khanh-binh-day-manh-tuyen-truyen-ho-tro-cong-dan-tai-hoa-nhap-cong-cong-dong.html	CÀ MAU: Công an xã Khánh Bình đẩy mạnh tuyên truyền, hỗ trợ công dân tái hòa nhập cộng cộng đồng
21191	51983	/gia-lai-xa-an-hao-ra-mat-mo-hinh-tai-hoa-nhap-cong-dong-buoc-cung-nhau.html	GIA LAI: Xã An Hảo ra mắt Mô hình tái hòa nhập cộng đồng “bước cùng nhau”
21192	51986	/phu-tho-phuong-vinh-phuc-ra-mat-mo-hinh-quan-ly-giao-duc-giup-do-nguoi-chap-hanh-xong-an-phat-tu-tai-hoa-nhap-cong-dong.html	PHÚ THỌ: Phường Vĩnh Phúc ra mắt mô hình “Quản lý, giáo dục, giúp đỡ người chấp hành xong án phạt tù, tái hòa nhập cộng đồng”
21193	51989	/lai-chau-cong-an-xa-khun-ha-chu-trong-cong-tac-quan-ly-giao-duc-va-cam-hoa-nguoi-lam-loi-tai-co-so.html	LAI CHÂU: Công an xã Khun Há chú trọng công tác quản lý, giáo dục và cảm hóa người lầm lỗi tại cơ sở
21194	51992	/gia-lai-to-chuc-ra-mat-mo-hinh-chung-tay-giup-do-nguoi-lam-lo-tai-hoa-nhap-cong-dong.html	GIA LAI: Tổ chức ra mắt mô hình “Chung tay giúp đỡ người lầm lỡ tái hoà nhập cộng đồng”
21195	51995	/an-giang-nhieu-tap-the-ca-nhan-duoc-tang-bang-khen-giay-khen-trong-phong-trao-toan-dan-bao-ve-an-ninh-to-quoc-va-01-nam-trien-khai-luc-luong-tham-gia-bao-ve-an-ninh-trat-tu-o-co-so.html	AN GIANG: Nhiều tập thể, cá nhân được tặng Bằng khen, Giấy khen trong “Phong trào toàn dân bảo vệ An ninh Tổ quốc và 01 năm triển khai lực lượng tham gia bảo vệ an ninh, trật tự ở cơ sở”
21196	51998	/dong-nai-no-luc-vuon-len-trong-cuoc-song.html	ĐỒNG NAI: Nỗ lực vươn lên trong cuộc sống
21197	52001	/ca-mau-an-ninh-trat-tu-cong-an-xa-phu-my-trien-khai-mo-hinh-ho-tro-giong-san-xuat-den-nguoi-tai-hoa-nhap-cong-dong-cai-thien-kinh-te-gia-dinh-tren-dia-ban.html	CÀ MAU: An ninh - trật tự Công an xã Phú Mỹ triển khai mô hình “Hỗ trợ giống sản xuất đến người tái hòa nhập cộng đồng cải thiện kinh tế gia đình” trên địa bàn
21198	52004	/lam-dong-diem-tua-giup-nguoi-lam-lo-lam-lai-cuoc-doi.html	LÂM ĐỒNG: Điểm tựa giúp người lầm lỡ làm lại cuộc đời
21199	52007	/da-nang-trien-khai-mo-hinh-giup-nguoi-lam-lo-tai-hoa-nhap-cong-dong-cach-lam-sang-tao-tai-cax-chien-dan.html	ĐÀ NẴNG: Triển khai mô hình “Giúp người lầm lỡ tái hòa nhập cộng đồng” – Cách làm sáng tạo tại CAX Chiên Đàn
21200	52010	/gia-lai-cong-tac-tuyen-truyen-quan-ly-giao-duc-doi-tuong-tai-cong-an-xa-an-hoa.html	GIA LAI: Công tác tuyên truyền, quản lý, giáo dục đối tượng tại Công an xã An Hòa.
21201	52013	/cao-bang-xa-truong-ha-ra-mat-mo-hinh-khoi-dau-moi.html	CAO BẰNG: Xã Trường Hà ra mắt mô hình “Khởi đầu mới”
21202	52016	/phu-tho-cong-an-xa-muong-bi-tang-cuong-quan-ly-giup-do-nguoi-tai-hoa-nhap-cong-dong.html	PHÚ THỌ: Công an xã Mường Bi tăng cường quản lý, giúp đỡ người tái hòa nhập cộng đồng
21204	52028	/dong-thap-hieu-qua-trong-05-nam-thuc-hien-chuong-trinh-phoi-hop-ve-cong-tac-tai-hoa-nhap-cong-dong.html	ĐỒNG THÁP: Hiệu quả trong 05 năm thực hiện Chương trình phối hợp về công tác tái hòa nhập cộng đồng.
21205	52031	/da-nang-thap-lai-niem-tin-dong-hanh-cung-nguoi-hoan-luong-tai-hoa-nhap-cong-dong-tren-dia-ban-an-khe.html	ĐÀ NẴNG: Thắp lại niềm tin, đồng hành cùng người hoàn lương tái hòa nhập cộng đồng trên địa bàn An Khê
21206	52034	/gia-lai-cong-an-xa-ia-o-tich-cuc-ho-tro-nguoi-chap-hanh-an-phat-tu-on-dinh-cuoc-song.html	GIA LAI: Công an xã Ia O tích cực hỗ trợ người chấp hành án phạt tù ổn định cuộc sống
21207	52037	/dong-nai-phong-canh-sat-thi-hanh-an-hinh-su-va-ho-tro-tu-phap-ra-mat-mo-hinh-ho-tro-nguoi-chap-hanh-xong-an-phat-tu-tai-hoa-nhap-cong-dong.html	ĐỒNG NAI: Phòng Cảnh sát Thi hành án hình sự và hỗ trợ tư pháp - Ra mắt mô hình hỗ trợ người chấp hành xong án phạt tù tái hòa nhập cộng đồng
21208	52043	/phu-tho-tin-dung-cho-vay-nguoi-chap-hanh-xong-an-phat-tu-dat-95-ke-hoach-nam-2026.html	PHÚ THỌ: Tín dụng cho vay người chấp hành xong án phạt tù đạt 95% kế hoạch năm 2026
21209	52046	/cao-bang-cong-an-xa-nguyen-binh-phoi-hop-ky-ket-chuong-trinh-quy-che-phoi-hop-voi-phong-giao-dich-ngan-hang-chinh-sach-xa-hoi-nguyen-binh.html	CAO BẰNG: Công an xã Nguyên Bình phối hợp ký kết Chương trình, Quy chế phối hợp với Phòng giao dịch Ngân hàng Chính sách xã hội Nguyên Bình
21210	52049	/quang-ngai-phong-giao-dich-nhcsxh-tu-nghia-tiep-tuc-thuc-hien-tin-dung-cho-nguoi-chap-hanh-xong-an-phat-tu-tren-dia-ban-xa-ve-giang.html	QUẢNG NGÃI: Phòng Giao dịch NHCSXH Tư Nghĩa tiếp tục thực hiện tín dụng cho người chấp hành xong án phạt tù trên địa bàn xã Vệ Giang
21211	52052	/dak-lak-phong-giao-dich-ngan-hang-chinh-sach-xa-hoi-krong-buk-tiep-tuc-trien-khai-va-giai-ngan-cho-nguoi-chap-hanh-xong-an-phat-tu-duoc-vay-von-tin-dung-chinh-sach-xa-hoi.html	ĐẮK LẮK: Phòng Giao dịch Ngân hàng Chính sách xã hội Krông Búk tiếp tục triển khai và giải ngân cho người chấp hành xong án phạt tù được vay vốn tín dụng chính sách xã hội
21212	52055	/ho-chi-minh-tin-dung-chinh-sach-diem-tua-cho-nguoi-hoan-luong-tai-hoa-nhap-cong-dong.html	HỒ CHÍ MINH: Tín dụng chính sách – Điểm tựa cho người hoàn lương tái hoà nhập cộng đồng
21213	52058	/hue-tin-dung-chinh-sach-dong-hanh-cung-cong-tac-ho-tro-tai-hoa-nhap-cong-dong.html	HUẾ: Tín dụng chính sách đồng hành cùng công tác hỗ trợ tái hòa nhập cộng đồng
21214	52061	/ha-noi-mo-loi-hoan-luong-bang-von-vay-va-viec-lam-cho-nguoi-tung-lam-lo.html	HÀ NỘI: Mở lối hoàn lương bằng vốn vay và việc làm cho người từng lầm lỡ
21215	52064	/hung-yen-chuong-trinh-cho-vay-doi-voi-nguoi-chap-hanh-xong-an-phat-tu-co-hoi-tai-hoa-nhap-cong-dong.html	HƯNG YÊN: Chương trình cho vay đối với người chấp hành xong án phạt tù – Cơ hội tái hoà nhập cộng đồng
21216	52067	/lam-dong-ngan-hang-chinh-sach-dak-glong-dong-hanh-cung-nguoi-chap-hanh-xong-an-phat-tu-tai-hoa-nhap-cong-dong.html	LÂM ĐỒNG: Ngân hàng chính sách Đắk GLong đồng hành cùng người chấp hành xong án phạt tù tái hòa nhập cộng đồng
21217	52070	/ninh-binh-viet-tiep-uoc-mo-kien-tao-cuoc-song-ct-phoi-hop-giua-3-co-quan-cua-tinh.html	NINH BÌNH: “Viết tiếp ước mơ - Kiến tạo cuộc sống” CT phối hợp giữa 3 cơ quan của tỉnh
21218	52073	/phu-tho-cong-an-xa-bang-luan-ho-tro-nguoi-chap-hanh-xong-an-phat-tu-tai-hoa-nhap-cong-dong.html	PHÚ THỌ: Công an xã Bằng Luân hỗ trợ người chấp hành xong án phạt tù tái hòa nhập cộng đồng
21219	52076	/hung-yen-giup-do-nguoi-chap-hanh-xong-an-phat-tu-tai-hoa-nhap-cong-dong.html	HƯNG YÊN: Giúp đỡ người chấp hành xong án phạt tù tái hòa nhập cộng đồng
21220	52079	/dong-nai-cong-an-phuong-an-loc-ra-mat-mo-hinh-tu-luc-vuon-len-ho-tro-nguoi-tai-hoa-nhap-cong-dong.html	ĐỒNG NAI: Công an phường An Lộc ra mắt mô hình “Tự lực vươn lên” hỗ trợ người tái hòa nhập cộng đồng
21221	52082	/dak-lak-cong-an-phuong-xuan-dai-thuc-hien-cong-tac-tiep-nhan-quan-ly-giao-duc-va-ho-tro-nguoi-duoc-dac-xa-nam-2026-tai-hoa-nhap-cong-dong.html	ĐẮK LẮK: Công an phường Xuân Đài thực hiện công tác tiếp nhận, quản lý, giáo dục và hỗ trợ người được đặc xá năm 2026 tái hòa nhập cộng đồng
21222	52085	/hung-yen-cong-an-xa-dong-bang-tham-muu-ra-mat-mo-hinh-dong-hanh-giup-do-nguoi-co-qua-khu-lam-lo-hoa-nhap-cong-dong-on-dinh-cuoc-song.html	HƯNG YÊN: Công an xã Đồng Bằng tham mưu ra mắt mô hình “Đồng hành, giúp đỡ người có quá khứ lầm lỡ, hòa nhập cộng đồng, ổn định cuộc sống”
21223	52088	/ninh-binh-ket-qua-noi-bat-trong-cong-tac-tai-hoa-nhap-cong-dong-tren-dia-ban-tinh-ninh-binh.html	NINH BÌNH: Kết quả nổi bật trong công tác tái hòa nhập cộng đồng trên địa bàn tỉnh Ninh Bình
21224	52091	/da-nang-chap-canh-cho-nhung-khat-vong-hoan-luong.html	ĐÀ NẴNG: Chắp cánh cho những khát vọng hoàn lương
21225	52094	/phu-tho-cong-an-xa-dan-thuong-chung-tay-ho-tro-nguoi-tai-hoa-nhap-cong-dong-tiep-can-vay-von-on-dinh-cuoc-song.html	PHÚ THỌ: Công an xã Đan Thượng chung tay hỗ trợ người tái hòa nhập cộng đồng tiếp cận vay vốn, ổn định cuộc sống
21226	52097	/lao-cai-cong-tac-tai-hoa-nhap-cong-dong-doi-voi-nguoi-chap-hanh-xong-an-phat-tu-la-chu-truong-lon-the-hien-tinh-nhan-van-sau-sac-cua-dang-va-nha-nuoc-day-cung-la-giai-phap-quan-trong-nham-phong-ngua-tai-pham-toi-giu-vung-an-ninh-trat-tu-voi-su-vao-cuoc-dong-bo-cua-ca-he-thong-chinh-tri-nhieu-truong-hop-tung-lam-lo-da-on-dinh-cuoc-song.html	LÀO CAI: Công tác tái hòa nhập cộng đồng đối với người chấp hành xong án phạt tù là chủ trương lớn, thể hiện tính nhân văn sâu sắc của Đảng và nhà nước
21227	52100	/bac-ninh-chi-hoi-phu-nu-cong-an-phuong-da-mai-ra-mat-mo-hinh-chi-hoi-phu-nu-cong-an-phuong-dong-hanh-cung-cong-tac-tai-hoa-nhap-cong-dong.html	BẮC NINH: Chi hội phụ nữ Công an phường Đa Mai đã tổ chức ra mắt mô hình "Chi hội Phụ nữ Công an phường đồng hành cùng công tác tái hoà nhập cộng đồng"
21228	52103	/phu-tho-cong-an-xa-lien-son-quan-ly-nghiem-giao-duc-tot-giup-nguoi-dan-chap-hanh-an-tai-hoa-nhap-cong-dong-on-dinh-cuoc-song.html	PHÚ THỌ: Công an xã Liên Sơn quản lý nghiêm, giáo dục tốt, giúp người dân chấp hành án tái hòa nhập cộng đồng, ổn định cuộc sống
21229	52127	/ninh-binh-ky-ket-ke-hoach-phoi-hop-thuc-hien-cong-tac-thi-hanh-an-hinh-su-va-tai-hoa-nhap-cong-dong.html	NINH BÌNH: Ký kết Kế hoạch phối hợp thực hiện công tác thi hành án hình sự và tái hòa nhập cộng đồng
21230	52106	/hung-yen-xa-trieu-viet-vuong-ra-mat-03-mo-hinh-tu-quan-gop-phan-bao-dam-an-ninh-trat-tu-tai-co-so.html	HƯNG YÊN: Xã Triệu Việt Vương ra mắt 03 mô hình tự quản góp phần bảo đảm an ninh, trật tự tại cơ sở.
21231	52124	/bac-ninh-cong-bo-quyet-dinh-kiem-tra-cong-tac-quan-ly-tam-giu-tam-giam-va-thi-hanh-an-hinh-su-tai-cong-dong.html	BẮC NINH: Công bố quyết định kiểm tra công tác quản lý tạm giữ, tạm giam và thi hành án hình sự tại cộng đồng
21232	52109	/quang-ninh-cong-an-phuong-cua-ong-tuyen-truyen-ho-tro-nguoi-chap-hanh-xong-an-phat-tu-vay-von-uu-dai-tai-hoa-nhap-cong-dong.html	QUẢNG NINH: Công an phường Cửa Ông tuyên truyền, hỗ trợ người chấp hành xong án phạt tù vay vốn ưu đãi tái hòa nhập cộng đồng
21233	52112	/hung-yen-chuong-trinh-cho-vay-doi-voi-nguoi-chap-hanh-xong-an-phat-tu-dong-hanh-cung-hanh-trinh-tai-hoa-nhap-cong-dong.html	HƯNG YÊN: Chương trình cho vay đối với người chấp hành xong án phạt tù - Đồng hành cùng hành trình tái hòa nhập cộng đồng
21234	52115	/giup-do-nguoi-chap-hanh-xong-an-phat-tu-tai-hoa-nhap-cong-dong.html	HƯNG YÊN: Giúp đỡ người chấp hành xong án phạt tù tái hòa nhập cộng đồng
21235	52118	/lam-dong-cong-an-xa-da-huoai-nang-cao-hieu-qua-cam-hoa-giup-do-nguoi-chap-hanh-xong-an-phat-tu-tai-hoa-nhap-cong-dong.html	LÂM ĐỒNG: Công an xã Đạ Huoai nâng cao hiệu quả cảm hóa, giúp đỡ người chấp hành xong án phạt tù tái hòa nhập cộng đồng
21236	52121	/thanh-hoa-thap-sang-niem-tin-hoan-luong-tu-nhung-duong-kim-mui-chi.html	THANH HOÁ: Thắp sáng niềm tin hoàn lương từ những đường kim mũi chỉ
21237	52154	/ninh-binh-tiep-nhan-giup-do-nguoi-chap-hanh-xong-an-phat-tu-viet-tiep-uoc-mo-kien-tao-cuoc-song.html	NINH BÌNH: Tiếp nhận, giúp đỡ, người chấp hành xong án phạt tù viết tiếp ước mơ, kiến tạo cuộc sống
21240	52142	/lao-cai-au-lau-25-nguoi-chap-hanh-xong-an-phat-tu-duoc-tu-van-phap-luat.html	LÀO CAI: Âu Lâu - 25 người chấp hành xong án phạt tù được tư vấn pháp luật
21241	52145	/dong-nai-ra-mat-mo-hinh-quan-ly-tao-viec-lam-cho-nguoi-tai-hoa-nhap-cong-dong-tai-phuong-nhon-trach.html	ĐỒNG NAI: Ra mắt Mô hình “Quản lý, tạo việc làm cho người tái hòa nhập cộng đồng” tại phường Nhơn Trạch
21242	52148	/dak-lak-hieu-qua-tu-mo-hinh-2-gap-3-biet-giup-do-nguoi-chap-hanh-xong-an-phat-tu-tai-hoa-nhap-cong-dong-va-thi-hanh-an-hinh-su-tai-xa-tay-hoa.html	ĐẮK LẮK: Hiệu quả từ mô hình “2 gặp 3 biết” giúp đỡ người chấp hành xong án phạt tù tái hòa nhập cộng đồng và thi hành án hình sự tại xã Tây Hòa
21243	52151	/hung-yen-phat-huy-suc-manh-nhan-dan-trong-bao-dam-an-ninh-trat-tu-tai-co-so-ra-mat-mo-hinh-to-phong-chay-chua-chay-va-cuu-nan-cuu-ho-tinh-nguyen-chung-tay-giup-do-nguoi-chap-hanh-xong-an-phat-tu-tai-hoa.html	HƯNG YÊN: Phát huy sức mạnh nhân dân trong bảo đảm an ninh, trật tự tại cơ sở, ra mắt mô hình “Tổ phòng cháy, chữa cháy và cứu nạn cứu hộ tình nguyện”; “Chung tay giúp đỡ người được đặc xá, người chấp hành xong án phạt tù trở về địa phương tái hòa nhập cộng đồng”
21244	52157	/tay-ninh-cong-an-xa-ninh-dien-ra-mat-mo-hinh-dong-hanh-cung-nguoi-hoan-luong-gop-phan-giu-vung-an-ninh-trat-tu-tai-dia-phuong.html	TÂY NINH: Công an xã Ninh Điền ra mắt mô hình “Đồng hành cùng người hoàn lương” góp phần giữ vững an ninh, trật tự tại địa phương
21245	52160	/hung-yen-xa-bac-thuy-anh-ra-mat-mo-hinh-thap-sang-niem-tin-giup-do-nguoi-chap-hanh-xong-an-phat-tu-tai-hoa-nhap-cong-dong.html	HƯNG YÊN: Xã Bắc Thụy Anh ra mắt mô hình “Thắp sáng niềm tin - giúp đỡ người chấp hành xong án phạt tù tái hòa nhập cộng đồng”
21246	52163	/hung-yen-cong-an-xa-ngu-thien-tham-muu-ubnd-xa-ra-mat-02-mo-hinh-tu-quan-dam-bao-antt-tai-co-so.html	HƯNG YÊN: Công an xã Ngự Thiên tham mưu UBND xã ra mắt 02 mô hình tự quản đảm bảo ANTT tại cơ sở
21247	52166	/hung-yen-cong-an-xa-luong-bang-tham-muu-ra-mat-mo-hinh-4-ho-tro-nguoi-chap-hanh-xong-an-phat-tu-tai-hoa-nhap-cong-dong.html	HƯNG YÊN: Công an xã Lương Bằng tham mưu ra mắt mô hình “4+” hỗ trợ người chấp hành xong án phạt tù tái hòa nhập cộng đồng
21248	52169	/hung-yen-cong-an-xa-nam-thai-ninh-tham-muu-uy-ban-nhan-dan-xa-to-chuc-hoi-nghi-ra-mat-02-mo-hinh-bao-dam-an-ninh-trat-tu.html	HƯNG YÊN: Công an xã Nam Thái Ninh tham mưu Ủy ban nhân dân xã tổ chức Hội nghị ra mắt 02 mô hình bảo đảm an ninh, trật tự
21249	52172	/hung-yen-cong-an-xa-binh-nguyen-tham-muu-ra-mat-mo-hinh-hanh-trinh-moi-huong-toi-tuong-lai-giup-do-nguoi-chap-hanh-xong-an-phat-tu-tai-hoa-nhap-cong-dong.html	HƯNG YÊN: Công an xã Bình Nguyên tham mưu ra mắt mô hình “Hành trình mới, hướng tới tương lai” giúp đỡ người chấp hành xong án phạt tù, tái hòa nhập cộng đồng
21250	52175	/ha-tinh-them-mot-co-hoi-duoc-trao-di-them-mot-cuoc-doi-duoc-tiep-suc.html	HÀ TĨNH: Thêm một cơ hội được trao đi, thêm một cuộc đời được tiếp sức
21251	52178	/khai-mac-lop-tap-huan-nghiep-vu-cong-tac-thahs-tai-cong-dong-va-thncd-nam-2026.html	BỘ CÔNG AN: Khai mạc lớp tập huấn nghiệp vụ công tác THAHS tại cộng đồng và THNCĐ năm 2026
21252	52181	/nhung-diem-moi-noi-bat-cua-luat-thi-hanh-an-hinh-su-nam-2025-bai-tuyen-truyen-ve-luat-thahs-cua-cong-an-tinh-bac-ninh-phong-pc10.html	BẮC NINH: Những điểm mới, nổi bật của  Luật Thi hành án hình sự năm 2025 (Bài tuyên truyền về Luật THAHS của Công an tỉnh Bắc Ninh, Phòng PC10)
21253	52184	/bac-niinh-bat-giu-doi-tuong-sau-17-nam-tron-truy-na.html	BẮC NIINH: Bắt giữ đối tượng sau 17 năm trốn truy nã
21254	52187	/ket-qua-tiep-nhan-quan-ly-giao-duc-giup-do-nguoi-duoc-dac-xa-nam-2026-tro-ve-dia-phuong-tren-dia-ban-tinh-bac-ninh.html	BẮC NINH: Kết quả tiếp nhận, quản lý, giáo dục, giúp đỡ người được đặc xá năm 2026 trở về địa phương trên địa bàn tỉnh Bắc Ninh
21258	52208	/hung-yen-anh-tran-kim-phuong-vuot-len-nghich-canh-dung-day-tu-qua-khu-lam-loi.html	HƯNG YÊN: Anh Trần Kim Phượng - Vượt lên nghịch cảnh, đứng dậy từ quá khứ lầm lỗi
21259	52199	/hung-yen-cong-an-phuong-tran-lam-tham-muu-to-chuc-le-ra-mat-mo-hinh-ban-mai-xanh-ho-tro-nguoi-chap-hanh-xong-an-phat-tu-tai-hoa-nhap-cong-dong.html	HƯNG YÊN: Công an phường Trần Lãm tham mưu tổ chức Lễ ra mắt Mô hình “Ban Mai Xanh” hỗ trợ người chấp hành xong án phạt tù tái hòa nhập cộng đồng.
21260	52202	/quang-ngai-cong-an-phuong-tra-cau-tuyen-truyen-phap-luat-phong-chong-ma-tuy-va-ky-cam-ket-voi-nguoi-tai-hoa-nhap-cong-dong.html	QUẢNG NGÃI: Công an phường Trà Câu tuyên truyền pháp luật, phòng chống ma túy và ký cam kết với người tái hòa nhập cộng đồng
21261	52205	/dak-lak-cong-an-xa-krong-pak-giup-do-nguoi-lam-lo-lam-lai-cuoc-doi.html	ĐẮK LẮK: Công an xã Krông Pắk giúp đỡ người lầm lỡ làm lại cuộc đời
21262	52211	/hung-yen-cong-an-xa-binh-nguyen-tuyen-truyen-phap-luat-ve-tai-hoa-nhap-cong-dong-va-thi-hanh-an-hinh-su-tai-cong-dong.html	HƯNG YÊN: Công an xã Bình Nguyên tuyên truyền pháp luật về tái hòa nhập cộng đồng và thi hành án hình sự tại cộng đồng
21263	52214	/hung-yen-phan-trai-tam-giam-tien-hai-trai-tam-giam-so-2-chuan-bi-cac-dieu-kien-tai-hoa-nhap-cong-dong-cho-pham-nhan-sap-chap-hanh-xong-an-phat-tu.html	HƯNG YÊN: Phân Trại tạm giam Tiền Hải – Trại tạm giam số 2 chuẩn bị các điều kiện tái hòa nhập cộng đồng cho phạm nhân sắp chấp hành xong án phạt tù
21264	52217	/hung-yen-phong-canh-sat-thi-hanh-an-hinh-su-va-ho-tro-tu-phap-tang-cuong-kiem-tra-cong-tac-thi-hanh-an-hinh-su-va-tai-hoa-nhap-cong-dong-nam-2026.html	HƯNG YÊN: Phòng Cảnh sát thi hành án hình sự và hỗ trợ tư pháp tăng cường kiểm tra công tác thi hành án hình sự và tái hòa nhập cộng đồng năm 2026
21265	52220	/hung-yen-xa-nhu-quynh-to-chuc-ra-mat-mo-hinh-quan-ly-giao-duc-giup-do-nguoi-chap-hanh-xong-an-phat-tu-nguoi-dac-xa-ve-dia-phuong-tai-hoa-nhap-cong-dong.html	HƯNG YÊN: Xã Như Quỳnh tổ chức ra mắt Mô hình “Quản lý, giáo dục, giúp đỡ người chấp hành xong án phạt tù, người đặc xá về địa phương tái hòa nhập cộng đồng”
21266	52223	/hung-yen-xa-tay-thai-ninh-ra-mat-mo-hinh-thap-sang-niem-tin.html	HƯNG YÊN: Xã Tây Thái Ninh ra mắt Mô hình “Thắp sáng niềm tin – Giúp đỡ người chấp hành xong án phạt tù tái hòa nhập cộng đồng”
21267	52226	/lam-dong-cong-an-xa-ta-dung-dong-hanh-ho-tro-nguoi-chap-hanh-xong-an-phat-tu-vay-von-tai-hoa-nhap-cong-dong.html	LÂM ĐỒNG: Công an xã Tà Đùng đồng hành, hỗ trợ người chấp hành xong án phạt tù vay vốn tái hòa nhập cộng đồng
21268	52229	/bo-cong-an-lan-toa-yeu-thuong-tiep-them-niem-tin-cho-pham-nhan-tai-hoa-nhap-cong-dong.html	BỘ CÔNG AN: Lan tỏa yêu thương, tiếp thêm niềm tin cho phạm nhân tái hòa nhập cộng đồng
21269	52232	/cao-bang-cong-an-xa-minh-khai-trao-50-con-ga-giong-ho-tro-nguoi-chap-hanh-xong-an-phat-tu-tai-hoa-nhap-cong-dong.html	CAO BẰNG: Công an xã Minh Khai trao 50 con gà giống hỗ trợ người chấp hành xong án phạt tù tái hòa nhập cộng đồng
21270	52235	/cao-bang-phuong-nung-tri-cao-ra-mat-mo-hinh-nguoi-dong-hanh-ho-tro-tai-hoa-nhap-cong-dong.html	CAO BẰNG: Phường Nùng Trí Cao ra mắt Mô hình “Người đồng hành” hỗ trợ tái hòa nhập cộng đồng
21271	52238	/lang-son-cong-an-xa-chien-thang-tang-cuong-quan-ly-nguoi-chap-hanh-an-tai-cong-dong.html	LẠNG SƠN: Công an xã Chiến Thắng tăng cường quản lý người chấp hành án tại cộng đồng
21272	52241	/khanh-hoa-co-quan-thi-hanh-an-hinh-su-cong-an-tinh-khanh-hoa-to-chuc-tuyen-truyen-phap-luat-ho-tro-tai-hoa-nhap-cong-dong-va-tu-van-viec-lam-cho-nguoi-chap-hanh-xong-an-phat-tu-tai-hoa-nhap-cong-dong.html	KHÁNH HOÀ: Cơ quan thi hành án hình sự Công an tỉnh Khánh Hòa tổ chức tuyên truyền pháp luật, hỗ trợ tái hòa nhập cộng đồng và tư vấn việc làm cho người chấp hành xong án phạt tù tái hoà nhập cộng đồng
21273	52244	/khanh-hoa-tram-hy-vong-diem-tua-tai-hoa-nhap-cong-dong-tai-xa-anh-dung.html	KHÁNH HOÀ: "Trạm hy vọng" - Điểm tựa tái hoà nhập cộng đồng tại xã Anh Dũng
21274	52247	/dong-hanh-giup-do-nguoi-tung-lam-lo.html	ĐẮK LẮK: Đồng hành giúp đỡ người từng lầm lỡ
21275	52250	/quang-ninh-nang-cao-hieu-qua-ho-tro-tai-hoa-nhap-cong-dong.html	QUẢNG NINH: Nâng cao hiệu quả hỗ trợ tái hòa nhập cộng đồng
21277	52283	/ninh-binh-cong-an-xa-quy-nhat-chung-tay-giup-nguoi-chap-hanh-xong-an-phat-tu-viet-tiep-uoc-mo-kien-tao-cuoc-song.html	NINH BÌNH: Công an xã Quỹ Nhất chung tay giúp người chấp hành xong án phạt tù viết tiếp ước mơ, kiến tạo cuộc sống
21278	52256	/bac-ninh-cong-an-xa-phat-tich-tuyen-truyen-pho-bien-giao-duc-phap-luat-cho-nguoi-chap-hanh-an-phat-tu-tai-hoa-nhap-cong-dong.html	BẮC NINH: Công an xã Phật Tích tuyên truyền phổ biến giáo dục pháp luật cho người chấp hành xong án phạt tù tái hoà nhập cộng đồng
21279	52259	/cong-an-xa-bao-dai-to-chuc-hoi-nghi-tuyen-truyen-pho-bien-phap-luat-ve-thi-hanh-an-hinh-su-tai-cong-dong-va-tai-hoa-nhap-cong-dong.html	BẮC NINH: Công an xã Bảo Đài tổ chức Hội nghị tuyên truyền, phổ biến pháp luật về thi hành án hình sự tại cộng đồng và tái hòa nhập cộng đồng
21280	52262	/bac-ninh-phuong-da-mai-ra-mat-mo-hinh-phu-nu-phuong-da-mai-tham-gia-giup-do-nguoi-tai-hoa-nhap-cong-dong-va-to-chuc-tuyen-truyen-ve-cong-tac-tai-hoa-nhap-cong-dong-cho-hoi-vien-hoi-phu-nu.html	BẮC NINH: Phường Đa Mai ra mắt Mô hình “Phụ nữ phường Đa Mai tham gia giúp đỡ người tái hòa nhập cộng đồng” và tổ chức tuyên truyền về công tác tái hòa nhập cộng đồng cho hội viên Hội phụ nữ
21281	52265	/cao-bang-chuong-trinh-an-sinh-xa-hoi-tuyen-truyen-phap-luat-ve-tai-hoa-nhap-cong-dong.html	CAO BẰNG: Chương trình an sinh xã hội, tuyên truyền pháp luật về tái hòa nhập cộng đồng
21282	52268	/da-nang-mo-hinh-dan-van-kheo-giao-duc-cam-hoa-giup-do-tai-hoa-nhap-cong-dong.html	ĐÀ NẴNG: Mô hình dân vận khéo “Giáo dục, cảm hóa, giúp đỡ tái hòa nhập cộng đồng”
21283	52271	/lam-dong-cong-an-xa-dam-rong-3-ho-tro-xoa-an-tich-giup-nguoi-dan-tai-hoa-nhap-cong-dong.html	LÂM ĐỒNG: Công an xã Đam Rông 3 hỗ trợ xóa án tích, giúp người dân tái hòa nhập cộng đồng
21284	52274	/quang-ngai-chap-canh-nhung-manh-doi-hoan-luong.html	QUẢNG NGÃI: Chắp cánh những mảnh đời hoàn lương
21285	52277	/da-nang-tuyen-truyen-phong-chong-tac-hai-cua-ma-tuy.html	ĐÀ NẴNG: Tuyên truyền phòng, chống tác hại của ma túy
21286	52280	/da-nang-dong-luc-tu-yeu-thuong-vung-buoc-tai-hoa-nhap-cong-dong.html	ĐÀ NẴNG: Động lực từ yêu thương, vững bước tái hoà nhập cộng đồng
21287	52286	/da-nang-tiep-nhan-500-dau-sach-100-tap-chi-cho-tu-sach-huong-thien.html	ĐÀ NẴNG: Tiếp nhận 500 đầu sách, 100 tạp chí cho "Tủ sách Hướng thiện"
21288	52292	/lam-dong-cong-an-tinh-lam-dong-mo-lop-tap-huan-cho-luc-luong-cong-an-xa-phuong-dac-khu.html	LÂM ĐỒNG: Công an tỉnh Lâm Đồng mở lớp tập huấn cho lực lượng  Công an xã, phường, đặc khu
21289	52295	/phu-tho-pho-bien-phap-luat-ve-cong-tac-thi-hanh-an-hinh-su-va-tai-hoa-nhap-cong-dong-nam-2026.html	PHÚ THỌ: Phổ biến pháp luật về công tác thi hành án hình sự và tái hòa nhập cộng đồng năm 2026
21291	52298	/an-giang-cong-an-xa-vinh-hau-chung-tay-xay-dung-nha-o-cho-nguoi-chap-hanh-xong-an-phat-tu-ve-dia-phuong-tai-hoa-nhap-cong-dong.html	AN GIANG: Công an xã Vĩnh Hậu chung tay xây dựng nhà ở cho người chấp hành xong án phạt tù về địa phương tái hoà nhập cộng đồng
21292	52301	/ninh-binh-cong-an-xa-kim-son-no-luc-dong-hanh-giup-nguoi-chap-hanh-xong-an-phat-tu-tai-hoa-nhap-cong-dong-on-dinh-cuoc-song.html	NINH BÌNH: Công an xã Kim Sơn nỗ lực đồng hành, giúp người chấp hành xong án phạt tù tái hòa nhập cộng đồng, ổn định cuộc sống
21293	52304	/hung-yen-cong-an-xa-a-sao-chung-tay-giup-nguoi-chap-hanh-xong-an-phat-tu-viet-tiep-uoc-mo-kien-tao-cuoc-song.html	HƯNG YÊN: Công an xã A Sào chung tay giúp người chấp hành xong án phạt tù viết tiếp ước mơ, kiến tạo cuộc sống
21294	52307	/hung-yen-cong-an-xa-nam-tien-hai-tham-muu-ra-mat-04-mo-hinh-tu-quan-ve-bao-dam-an-ninh-trat-tu.html	HƯNG YÊN: Công an xã Nam Tiền Hải tham mưu ra mắt 04 mô hình tự quản về bảo đảm an ninh, trật tự
21295	52310	/dong-thap-ra-mat-cac-mo-hinh-tai-hoa-nhap-cong-dong.html	ĐỒNG THÁP: Ra mắt các mô hình tái hoà nhập cộng đồng
21296	52313	/trai-tam-giam-so-2-cong-an-thanh-pho-da-nang.html	ĐÀ NẴNG: Trại tạm giam số 2 Công an thành phố Đà Nẵng
21297	52316	/ca-mau-an-ninh-trat-tu-cong-an-xa-tan-hung-tich-cuc-ho-tro-nguoi-duoc-dac-xa-tai-hoa-nhap-cong-dong.html	CÀ MAU: An ninh - trật tự Công an xã Tân Hưng tích cực hỗ trợ người được đặc xá tái hòa nhập cộng đồng
21298	52319	/phu-tho-cong-an-xa-tam-nong-day-manh-cong-tac-phoi-hop-ho-tro-nguoi-chap-hanh-xong-an-phat-tu-vay-von-phat-trien-kinh-te.html	PHÚ THỌ: Công an xã Tam Nông đẩy mạnh công tác phối hợp hỗ trợ người chấp hành xong án phạt tù vay vốn phát triển kinh tế
21299	52322	/lam-dong-cong-an-xa-bao-lam-5-nang-cao-hieu-qua-cong-tac-quan-ly-giao-duc-giup-do-nguoi-chap-hanh-xong-an-phat-tu-tai-hoa-nhap-cong-dong.html	LÂM ĐỒNG: Công an xã Bảo Lâm 5 nâng cao hiệu quả công tác quản lý, giáo dục, giúp đỡ người chấp hành xong án phạt tù tái hòa nhập cộng đồng
21300	52325	/gia-lai-cong-an-phuong-dien-hong-day-manh-tuyen-truyen-phap-luat-ho-tro-nguoi-tai-hoa-nhap-cong-dong.html	GIA LAI: Công an phường Diên Hồng đẩy mạnh tuyên truyền pháp luật, hỗ trợ người tái hòa nhập cộng đồng
21301	52328	/lao-cai-hoi-nghi-tuyen-truyen-pho-bien-giao-duc-phap-luat-cho-nguoi-chap-hanh-xong-an-phat-tu-tren-dia-ban-cac-xa-phong-tho-xa-pa-tan-xa-khong-lao-tinh-lai-chau.html	LÀO CAI: Hội nghị tuyên truyền phổ biến, giáo dục pháp luật cho người chấp hành xong án phạt tù trên địa bàn các xã Phong Thổ, xã Pa Tần, xã Khổng Lào, tỉnh Lai Châu
21302	52331	/dong-nai-pho-giam-doc-nguyen-huy-hai-lam-viec-voi-co-so-ve-cong-tac-tai-hoa-nhap-cong-dong.html	ĐỒNG NAI: Phó Giám đốc Nguyễn Huy Hải làm việc với cơ sở về công tác tái hoà nhập cộng đồng
21303	52334	/da-nang-cong-an-xa-hoa-vang-tham-muu-nhieu-giai-phap-ho-tro-nguoi-tai-hoa-nhap-cong-dong.html	ĐÀ NẴNG: Công an xã Hòa Vang tham mưu nhiều giải pháp hỗ trợ người tái hòa nhập cộng đồng
21304	52337	/ca-mau-tap-huan-nghiep-vu-san-sang-thuc-thi-luat-thi-hanh-an-hinh-su.html	CÀ MAU: Tập huấn nghiệp vụ, sẵn sàng thực thi Luật Thi hành án hình sự
21305	52340	/dong-thap-xa-luong-hoa-lac-ra-mat-mo-hinh-cau-lac-bo-nguoi-cung-tien.html	ĐỒNG THÁP: Xã Lương Hòa Lạc Ra mắt mô hình Câu lạc bộ "Người cùng tiến"
21306	52343	/lam-dong-cong-an-xa-hiep-thanh-to-chuc-hoi-nghi-tuyen-truyen-pho-bien-giao-duc-phap-luat-ve-thi-hanh-an-hinh-su-va-tai-hoa-nhap-cong-dong.html	LÂM ĐỒNG: Công an xã Hiệp Thạnh tổ chức Hội nghị tuyên truyền, phổ biến, giáo dục pháp luật về thi hành án hình sự và tái hòa nhập cộng đồng
21307	52346	/hung-yen-cong-an-tinh-kiem-tra-chuyen-de-cong-tac-thi-hanh-an-hinh-su-tai-cong-dong-va-tai-hoa-nhap-cong-dong-tai-cong-an-xa-nhu-quynh.html	HƯNG YÊN: Công an tỉnh kiểm tra chuyên đề công tác thi hành án hình sự tại cộng đồng và tái hòa nhập cộng đồng tại Công an xã Như Quỳnh
21308	52349	/dong-nai-cong-an-xa-xuan-que-tuyen-truyen-giao-duc-phap-luat-cho-nguoi-tai-hoa-nhap-cong-dong-va-thi-hanh-an-hinh-su-tai-cong-dong.html	ĐỒNG NAI: Công an xã Xuân Quế tuyên truyền, giáo dục pháp luật cho người tái hòa nhập cộng đồng và thi hành án hình sự tại cộng đồng
21309	52352	/da-nang-trien-khai-chinh-sach-tin-dung-doi-voi-nguoi-chap-hanh-xong-an-phat-tu-tren-dia-ban-que-son.html	ĐÀ NẴNG: Triển khai chính sách tín dụng đối với người chấp hành xong án phạt tù trên địa bàn Quế Sơn
21310	52355	/quang-ngai-cong-an-tinh-quang-ngai-trien-khai-luat-thi-hanh-an-hinh-su-va-tap-huan-nghiep-vu-cho-cong-an-cap-xa.html	QUẢNG NGÃI: Công an tỉnh Quảng Ngãi triển khai Luật Thi hành án hình sự và tập huấn nghiệp vụ cho Công an cấp xã
21311	52358	/gia-lai-ubnd-xa-an-nhon-tay-to-chuc-so-ket-06-thang-dau-nam-2026-mo-hinh-quan-ly-giao-duc-giup-do-nguoi-chap-hanh-xong-an-phat-tu-tai-hoa-nhap-cong-dong.html	GIA LAI: UBND xã An Nhơn Tây tổ chức sơ kết 06 tháng đầu năm 2026 mô hình “Quản lý, giáo dục giúp đỡ người chấp hành xong án phạt tù tái hòa nhập cộng đồng”
21312	52361	/ninh-binh-cong-an-xa-thanh-son-chung-tay-ho-tro-nguoi-co-qua-khu-lam-loi-tai-hoa-nhap-cong-dong.html	NINH BÌNH: Công an xã Thanh Sơn chung tay hỗ trợ người có quá khứ lầm lỗi tái hòa nhập cộng đồng
21313	52364	/khanh-hoa-xa-thuan-bac-ra-mat-mo-hinh-tram-hy-vong.html	KHÁNH HOÀ: Xã Thuận Bắc ra mắt mô hình “Trạm hy vọng”
21315	52367	/hung-yen-xa-duc-hop-ra-mat-mo-hinh-4-ve-quan-ly-giao-duc-giup-do-so-nguoi-chap-hanh-xong-an-phat-tu-so-nguoi-dac-xa-ve-dia-phuong-tai-hoa-nhap-cong-dong.html	HƯNG YÊN: Xã Đức Hợp ra mắt mô hình "4 + về quản lý, giáo dục, giúp đỡ số người chấp hành xong án phạt tù, số người đặc xá về địa phương tái hòa nhập cộng đồng"
21316	52370	/tang-cuong-ho-tro-nguoi-chap-hanh-xong-hinh-phat-tu-tai-hoa-nhap-cong-dong.html	Tăng cường hỗ trợ người chấp hành xong hình phạt tù tái hòa nhập cộng đồng
21317	52373	/quy-dinh-moi-ve-bao-dam-tai-hoa-nhap-cong-dong-doi-voi-nguoi-chap-hanh-xong-an-phat-tu.html	Quy định mới về bảo đảm tái hoà nhập cộng đồng đối với người chấp hành xong án phạt tù
21318	52376	/lam-dong-phuong-binh-thuan-ra-mat-mo-hinh-cam-hoa-giao-duc-giup-do-nguoi-chap-hanh-xong-an-phat-tu-tai-hoa-nhap-cong-dong.html	LÂM ĐỒNG: Phường Bình Thuận ra mắt mô hình “Cảm hóa, giáo dục, giúp đỡ người chấp hành xong án phạt tù tái hòa nhập cộng đồng”
21319	52379	/hai-phong-cong-an-phuong-an-duong-ho-tro-04-ho-gia-dinh-co-nguoi-chap-hanh-xong-an-phat-tu-duoc-vay-von.html	HẢI PHÒNG: Công an phường An Dương hỗ trợ 04 hộ gia đình có người chấp hành xong án phạt tù được vay vốn
21320	52382	/can-tho-xa-hoa-tu-chung-tay-ho-tro-giup-do-nguoi-tai-hoa-nhap-cong-dong-va-quan-ly-sau-cai-nghien-ma-tuy-on-dinh-cuoc-song.html	CẦN THƠ: Xã Hòa Tú chung tay hỗ trợ, giúp đỡ người tái hoà nhập cộng đồng và quản lý sau cai nghiện ma túy ổn định cuộc sống
21321	52385	/cac-bien-phap-bao-dam-tai-hoa-nhap-cong-dong-doi-voi-nguoi-chap-hanh-xong-hinh-phat-tu.html	Các biện pháp bảo đảm tái hòa nhập cộng đồng đối với người chấp hành xong hình phạt tù
21322	52388	/quang-ngai-trao-tang-sim-nghia-tinh-canh-sat-khu-vuc-xa-khanh-cuong-dong-hanh-cung-nguoi-chap-hanh-xong-an-phat-tu-tai-hoa-nhap-cong-dong.html	QUẢNG NGÃI: Trao tặng "SIM nghĩa tình", Cảnh sát khu vực xã Khánh Cường đồng hành cùng người chấp hành xong án phạt tù tái hòa nhập cộng đồng
21323	52391	/gia-lai-lan-toa-nhung-co-hoi-lam-lai-cuoc-doi-tu-mo-hinh-tai-hoa-nhap-cong-dong-o-xa-dak-po.html	GIA LAI: Lan tỏa những cơ hội làm lại cuộc đời từ mô hình tái hòa nhập cộng đồng ở xã Đak Pơ
21324	52394	/thai-nguyen-cong-an-tinh-thai-nguyen-to-chuc-hoi-nghi-pho-bien-quan-triet-va-trien-khai-luat-thi-hanh-an-tam-giu-tam-giam-va-cam-di-khoi-noi-cu-tru-nam-2025.html	THÁI NGUYÊN: Công an tỉnh Thái Nguyên tổ chức Hội nghị phổ biến, quán triệt và triển khai Luật Thi hành án tạm giữ, tạm giam và cấm đi khỏi nơi cư trú năm 2025
21325	52397	/ninh-binh-https-wwwfacebookcom-watch-v1289679756569910.html	NINH BÌNH: https://www.facebook.com/watch/?v=1289679756569910
21326	52400	https://www.facebook.com/watch/?v=2512121069217983	NINH BÌNH:https://www.facebook.com/watch/?v=2512121069217983
21327	52403	/da-nang-ra-mat-mo-hinh-giao-duc-cam-hoa-giup-do-tai-hoa-nhap-cong-dong-tai-phuong-hoa-cuong.html	ĐÀ NẴNG: Ra mắt mô hình “Giáo dục, cảm hóa, giúp đỡ tái hòa nhập cộng đồng” tại phường Hòa Cường
21328	52406	/dong-nai-cong-an-xa-loc-tan-phoi-hop-ho-tro-giai-ngan-von-tin-dung-chinh-sach-cho-nguoi-chap-hanh-xong-an-phat-tu-tai-hoa-nhap-cong-dong.html	ĐỒNG NAI: Công an xã Lộc Tấn phối hợp hỗ trợ giải ngân vốn tín dụng chính sách cho người chấp hành xong án phạt tù tái hòa nhập cộng đồng
21329	52409	/hai-phong-mo-loi-hoan-luong-dung-xay-tuong-lai.html	HẢI PHÒNG: Mở lối hoàn lương, dựng xây tương lai
21330	52412	/dong-nai-ra-mat-mo-hinh-vong-tay-nhan-ai-ho-tro-nguoi-chap-hanh-xong-an-phat-tu-tai-hoa-nhap-cong-dong.html	ĐỒNG NAI: Ra mắt mô hình “Vòng tay nhân ái” hỗ trợ người chấp hành xong án phạt tù tái hòa nhập cộng đồng
21331	52415	/khanh-hoa-phuong-phan-rang-ra-mat-mo-hinh-tram-hy-vong.html	KHÁNH HOÀ: Phường Phan Rang ra mắt mô hình “Trạm hy vọng”
21332	52418	/dong-nai-phong-canh-sat-thi-hanh-an-hinh-su-va-ho-tro-tu-phap-tuyen-truyen-phap-luat-tai-phu-rieng.html	ĐỒNG NAI: Phòng Cảnh sát Thi hành án hình sự và hỗ trợ tư pháp tuyên truyền pháp luật tại Phú Riềng
21333	52421	/dong-nai-phong-canh-sat-thi-hanh-an-hinh-su-va-ho-tro-tu-phap-tang-qua-tet-cho-nguoi-tai-hoa-nhap-cong-dong.html	ĐỒNG NAI: Phòng Cảnh sát Thi hành án hình sự và hỗ trợ tư pháp tặng quà Tết cho người tái hoà nhập cộng đồng
21334	52424	/dong-nai-hieu-qua-tu-chinh-sach-ho-tro-von-vay-giup-nguoi-hoan-luong-phat-trien-kinh-te.html	ĐỒNG NAI: Hiệu quả từ chính sách hỗ trợ vốn vay giúp người hoàn lương phát triển kinh tế
21335	52427	/dong-nai-117-pham-nhan-trai-tam-giam-so-1-duoc-trao-quyet-dinh-dac-xa-cua-chu-tich-nuoc.html	ĐỒNG NAI: 117 phạm nhân Trại tạm giam số 1 được trao Quyết định đặc xá của Chủ tịch nước
21336	52430	/quang-ninh-tu-su-dong-hanh-cua-cong-an-co-so-den-hanh-trinh-lam-lai-cuoc-doi-cua-nguoi-tung-lam-lo.html	QUẢNG NINH: Từ sự đồng hành của Công an cơ sở đến hành trình làm lại cuộc đời của người từng lầm lỡ
21337	52433	/quang-ninh-cong-an-dac-khu-van-don-thuc-hien-hieu-qua-quyet-dinh-so-22-2023-qd-ttg-cua-thu-tuong-chinh-phu-ve-tin-dung-doi-voi-nguoi-chap-hanh-xong-an-phat-tu.html	QUẢNG NINH: Công an đặc khu Vân Đồn thực hiện hiệu quả Quyết định số 22/2023/QĐ-TTg của Thủ tướng Chính phủ về tín dụng đối với người chấp hành xong án phạt tù
21338	52436	/quang-ninh-cong-an-phuong-mong-cai-3-tang-cuong-cong-tac-diem-danh-kiem-dien-cam-hoa-giao-duc-doi-voi-nguoi-thi-hanh-an-hinh-su-tai-cong-dong.html	QUẢNG NINH: Công an phường Móng Cái 3 tăng cường công tác điểm danh, kiểm diện, cảm hóa, giáo dục đối với người thi hành án hình sự tại cộng đồng
21339	52439	/quang-ninh-thap-sang-niem-tin-vung-buoc-huong-thien.html	QUẢNG NINH: Thắp sáng niềm tin – Vững bước hướng thiện
21340	52442	/cao-bang-cong-an-tinh-to-chuc-hoi-nghi-tu-van-dinh-huong-nghe-nghiep-gioi-thieu-viec-lam-ho-tro-vay-von-cho-nguoi-sap-chap-hanh-xong-an-phat-tu.html	CAO BẰNG: Công an tỉnh tổ chức Hội nghị tư vấn, định hướng nghề nghiệp, giới thiệu việc làm, hỗ trợ vay vốn cho người sắp chấp hành xong án phạt tù
21341	52445	/thai-nguyen-chi-doan-cong-an-xa-phu-luong-dong-hanh-ho-tro-nguoi-tai-hoa-nhap-cong-dong.html	THÁI NGUYÊN: Chi đoàn Công an xã Phú Lương đồng hành, hỗ trợ người tái hòa nhập cộng đồng
21342	52448	/thai-nguyen-to-chuc-chieu-phim-phuc-vu-cong-tac-giao-duc-cai-tao-pham-nhan.html	THÁI NGUYÊN: Tổ chức chiếu phim phục vụ công tác giáo dục, cải tạo phạm nhân
21343	52451	/thai-nguyen-cong-an-xa-dinh-hoa-tiep-nhan-cong-dan-duoc-dac-xa-tro-ve-dia-phuong.html	THÁI NGUYÊN: Công an xã Định Hóa tiếp nhận công dân được đặc xá trở về địa phương
21344	52454	/tuyen-quang-cong-an-xa-giap-trung-quyet-tam-xay-dung-xa-phuong-khong-ma-tuy-va-lam-tot-cong-tac-tai-hoa-nhap-cong-dong.html	TUYÊN QUANG: Công an xã Giáp Trung quyết tâm xây dựng “xã, phường không ma túy” và làm tốt công tác tái hoà nhập cộng đồng
21345	52469	/hung-yen-ra-mat-mo-hinh-huong-toi-tuong-lai-giup-do-nguoi-chap-hanh-xong-an-phat-tu-tai-hoa-nhap-cong-dong-tren-dia-ban-xa-le-quy-don-tinh-hung-yen.html	HƯNG YÊN: Ra mắt mô hình “Hướng tới tương lai giúp đỡ người chấp hành xong án phạt tù, tái hòa nhập cộng đồng” trên địa bàn xã Lê Quý Đôn, tỉnh Hưng Yên
21346	52457	/ninh-binh-cong-an-xa-hai-an-day-manh-cong-tac-ho-tro-nguoi-chap-hanh-xong-an-phat-tu-tiep-can-nguon-von-tin-dung-chinh-sach.html	NINH BÌNH: Công an xã Hải An đẩy mạnh công tác hỗ trợ người chấp hành xong án phạt tù tiếp cận nguồn vốn tín dụng chính sách
21348	52463	/da-nang-tiep-tuc-trao-co-hoi-thap-niem-tin-cho-nguoi-tai-hoa-nhap-cong-dong.html	ĐÀ NẴNG: Tiếp tục trao cơ hội, thắp niềm tin cho người tái hoà nhập cộng đồng
21349	52472	/dak-lak-cong-an-phuong-ea-kao-to-chuc-hoi-nghi-tuyen-truyen-phong-chong-ma-tuy-va-tai-hoa-nhap-cong-dong-nam-2026.html	Đắk Lắk: Công an phường Ea Kao tổ chức hội nghị tuyên truyền phòng, chống ma túy và tái hòa nhập cộng đồng năm 2026.
21351	52481	/nghe-an-hoi-nghi-pho-bien-tu-van-phap-luat-tro-giup-phap-ly-cho-nguoi-chap-hanh-xong-an-phat-tu.html	NGHỆ AN: Hội nghị phổ biến, tư vấn pháp luật, trợ giúp pháp lý cho người chấp hành xong án phạt tù
21352	52484	/nghe-an-ra-mat-mo-hinh-dan-van-kheo-ho-tro-tai-hoa-nhap-cong-dong.html	NGHỆ AN: Ra mắt mô hình dân vận khéo hỗ trợ tái hòa nhập cộng đồng
21353	52487	/nghe-an-cong-an-phuong-cua-lo-ra-mat-mo-hinh-ho-tro-nhom-cho-nguoi-tai-hoa-nhap-cong-dong.html	NGHỆ AN: Công an phường Cửa Lò ra mắt mô hình "Hỗ trợ nhóm cho người tái hòa nhập cộng đồng"
21354	52490	/quang-tri-ra-mat-mo-hinh-giao-duc-giup-do-nguoi-tai-hoa-nhap-cong-dong-tai-xa-trieu-binh.html	QUẢNG TRỊ: Ra mắt mô hình “Giáo dục, giúp đỡ người tái hòa nhập cộng đồng” tại xã Triệu Bình
21355	52493	/quang-tri-tu-van-phap-luat-mien-phi-cho-nguoi-tai-hoa-nhap-cong-dong-tai-dong-son.html	QUẢNG TRỊ: Tư vấn pháp luật miễn phí cho người tái hòa nhập cộng đồng tại Đồng Sơn
21356	52496	/quang-tri-quang-trach-tu-van-phap-luat-cho-nguoi-tai-hoa-nhap-cong-dong.html	QUẢNG TRỊ: Quảng Trạch tư vấn pháp luật cho người tái hòa nhập cộng đồng
21357	52499	/quang-tri-ra-mat-mo-hinh-05-dong-hanh-trong-cong-tac-tai-hoa-nhap-cong-dong.html	QUẢNG TRỊ: Ra mắt mô hình “05 đồng hành” trong công tác tái hòa nhập cộng đồng
21358	52502	/quang-tri-xa-a-doi-ra-mat-mo-hinh-05-dong-hanh-trong-cong-tac-tai-hoa-nhap-cong-dong.html	QUẢNG TRỊ: Xã A Dơi ra mắt mô hình “05 đồng hành” trong công tác tái hòa nhập cộng đồng
21359	52505	/thai-nguyen-trao-chia-khoa-cho-nguoi-tai-hoa-nhap-cong-dong-tu-nguon-von-chinh-sach.html	THÁI NGUYÊN: Trao " Chìa khoá" cho người tái hoà nhập cộng đồng từ nguồn vốn chính sách
21360	52508	/cong-an-xa-tan-binh-ho-tro-nguoi-tai-hoa-nhap-cong-dong-tiep-can-nguon-von-phat-trien-kinh-te.html	CẦN THƠ: Công an xã Tân Bình hỗ trợ người tái hòa nhập cộng đồng tiếp cận nguồn vốn phát triển kinh tế
21361	52511	/bo-cong-an-nang-cao-chat-luong-hieu-qua-cong-tac-thi-hanh-tam-giu-tam-giam-va-thi-hanh-an-hinh-su.html	BỘ CÔNG AN: Nâng cao chất lượng, hiệu quả công tác thi hành tạm giữ, tạm giam và thi hành án hình sự
21362	52514	/hue-mo-ra-co-hoi-moi-cho-pham-nhan-sap-chap-hanh-xong-hinh-phat-tu.html	HUẾ: Mở ra cơ hội mới cho phạm nhân sắp chấp hành xong hình phạt tù
21363	52517	/quang-ngai-dong-son-to-chuc-hoi-nghi-tiep-xuc-doi-thoai-voi-nguoi-chap-hanh-xong-an-phat-tu.html	QUẢNG NGÃI: Đông Sơn tổ chức Hội nghị tiếp xúc, đối thoại với người chấp hành xong án phạt tù
21364	52523	/dong-hanh-cung-nguoi-chap-hanh-xong-an-phat-tu-tren-hanh-trinh-tai-hoa-nhap-cong-dong.html	QUẢNG TRỊ: Đồng hành cùng người chấp hành xong án phạt tù trên hành trình tái hòa nhập cộng đồng
21365	52526	/phu-tho-dong-hanh-ho-tro-nguoi-chap-hanh-xong-an-phat-tu-tai-hoa-nhap-cong-dong-tren-dia-ban-phuong-thanh-mieu.html	PHÚ THỌ: Đồng hành hỗ trợ người chấp hành xong án phạt tù tái hòa nhập cộng đồng trên địa bàn phường Thanh Miếu
21366	52529	/da-nang-vung-buoc-tien-len-diem-tua-cho-nguoi-hoan-luong.html	ĐÀ NẴNG: “Vững bước tiến lên” - điểm tựa cho người hoàn lương
21367	52538	/da-nang-vung-buoc-tien-len-mo-loi-hoan-luong-tu-nhung-se-chia.html	ĐÀ NẴNG: Vững bước tiến lên - mở lối hoàn lương từ những sẻ chia
21368	52535	https://www.youtube.com/watch?v=bdcWDGCsx1c	TÂY NINH: Mở Lối Hoàn Lương
21369	52532	https://www.facebook.com/reel/1721456348872708	QUẢNG TRỊ: Chung tay mở lối cho người hoàn lương
21370	52541	/bac-giang-tap-huan-luat-thi-hanh-tam-giu-tam-giam-va-cam-di-khoi-noi-cu-tru-nam-2025-luat-thi-hanh-an-hinh-su-nam-2025.html	BẮC NINH: Tập huấn Luật Thi hành tạm giữ, tạm giam và cấm đi khỏi nơi cư trú năm 2025, Luật Thi hành án hình sự năm 2025
21371	52544	https://www.facebook.com/watch/?v=1213963807039214	BẮC NINH: Tập huấn công tác thi hành án hình sự và tái hòa nhập cộng đồng
21372	52547	/khanh-hoa-cong-an-xa-ninh-son-phoi-hop-to-chuc-tuyen-truyen-pho-bien-giao-duc-phap-luat-cho-nguoi-chap-hanh-xong-an-phat-tu-nam-2026.html	KHÁNH HOÀ: Công an xã Ninh Sơn phối hợp tổ chức tuyên truyền phổ biến, giáo dục pháp luật cho người chấp hành xong án phạt tù năm 2026
21373	52550	/khanh-hoa-phuoc-dinh-ra-mat-mo-hinh-tram-hy-vong-chung-tay-ho-tro-nguoi-sau-cai-nghien-nguoi-chap-hanh-xong-an-phat-tu-tai-hoa-nhap-cong-dong.html	KHÁNH HOÀ: Phước Dinh ra mắt Mô hình “Trạm Hy Vọng” – Chung tay hỗ trợ người sau cai nghiện, người chấp hành xong án phạt tù tái hòa nhập cộng đồng
21374	52553	/dong-nai-cong-an-xa-xuan-duong-tich-cuc-ket-noi-doanh-nghiep-ho-tro-viec-lam-cho-nguoi-tai-hoa-nhap-cong-dong.html	ĐỒNG NAI: Công an xã Xuân Đường tích cực kết nối doanh nghiệp hỗ trợ việc làm cho người tái hòa nhập cộng đồng
21375	52556	/thai-nguyen-nga-re-hoan-luong-cua-nguoi-dan-ong-dat-thep.html	THÁI NGUYÊN: Ngã rẽ hoàn lương của người đàn ông đất thép
21377	52562	https://web.facebook.com/watch/?v=2386968498749351	ĐẮK LẮK: Điểm tựa hoàn lương cơ hội cho những người lầm lỡ
21378	52565	https://web.facebook.com/watch/?v=4680864822192502	QUẢNG NGÃI: Điểm tựa cho người hoàn lương
21379	52568	https://web.facebook.com/watch/?v=3428156704020060	ĐÀ NẴNG: Hành trình trở lại ánh sáng
21380	52571	https://web.facebook.com/watch/?v=37808649178722268	CÀ MAU: Từ chính sách nhân văn đến với những mái ấm thoát nghèo
21381	52574	https://web.facebook.com/reel/1540404824424885	TUYÊN QUANG: Đồng hành với người hoàn lương tái hoà nhập cộng đồng
21382	52577	https://web.facebook.com/reel/1801961274511816	ĐỒNG NAI: Trao sinh kế cho người chấp hành xong án phạt tù
21383	52580	https://web.facebook.com/watch/?v=845819281518585	LẠNG SƠN: Điểm tựa hoàn lương
21384	52583	https://web.facebook.com/reel/1036802205673423	Nâng cao hiệu quả công tác tái hoà nhập cộng đồng cho người chấp hành xong án phạt tù
21385	52586	https://web.facebook.com/watch/?v=999900336271314	GIA LAI: Tiếp sức giúp người lầm lỗi có thêm điều kiện phát triển kinh tế, ổn định cuộc sống
21386	52589	https://www.facebook.com/watch/?v=1597863635340277	AN GIANG: Long Xuyên - Giải ngân 60 triệu đồng hỗ trợ 02 trường hợp người chấp hành xong án phạt tù
21387	52592	https://www.facebook.com/watch/?v=984451524508087	ĐẮK LẮK: 622 người chấp hành xong á.n ph.ạt t.ù được vay vốn
21388	52595	https://www.facebook.com/watch/?v=1575083666924320	TUYÊN QUANG: Làm lại cuộc đời từ nguồn vốn tín dụng chính sách xã hội
21389	52598	https://www.facebook.com/watch/?v=1662164301883522	GIA LAI: Công an xã Chư Sê giúp đỡ người chấp hành xong án phạt tù vay vốn phát triển kinh tế, làm lại cuộc đời
21390	52601	https://www.facebook.com/watch/?v=1001932209354096	Chuẩn bị hỗ trợ tái hòa nhập ngay từ khi thi hành án
21391	52604	https://www.facebook.com/watch/?v=762579076883304	ĐẮK LẮK: Đồng hành, giúp đỡ những người lầm lỡ
21392	52607	https://www.facebook.com/watch/?v=2456950641964502	ĐẮK LẮK: Xã Krông Pắc giúp người lầm lỡ làm lại cuộc đời
21393	52610	https://www.tiktok.com/@baothainguyen.official/video/7640349860218129684	THÁI NGUYÊN: Vốn vay ưu đãi tiếp sức người hoàn lương
21394	52613	https://nbtv.vn/video/hieu-qua-von-vay-doi-voi-nguoi-chap-hanh-xong-an-phat-tu	NINH BÌNH: Hiệu quả vốn vay đối với người chấp hành xong án phạt tù
21395	52616	https://www.facebook.com/watch/?v=2378595315998538	BẮC NINH: Công an phường tuyên truyền pháp luật, hỗ trợ vay vốn cho người chấp hành xong án phạt tù và người sau cai nghiện ma túy
21396	52619	https://www.facebook.com/watch/?v=1741411093552122	SƠN LA: Vân Hồ ký kết chương trình phối hợp triển khai chính sách tín dụng đối với người chấp hành xong án phạt tù và người sau cai nghiệm ma túy
21397	52622	https://www.facebook.com/watch/?v=1940615873242888	ĐỒNG NAI: Tuyên truyền chính sách tín dụng đối với người sau cai nghiện ma túy và người chấp hành xong án phạt tù
21398	52625	https://www.facebook.com/watch/?v=3760024520798628	PHÚ THỌ: Mở lối tương lai cho những người lầm lỡ
21399	52628	https://www.facebook.com/watch/?v=1986463281969314	KHÁNH HOÀ: Thuận Nam ra mắt mô hình “Trạm hy vọng” hỗ trợ người hoàn lương tái hoà nhập cộng đồng
21400	52631	https://www.facebook.com/watch/?v=1168599642141046	KHÁNH HOÀ: Ra mắt mô hình Trạm hy vọng tại thôn Hiếu Lễ, xã Phước Hậu
21401	52634	https://www.facebook.com/watch/?v=1057486276818378	TÂY NINH: Tạo điều kiện thuận lợi để người hoàn lương tiếp cận nguồn vốn ưu đãi
21402	52637	https://www.facebook.com/groups/condongbenluc/posts/3159052084284969/	TÂY NINH: Niềm hy vọng tái hòa nhập của những người được đặc xá
21403	52640	/lao-cai-dong-hanh-de-tai-hoa-nhap-tot-hon.html	LÀO CAI: Đồng hành để tái hòa nhập tốt hơn
21404	52643	/doan-cong-tac-lien-nganh-bo-cong-an-va-ngan-hang-chinh-sach-xa-hoi-viet-nam-kiem-tra-thuc-hien-tin-dung-doi-voi-nguoi-chap-hanh-xong-an-phat-tu-tai-phuong-thanh-thuy.html	HUẾ: Đoàn công tác liên ngành Bộ Công an và Ngân hàng Chính sách xã hội Việt Nam kiểm tra thực hiện tín dụng đối với người chấp hành xong án phạt tù tại phường Thanh Thủy
21405	52646	/phu-tho-mo-sinh-ke-cho-nguoi-chap-hanh-xong-an-phat-tu.html	PHÚ THỌ: Mở sinh kế cho người chấp hành xong án phạt tù
21406	52649	/phu-tho-mo-loi-cho-nguoi-lam-lo.html	PHÚ THỌ: Mở lối cho người lầm lỡ
21407	52652	/tuyen-quang-vua-duoc-dac-xa-27-pham-nhan-o-tuyen-quang-co-ngay-chung-chi-nong-nghiep.html	TUYÊN QUANG: Vừa được đặc xá, 27 phạm nhân ở Tuyên Quang có ngay chứng chỉ nông nghiệp
21408	52655	https://media.chinhphu.vn/video/bao-dam-tai-hoa-nhap-cong-dong-doi-voi-nguoi-chap-hanh-xong-hinh-phat-tu-26197.htm	THANH HOÁ: Bảo đảm tái hoà nhập cộng đồng đối với người chấp hành xong hình phạt tù
21409	52658	/dong-nai-phat-huy-hieu-qua-ngon-von-tin-dung-uu-dai-danh-cho-nguoi-chap-hanh-xong-an-phat-tu-tren-dia-ban-phuong-phuoc-long.html	ĐỒNG NAI: Phát huy hiệu quả ngồn vốn tín dụng ưu đãi dành cho người chấp hành xong án phạt tù trên địa bàn phường Phước Long
21410	52661	/hue-tu-van-dinh-huong-nghe-nghiep-cho-pham-nhan-sap-chap-hanh-xong-an-phat-tu.html	HUẾ: Tư vấn, định hướng nghề nghiệp cho phạm nhân sắp chấp hành xong án phạt tù
21411	52664	/tin-dung-chinh-sach-tiep-suc-hanh-trinh-hoan-luong.html	NINH BÌNH: Tín dụng chính sách tiếp sức hành trình hoàn lương
21412	52667	/gia-lai-ubnd-phuong-hoai-nhon-dong-to-chuc-hoi-nghi-gap-mat-nguoi-chap-hanh-xong-an-phat-tu-nguoi-co-lien-quan-den-viec-su-dung-ma-tuy-nam-2026.html	GIA LAI: UBND phường Hoài Nhơn Đông tổ chức Hội nghị gặp mặt người chấp hành xong án phạt tù, người có liên quan đến việc sử dụng ma tuý năm 2026
21413	52670	/son-la-ho-tro-tin-dung-doi-voi-nguoi-sau-cai-nghien-ma-tuy-va-nguoi-chap-hanh-xong-an-phat-tu.html	SƠN LA: Hỗ trợ tín dụng đối với người sau cai nghiện ma túy và người chấp hành xong án phạt tù
21414	52673	/dong-nai-cong-an-xa-binh-tan-tuyen-truyen-chinh-sach-vay-von-doi-voi-nguoi-chap-hanh-xong-an-phat-tu-nguoi-duoc-dac-xa-va-nguoi-sau-cai-nghien.html	ĐỒNG NAI: Công an xã Bình Tân tuyên truyền chính sách vay vốn đối với người chấp hành xong án phạt tù, người được đặc xá và người sau cai nghiện
21415	52676	/hung-yen-chuong-trinh-cho-vay-doi-voi-nguoi-chap-hanh-xong-an-phat-tu-dong-hanh-cung-hanh-trinh-tai-hoa-nhap-cong-dong.html	HƯNG YÊN: Chương trình cho vay đối với người chấp hành xong án phạt tù - Đồng hành cùng hành trình tái hòa nhập cộng đồng
21416	52679	/an-giang-giai-ngan-von-vay-ho-tro-02-truong-hop-hoan-luong-tai-hoa-nhap-cong-dong.html	AN GIANG: Giải ngân vốn vay hỗ trợ 02 trường hợp hoàn lương tái hòa nhập cộng đồng
21417	52682	/quang-ngai-thu-cam-on-cua-nguoi-chap-hanh-xong-an-phat-tu-tri-an-can-bo-quan-giao.html	QUẢNG NGÃI: Thư cảm ơn của người chấp hành xong án phạt tù tri ân cán bộ quản giáo
21418	52685	/cong-an-xa-thung-nai-trien-khai-hieu-qua-chinh-sach-tin-dung-cho-nguoi-chap-hanh-xong-an-phat-tu.html	PHÚ THỌ: Công an xã Thung Nai triển khai hiệu quả chính sách tín dụng cho người chấp hành xong án phạt tù
21419	52688	/ca-mau-cong-an-tinh-ca-mau-ky-ket-chuong-trinh-phoi-hop-ho-tro-nguoi-hoan-luong-tiep-can-von-tin-dung-chinh-sach.html	CÀ MAU: Công an tỉnh Cà Mau ký kết Chương trình phối hợp hỗ trợ người hoàn lương tiếp cận vốn tín dụng chính sách
21420	52691	https://vtv.vn/de-xuat-nang-muc-vay-cho-nguoi-chap-hanh-xong-an-phat-tu-len-200-trieu-dong-100260608060002295.htm	BỘ CÔNG AN: Đề xuất nâng mức vay cho người chấp hành xong án phạt tù lên 200 triệu đồng
21421	52694	/gia-lai-cong-an-xa-chu-se-ho-tro-nguoi-chap-hanh-xong-an-phat-tu-vay-von-phat-trien-kinh-te-nang-cao-thu-nhap-cai-thien-doi-song-gop-phan-mang-lai-hieu-qua-thiet-thuc-trong-cong-tac-tai-hoa-nhap-cong-dong.html	GIA LAI: Công an xã Chư Sê hỗ trợ người chấp hành xong án phạt tù vay vốn phát triển kinh tế, nâng cao thu nhập, cải thiện đời sống, góp phần mang lại hiệu quả thiết thực trong công tác tái hòa nhập cộng đồng
21422	52697	/da-nang-lan-toa-gia-tri-nhan-van-tu-mo-hinh-hanh-trinh-hoan-luong-ket-noi-yeu-thuong-tai-phuong-hai-van.html	ĐÀ NẴNG: Lan tỏa giá trị nhân văn từ mô hình “Hành trình hoàn lương - Kết nối yêu thương” tại phường Hải Vân
21423	52700	/hue-kiem-tra-viec-thuc-hien-chinh-sach-tin-dung-doi-voi-nguoi-chap-hanh-xong-an-phat-tu-tai-tp-hue.html	HUẾ: Kiểm tra việc thực hiện chính sách tín dụng đối với người chấp hành xong án phạt tù tại TP Huế
21424	52703	/bac-ninh-dong-hanh-giup-nguoi-hoan-luong-tai-hoa-nhap-cong-dong.html	BẮC NINH: Đồng hành giúp người hoàn lương tái hòa nhập cộng đồng
21425	52706	/hung-yen-cong-an-xa-tien-hai-tham-muu-ra-mat-mo-hinh-cong-truong-an-toan-giao-thong-va-chung-tay-giup-do-nguoi-lam-lo-tai-hoa-nhap-cong-dong.html	HƯNG YÊN: Công an xã Tiền Hải tham mưu ra mắt mô hình “Cổng trường an toàn giao thông” và “Chung tay giúp đỡ người lầm lỡ tái hòa nhập cộng đồng”
21426	52709	/lam-dong-cong-an-tinh-lam-dong-so-ket-cong-tac-quan-ly-giam-giu-thi-hanh-an-hinh-su-va-ho-tro-tu-phap-6-thang-dau-nam-2026.html	LÂM ĐỒNG: Công an tỉnh Lâm Đồng sơ kết công tác quản lý giam giữ, thi hành án hình sự và hỗ trợ tư pháp 6 tháng đầu năm 2026
21427	52712	/can-tho-diem-tua-tin-dung-cho-nguoi-hoan-luong.html	CẦN THƠ: Điểm tựa tín dụng cho người hoàn lương
21428	52715	/phong-canh-sat-thi-hanh-an-hinh-su-va-ho-tro-tu-phap-cong-an-tinh-lam-dong-tham-hoi-tang-qua-dong-vien-nguoi-duoc-dac-xa-co-hoan-canh-kho-khan.html	LÂM ĐỒNG: Công an tỉnh Lâm Đồng thăm hỏi, tặng quà, động viên người được đặc xá có hoàn cảnh khó khăn
21429	52718	/quang-ninh-cong-an-dac-khu-van-don-ho-tro-nguoi-chap-hanh-xong-an-phat-tu-tim-kiem-viec-lam-tai-hoa-nhap-cong-dong.html	QUẢNG NINH: Công an đặc khu Vân Đồn hỗ trợ người chấp hành xong án phạt tù tìm kiếm việc làm, tái hòa nhập cộng đồng
21430	52721	/quang-ninh-cong-an-phuong-mong-cai-3-tang-cuong-cong-tac-diem-danh-kiem-dien-cam-hoa-giao-duc-doi-voi-nguoi-thi-hanh-an-hinh-su-tai-cong-dong.html	QUẢNG NINH: Công an phường Móng Cái 3 tăng cường công tác điểm danh, kiểm diện, cảm hóa, giáo dục đối với người thi hành án hình sự tại cộng đồng
21431	52724	/da-nang-hoi-nghi-doi-thoai-giua-giam-thi-voi-pham-nhan.html	ĐÀ NẴNG: Hội nghị đối thoại giữa Giám thị Trại với phạm nhân
21432	52727	/nghe-an-dong-hanh-phap-ly-tiep-suc-cho-nguoi-chap-hanh-xong-an-phat-tu-tai-hoa-nhap-cong-dong.html	NGHỆ AN: Đồng hành pháp lý, tiếp sức cho người chấp hành xong án phạt tù tái hòa nhập cộng đồng
21433	52730	/vinh-long-chuong-trinh-gap-mat-bieu-duong-guong-dien-hinh-trong-tai-hoa-nhap-cong-dong.html	VĨNH LONG: Chương trình gặp mặt, biểu dương gương điển hình trong tái hòa nhập cộng đồng
21434	52733	/lai-chau-cong-an-xa-tiep-xuc-gap-go-dong-vien-nguoi-chap-hanh-xong-an-phat-tu-tai-hoa-nhap-cong-dong.html	LAI CHÂU: Công an xã Mù Cả tiếp xúc, gặp gỡ, động viên người chấp hành xong án phạt tù tái hòa nhập cộng đồng
21435	52736	/quang-ngai-xa-ngok-bay-ra-mat-mo-hinh-canh-cua-xanh-dong-hanh-cung-nguoi-chap-hanh-xong-an-phat-tu-tai-hoa-nhap-cong-dong.html	QUẢNG NGÃI: Xã Ngọk Bay ra mắt mô hình “Cánh cửa xanh” đồng hành cùng người chấp hành xong án phạt tù tái hòa nhập cộng đồng
21436	52739	/hung-yen-so-ket-cong-tac-quan-ly-thi-hanh-tam-giu-tam-giam-va-cam-di-khoi-noi-cu-tru-thi-hanh-an-hinh-su-va-ho-tro-tu-phap-6-thang-dau-nam-2026.html	HƯNG YÊN: Sơ kết công tác quản lý thi hành tạm giữ, tạm giam và cấm đi khỏi nơi cư trú; thi hành án hình sự và hỗ trợ tư pháp 6 tháng đầu năm 2026
21437	52742	/phu-tho-cong-an-phuong-vinh-phuc-tich-cuc-quan-ly-giao-duc-giup-do-nguoi-duoc-dac-xa-tai-hoa-nhap-cong-dong.html	PHÚ THỌ: Công an phường Vĩnh Phúc tích cực quản lý, giáo dục, giúp đỡ người được đặc xá tái hòa nhập cộng đồng
21438	52745	https://www.facebook.com/reel/2503922513387952	VĨNH LONG: Giới thiệu chương trình gặp mặt, biểu dương các gương điển hình trong tái hòa nhập cộng đồng với chủ đề "Ánh sáng ngày trở về"
21439	52748	https://youtu.be/r5HvSuXE8ys	Trao niềm tin tạo dựng cuộc sống
21440	52751	https://www.youtube.com/watch?v=t-97HJJQHl0	NINH BÌNH: “Viết tiếp ước mơ - Kiến tạo cuộc sống”
21441	52754	/bac-ninh-day-manh-cong-tac-tuyen-truyen-va-pho-bien-giao-duc-phap-luat-ve-cong-tac-tai-hoa-nhap-cong-dong.html	Bắc Ninh: Đẩy mạnh công tác tuyên truyền và phổ biến giáo dục pháp luật về công tác tái hòa nhập cộng đồng
21442	52757	/quyet-dinh-so-22-chinh-sach-nhan-van-tiep-suc-nguoi-hoan-luong-gop-phan-giu-vung-an-ninh-trat-tu-tu-co-so.html	HUẾ: Quyết định số 22 - Chính sách nhân văn tiếp sức người hoàn lương, góp phần giữ vững an ninh, trật tự từ cơ sở
21443	52760	/vinh-long-gap-mat-bieu-duong-cac-guong-dien-hinh-trong-tai-hoa-nhap-cong-dong.html	VĨNH LONG: Gặp mặt, biểu dương các gương điển hình trong tái hòa nhập cộng đồng
21444	52763	/vinh-long-hieu-qua-tu-mo-hinh-quan-ly-cam-hoa-giao-duc-nguoi-tai-hoa-nhap-cong-dong-tren-dia-ban-phuong-cai-von.html	VĨNH LONG: Hiệu quả từ mô hình quản lý, cảm hóa, giáo dục người tái hòa nhập cộng đồng trên địa bàn phường Cái Vồn
21445	52766	/bac-ninh-cong-an-xa-hiep-hoa-to-chuc-hoi-nghi-tuyen-truyen-ve-cong-tac-quan-ly-ho-tro-nguoi-chap-hanh-xong-an-phat-tu-tro-ve-dia-phuong.html	BẮC NINH: Công an xã Hiệp Hòa tổ chức "Hội nghị: Tuyên truyền về công tác quản lý, hỗ trợ người chấp hành xong án phạt tù trở về địa phương”
21446	52769	/dong-thap-to-chuc-hoi-nghi-so-ket-6-thang-cong-tac-thi-hanh-an-hinh-su-va-ho-tro-tu-phap.html	ĐỒNG THÁP: Tổ chức Hội nghị sơ kết 6 tháng công tác thi hành án hình sự và hỗ trợ tư pháp
21447	52772	/quang-ninh-tao-dieu-kien-cho-nguoi-chap-hanh-xong-an-phat-tu-vay-von-phat-trien-kinh-te-tai-phuong-hiep-hoa.html	QUẢNG NINH: Tạo điều kiện cho người chấp hành xong án phạt tù vay vốn phát triển kinh tế tại phường Hiệp Hòa.
21448	52775	/lang-son-tich-cuc-trien-khai-chinh-sach-tin-dung-doi-voi-nguoi-chap-hanh-xong-an-phat-tu-theo-quyet-dinh-so-22-2023-qd-ttg-trong-6-thang-dau-nam-2026.html	LẠNG SƠN: Tích cực triển khai chính sách tín dụng đối với người chấp hành xong án phạt tù theo Quyết định số 22/2023/QĐ-TTg trong 6 tháng đầu năm 2026
21449	52778	/da-nang-xet-giam-thoi-han-chap-hanh-an-tai-cong-dong-nhan-dip-le-quoc-khanh-2-9-2026.html	ĐÀ NẴNG: Xét giảm thời hạn chấp hành án tại cộng đồng nhân dịp Quốc khánh 2/9/2026
21451	52787	/can-tho-cong-an-phuong-an-binh-phoi-hop-to-chuc-chuong-trinh-gap-go-de-pho-bien-phap-luat-cho-nguoi-duoi-18-tuoi-nguoi-chap-hanh-xong-an-phat-tu-nguoi-su-dung-trai-phep-chat-ma-tuy-nguoi-quan-ly-sau-cai-nghien-tren-dia-ban-phuong-an-binh-nam-2026.html	CẦN THƠ: Công an phường An Bình phối hợp tổ chức chương trình “Gặp gỡ để phổ biến pháp luật cho người dưới 18 tuổi; người chấp hành xong án phạt tù; người sử dụng trái phép chất ma túy; người quản lý sau cai nghiện trên địa bàn phường An Bình năm 2026”.
21452	52790	/nghe-an-phoi-hop-giup-do-thanh-nien-phu-nu-lam-lo-tai-hoa-nhap-cong-dong.html	NGHỆ AN: Phối hợp giúp đỡ thanh niên, phụ nữ lầm lỡ tái hòa nhập cộng đồng
21453	52793	https://www.facebook.com/reel/1832564867707524	QUẢNG TRỊ: Nẻo về rộng mở
21454	52796	/nghe-an-cong-an-xa-do-luong-to-chuc-hoi-nghi-tuyen-truyen-phap-luat-va-pho-bien-quyet-dinh-so-22-cua-thu-tuong-chinh-phu-ve-tin-dung-doi-voi-nguoi-chap-hanh-xong-an-phat-tu.html	NGHỆ AN: Công an xã Đô Lương tổ chức Hội nghị tuyên truyền pháp luật và phổ biến Quyết định số 22 của Thủ tướng Chính phủ về tín dụng đối với người chấp hành xong án phạt tù
21455	52799	/quang-ngai-cong-an-tinh-quang-ngai-to-chuc-hoi-y-nghiep-vu-cong-tac-tam-giu-tam-giam-thi-hanh-an-hinh-su-tai-hoa-nhap-cong-dong-ho-tro-tu-phap-va-quan-ly-kho-vat-chung-6-thang-dau-nam-2026.html	QUẢNG NGÃI: Công an tỉnh Quảng Ngãi tổ chức Hội ý nghiệp vụ công tác tạm giữ, tạm giam, thi hành án hình sự, tái hòa nhập cộng đồng, hỗ trợ tư pháp và quản lý kho vật chứng 6 tháng đầu năm 2026
21456	52802	/thai-nguyen-so-ket-cong-tac-thi-hanh-an-hinh-su-tai-cong-dong-va-tai-hoa-nhap-cong-dong.html	THÁI NGUYÊN: Sơ kết công tác thi hành án hình sự tại cộng đồng và tái hòa nhập cộng đồng
21457	52805	/dong-nai-cong-an-cac-xa-phuong-va-ngan-hang-chinh-sach-xa-hoi-long-thanh-ky-ket-chuong-trinh-phoi-hop.html	ĐỒNG NAI: Công an các xã, phường và ngân hàng chính sách xã hội Long Thành ký kết chương trình phối hợp
21458	52808	/dong-thap-phuong-my-tho-to-chuc-hoi-nghi-trien-khai-ke-hoach-tiep-nhan-quan-ly-giao-duc-nguoi-chap-hanh-xong-an-phat-tu-va-ra-mat-mo-hinh-cau-lac-bo-cung-tien.html	ĐỒNG THÁP: Phường Mỹ Tho tổ chức Hội nghị triển khai kế hoạch tiếp nhận, quản lý, giáo dục người chấp hành xong án phạt tù và ra mắt mô hình Câu lạc bộ "Cùng Tiến"
21459	52811	/dong-thap-chung-tay-ho-tro-nguoi-chap-hanh-xong-an-phat-tu-tai-hoa-nhap-cong-dong-thong-qua-tu-van-nghe-gioi-thieu-viec-lam.html	ĐỒNG THÁP: Chung tay hỗ trợ người chấp hành xong án phạt tù tái hòa nhập cộng đồng thông qua tư vấn nghề, giới thiệu việc làm
21460	52814	/da-nang-xa-dien-ban-tay-trao-co-hoi-thap-niem-tin-cho-nguoi-tai-hoa-nhap-cong-dong.html	ĐÀ NẴNG: Xã Điện Bàn Tây trao cơ hội, thắp niềm tin cho người tái hòa nhập cộng đồng
21461	52817	/da-nang-kiem-tra-huong-dan-cong-tac-thi-hanh-an-hinh-su-va-tai-hoa-nhap-cong-dong-tai-cong-an-cap-xa.html	ĐÀ NẴNG: Kiểm tra, hướng dẫn công tác thi hành án hình sự và tái hòa nhập cộng đồng tại Công an cấp xã
21462	52820	/dak-lak-vai-tro-cua-phong-canh-sat-thi-hanh-an-hinh-su-va-ho-tro-tu-phap-trong-cong-tac-phong-chong-toi-pham-6-thang-dau-nam-2026.html	ĐẮK LẮK: Vai trò của Phòng Cảnh sát thi hành án hình sự và hỗ trợ tư pháp trong công tác phòng chống tội phạm 6 tháng đầu năm 2026
21463	52823	/dak-lak-diem-moi-trong-nghi-dinh-so-247-2026-nd-cp-cua-chinh-phu-ve-cong-tac-tai-hoa-nhap-cong-dong-duoc-xem-xet-vay-von-de-di-lam-viec-o-nuoc-ngoai.html	ĐẮK LẮK: Điểm mới trong Nghị định số 247/2026/NĐ-CP của Chính phủ về công tác tái hòa nhập cộng đồng được xem xét vay vốn để đi làm việc ở nước ngoài
21464	52826	/thanh-hoa-chung-tay-mo-loi-hoan-luong-cong-an-phuong-dong-quang-dong-hanh-cung-nguoi-chap-hanh-an-hinh-su-tai-cong-dong.html	THANH HOÁ: Chung tay mở lối hoàn lương - Công an phường Đông Quang đồng hành cùng người chấp hành án hình sự tại cộng đồng
21465	52829	/nghe-an-tuyen-truyen-pho-bien-phap-luat-va-tu-van-phap-ly-cho-nguoi-tai-hoa-nhap-cong-dong.html	NGHỆ AN: Tuyên truyền, phổ biến pháp luật và tư vấn pháp lý cho người tái hoà nhập cộng đồng
21466	52832	/ha-tinh-cong-an-xa-cam-xuyen-to-chuc-cho-thanh-nien-chap-hanh-an-hinh-su-tai-cong-dong-va-thanh-nien-thuoc-dien-quan-ly-giao-duc-tham-gia-tong-don-ve-sinh-chinh-trang-nghia-trang-liet-si-tren-dia-ban.html	HÀ TĨNH: Công an xã Cẩm Xuyên tổ chức cho thanh niên chấp hành án hình sự tại cộng đồng và thanh niên thuộc diện quản lý, giáo dục tham gia tổng dọn vệ sinh, chỉnh trang Nghĩa trang Liệt sĩ trên địa bàn.
21467	52835	/an-giang-giup-nguoi-chap-hanh-xong-an-phat-tu-tai-hoa-nhap-cong-dong.html	AN GIANG: Giúp người chấp hành xong án phạt tù tái hòa nhập cộng đồng
21468	52838	/can-tho-cong-an-phuong-an-binh-ra-mat-mo-hinh-to-lien-gia-phong-chong-toi-pham-ve-ma-tuy-va-mo-hinh-41.html	CẦN THƠ: Công an phường An Bình: Ra mắt Mô hình “Tổ liên gia phòng chống tội phạm về ma túy” và Mô hình “4+1”
21469	52841	/can-tho-to-chuc-tap-huan-chuyen-sau-cong-tac-thi-hanh-an-hinh-su-tai-cong-dong-va-tai-hoa-nhap-cong-dong-nam-2026.html	CẦN THƠ: Tổ chức tập huấn chuyên sâu công tác thi hành án hình sự tại cộng đồng và tái hòa nhập cộng đồng năm 2026
21470	52844	/dong-thap-tang-cuong-cu-the-hoa-luat-thi-hanh-an-hinh-su-nam-2025-vao-thuc-tien-cuoc-song.html	ĐỒNG THÁP: Tăng cường cụ thể hoá Luật Thi hành án hình sự năm 2025 vào thực tiễn cuộc sống
21471	52847	/quang-ninh-cong-an-phuong-lien-hoa-tich-cuc-ho-tro-nguoi-chap-hanh-xong-an-phat-tu.html	QUẢNG NINH: Công an phường Liên Hòa tích cực hỗ trợ người chấp hành xong án phạt tù
21472	52850	/ho-chi-minh-cong-an-tp-ho-chi-minh-to-chuc-khai-mac-hoi-nghi-tap-huan-cong-tac-thi-hanh-an-hinh-su-va-tai-hoa-nhap-cong-dong-nam-2026.html	HỒ CHÍ MINH: Công an TP. Hồ Chí Minh tổ chức khai mạc Hội nghị tập huấn công tác thi hành án hình sự và tái hòa nhập cộng đồng năm 2026
21473	52853	/bo-cong-an-nhung-diem-noi-bat-trong-cong-tac-tai-hoa-nhap-cong-dong-doi-voi-nguoi-chap-hanh-xong-an-phat-tu.html	BỘ CÔNG AN: Những điểm nổi bật trong công tác tái hòa nhập cộng đồng đối với người chấp hành xong án phạt tù
21474	52856	/ho-chi-minh-ngan-hang-chinh-sach-xa-hoi-chau-duc-tuyen-truyen-chinh-sach-tin-dung-doi-voi-nguoi-chap-hanh-xong-an-phat-tu.html	HỒ CHÍ MINH: Ngân hàng Chính sách xã hội Châu Đức tuyên truyền chính sách tín dụng đối với người chấp hành xong án phạt tù
21475	52859	/hai-phong-ho-tro-nguoi-chap-hanh-xong-an-phat-tu-nguoi-duoc-dac-xa-vay-von-mo-loi-tai-hoa-nhap-cong-dong.html	HẢI PHÒNG: Hỗ trợ người chấp hành xong án phạt tù, người được đặc xá vay vốn - Mở lối tái hòa nhập cộng đồng
21476	52862	/dong-nai-phong-giao-dich-nhcsxh-loc-ninh-giai-ngan-von-vay-cho-nguoi-chap-hanh-xong-an-phat-tu-tai-xa-loc-tan.html	ĐỒNG NAI: Phòng giao dịch NHCSXH Lộc Ninh giải ngân vốn vay cho người chấp hành xong án phạt tù tại xã Lộc Tấn
21477	52865	/tp-hue-tap-huan-chuyen-sau-luat-thi-hanh-an-hinh-su-luat-thi-hanh-tam-giu-tam-giam-va-bien-phap-cam-di-khoi-noi-cu-tru-cho-luc-luong-cong-an-cap-xa.html	HUẾ: Tập huấn chuyên sâu Luật Thi hành án hình sự, Luật Thi hành tạm giữ, tạm giam và biện pháp cấm đi khỏi nơi cư trú cho lực lượng Công an cấp xã
21479	52871	/da-nang-hoi-an-a-phuong-huong-tra-toa-dam-nang-cao-hieu-qua-cong-tac-tai-hoa-nhap-cong-dong-lan-toa-nhung-gia-tri-nhan-van.html	ĐÀ NẴNG: phường Hương Trà tọa đàm nâng cao hiệu quả công tác tái hòa nhập cộng đồng - Lan tỏa những giá trị nhân văn
21480	52874	/can-tho-chung-tay-mo-rong-nhung-canh-cua-tai-hoa-nhap-cong-dong.html	CẦN THƠ: Chung tay mở rộng những cánh cửa tái hòa nhập cộng đồng
21481	52877	/ninh-binh-co-quan-thi-hanh-an-hinh-su-cong-an-tinh-ninh-binh-hop-xet-de-nghi-giam-mien-thoi-han-chap-hanh-an-hinh-su-doi-voi-nguoi-thi-hanh-an-hinh-su-tai-cong-dong-giam-thoi-han-chap-hanh-an-phat-tu-doi-voi-pham-nhan-dot-02-9-2026.html	NINH BÌNH: Cơ quan Thi hành án hình sự Công an tỉnh Ninh Bình họp xét, đề nghị giảm, miễn thời hạn chấp hành án hình sự đối với người thi hành án hình sự tại cộng đồng, giảm thời hạn chấp hành án phạt tù đối với phạm nhân đợt 02/9/2026
21482	52880	/da-nang-cong-an-phuong-thanh-khe-siet-chat-cong-tac-quan-ly-nguoi-chap-hanh-an-hinh-su-tai-cong-dong-va-cam-di-khoi-noi-cu-tru.html	ĐÀ NẴNG: Công an phường Thanh Khê siết chặt công tác quản lý người chấp hành án hình sự tại cộng đồng và cấm đi khỏi nơi cư trú
21483	52883	/da-nang-trai-tam-giam-so-2-cong-an-thanh-pho-da-nang-to-chuc-tuyen-truyen-phap-luat-ve-phong-chong-ma-tuy-cho-pham-nhan.html	ĐÀ NẴNG: Trại Tạm giam số 2, Công an thành phố Đà Nẵng tổ chức tuyên truyền pháp luật về phòng chống ma túy cho phạm nhân
21484	52886	/cong-an-xa-ra-mat-mo-hinh-dan-van-kheo-trong-cong-tac-tai-hoa-nhap-cong-dong-va-thi-hanh-an-hinh-su-tai-cong-dong.html	NGHỆ AN: Công an xã ra mắt mô hình dân vận khéo trong công tác tái hòa nhập cộng đồng và thi hành án hình sự tại cộng đồng
21485	52889	/nghe-an-cong-an-xa-tam-dong-to-chuc-hoi-nghi-tuyen-truyen-pho-bien-giao-duc-phap-luat-tu-van-viec-lam-ho-tro-vay-von-doi-voi-nguoi-chap-hanh-an-hinh-su-tai-cong-dong-va-tai-hoa-nhap-cong-dong-nam-2026.html	NGHỆ AN: Công an xã Tam Đồng tổ chức Hội nghị tuyên truyền, phổ biến giáo dục pháp luật, tư vấn việc làm, hỗ trợ vay vốn đối với người chấp hành án hình sự tại cộng đồng và tái hòa nhập cộng đồng năm 2026
21486	52892	/can-tho-tan-an-xay-dung-mo-hinh-ho-tro-nguoi-chap-hanh-xong-an-phat-tu-tai-hoa-nhap-cong-dong.html	CẦN THƠ: Tân An xây dựng mô hình hỗ trợ người chấp hành xong án phạt tù tái hòa nhập cộng đồng
21487	52895	/hung-yen-cong-an-xa-ngoc-lam-day-manh-cong-tac-tuyen-truyen-doi-voi-nguoi-chap-hanh-xong-an-phat-tu-tai-hoa-nhap-cong-dong.html	HƯNG YÊN: Công an xã Ngọc Lâm đẩy mạnh công tác tuyên truyền đối với người chấp hành xong án phạt tù tái hòa nhập cộng đồng
21488	52898	/dak-lak-cong-an-xa-phu-hoa-2-dong-hanh-ho-tro-nguoi-chap-hanh-xong-hinh-phat-tu-tai-hoa-nhap-cong-dong.html	ĐẮK LẮK: Công an xã Phú Hòa 2 đồng hành, hỗ trợ người chấp hành xong hình phạt tù tái hòa nhập cộng đồng
21489	52901	/dong-nai-ra-mat-mo-hinh-ban-giup-ban-chung-tay-tiep-suc-nguoi-hoan-luong-tai-hoa-nhap-cong-dong.html	ĐỒNG NAI: Ra mắt mô hình “Bạn giúp bạn” – Chung tay tiếp sức người hoàn lương tái hoà nhập cộng đồng
21490	52904	/thanh-hoa-phat-huy-hieu-qua-mo-hinh-to-3-tren-1-ho-tro-nguoi-tai-hoa-nhap-cong-dong-tren-dia-ban-phuong-dong-son.html	THANH HOÁ: Phát huy hiệu quả mô hình “Tổ 3 trên 1”, hỗ trợ người tái hòa nhập cộng đồng trên địa bàn phường Đông Sơn
21491	52907	/hue-tao-co-hoi-cho-nguoi-lam-lo-lam-lai-cuoc-doi.html	HUẾ: Tạo cơ hội cho người lầm lỡ làm lại cuộc đời
21492	52910	/dong-nai-ra-mat-mo-hinh-tinh-nguoi-trong-toi-ho-tro-nguoi-chap-hanh-xong-an-phat-tu-tai-hoa-nhap-cong-dong.html	ĐỒNG NAI: Ra mắt mô hình “Tình người trong tôi” hỗ trợ người chấp hành xong án phạt tù tái hòa nhập cộng đồng
21493	52913	/lao-cai-phuong-nghia-lo-phat-huy-hieu-qua-vai-tro-nong-cot-cua-luc-luong-bao-ve-an-ninh-trat-tu-o-co-so.html	LÀO CAI: Phường Nghĩa Lộ phát huy hiệu quả vai trò nòng cốt của lực lượng bảo vệ an ninh, trật tự ở cơ sở
21494	52916	/lam-dong-hanh-trinh-thuc-tinh-cua-pham-nhan-tre-dang-chap-hanh-an-tai-trai-tam-giam-so-2.html	LÂM ĐỒNG: Hành trình thức tỉnh của phạm nhân trẻ đang chấp hành án tại Trại tạm giam số 2
21495	52919	/ninh-binh-cong-an-phuong-trung-son-tham-muu-va-phoi-hop-trien-khai-thuc-hien-tot-cong-tac-quan-ly-giao-duc-giup-do-nguoi-chap-hanh-xong-an-phat-tu-tai-hoa-nhap-cong-dong-tren-dia-ban.html	NINH BÌNH: Công an phường Trung Sơn tham mưu và phối hợp triển khai thực hiện tốt công tác quản lý, giáo dục, giúp đỡ người chấp hành xong án phạt tù tái hòa nhập cộng đồng trên địa bàn
21496	52922	/quang-ninh-cong-an-phuong-bai-chay-trien-khai-mo-hinh-trong-cong-tac-tai-hoa-nhap-cong-dong.html	QUẢNG NINH: Công an phường Bãi Cháy triển khai mô hình trong công tác tái hòa nhập cộng đồng
21497	52925	/quang-ninh-doi-moi-hoat-dong-cac-hoi-quan-chung-sau-sap-xep-tinh-gon.html	QUẢNG NINH: Đổi mới hoạt động các hội quần chúng sau sắp xếp, tinh gọn
21499	52928	/gia-lai-cong-an-xa-ia-sao-tang-cuong-cong-tac-diem-danh-kiem-dien-nguoi-chap-hanh-xong-an-phat-tu-tro-ve-dia-phuong.html	GIA LAI: Công an xã Ia Sao tăng cường công tác điểm danh, kiểm diện người chấp hành xong án phạt tù trở về địa phương
21500	52931	/bac-ninh-trien-khai-thuc-hien-nghi-dinh-cua-chinh-phu-ve-cong-tac-tai-hoa-nhap-cong-dong.html	BẮC NINH: Triển khai thực hiện Nghị định của Chính phủ về công tác tái hòa nhập cộng đồng
21501	52934	/gia-lai-ra-mat-mo-hinh-51-dong-hanh-cung-nguoi-hoan-luong-lan-toa-gia-tri-nhan-van-trong-cong-tac-tai-hoa-nhap-cong-dong.html	GIA LAI: Ra mắt mô hình “5+1” đồng hành cùng người hoàn lương, lan tỏa giá trị nhân văn trong công tác tái hòa nhập cộng đồng
21503	52940	/quang-tri-to-chuc-hoi-nghi-tap-huan-ve-phap-luat-cong-tac-thi-hanh-an-hinh-su-tai-cong-dong-va-tai-hoa-nhap-cong-dong-nam-2026.html	QUẢNG TRỊ: Tổ chức Hội nghị tập huấn về pháp luật, công tác thi hành án hình sự tại cộng đồng và tái hòa nhập cộng đồng năm 2026
21504	52943	/phu-th-cong-an-tinh-chu-dong-trien-khai-luat-thi-hanh-an-hinh-su-nam-2025.html	PHÚ THỌ:  Công an tỉnh chủ động triển khai Luật Thi hành án hình sự năm 2025
21505	52946	/can-tho-de-hanh-trinh-cai-tao-khong-tro-nen-don-doc.html	CẦN THƠ: Để hành trình cải tạo không trở nên đơn độc
21506	52949	/lai-chau-tua-sin-chia-thap-sang-niem-tin-huong-thien-lam-lai-cuoc-doi-dau-an-tu-hoi-nghi-ra-mat-mo-hinh-tai-hoa-nhap-cong-dong.html	LAI CHÂU: Tủa Sín Chỉa thắp sáng niềm tin, hướng thiện làm lại cuộc đời - Dấu ấn từ hội nghị ra mắt mô hình Tái hoà nhập cộng đồng
21507	52952	/lai-chau-cong-an-xa-khoen-on-giao-duc-nam-tinh-hinh-90-truong-hop-chap-hanh-xong-an-phat-tu.html	LAI CHÂU: Công an xã Khoen On giáo dục, nắm tình hình 90 trường hợp chấp hành xong án phạt tù
21508	52955	/lai-chau-cong-an-xa-than-uyen-phoi-hop-to-chuc-hoi-nghi-tu-van-phap-luat-cho-nguoi-tai-hoa-nhap-cong-dong-nam-2026.html	LAI CHÂU: Công an xã Than Uyên phối hợp tổ chức hội nghị tư vấn pháp luật cho người tái hòa nhập cộng đồng năm 2026
21510	52958	/dak-lak-dat-lanh-uom-mam-thien-chuyen-nguoi-dan-ong-vuon-len-lam-kinh-te-gioi-sau-vap-nga-o-xa-ea-na.html	ĐẮK LẮK: Đất lành ươm mầm thiện - Chuyện người đàn ông vươn lên làm kinh tế giỏi sau vấp ngã ở xã Ea Na
21512	52976	/nghe-an-cong-an-xa-kim-bang-ra-mat-mo-hinh-dan-van-kheo-van-dong-nhan-dan-cung-dong-hanh-trong-cong-tac-tai-hoa-nhap-cong-dong.html	NGHỆ AN: Công an xã Kim Bảng ra mắt mô hình dân vận khéo "Vận động nhân dân cùng đồng hành trong công tác tái hòa nhập cộng đồng"
21513	52964	/hue-phong-giao-dich-nhcsxh-huong-tra-thanh-pho-hue-phoi-hop-voi-cong-an-phuong-kim-tra-to-chuc-hoi-nghi-tuyen-truyen-pho-bien-chinh-sach-tin-dung-uu-dai-doi-voi-nguoi-chap-hanh-xong-an-phat-tu-theo-quyet-dinh-so-22-2023-qd-ttg-cua-thu-tuong-chinh-phu.html	HUẾ: Phòng giao dịch NHCSXH Hương Trà (thành phố Huế) phối hợp với Công an phường Kim Trà tổ chức Hội nghị tuyên truyền, phổ biến chính sách tín dụng ưu đãi đối với người chấp hành xong án phạt tù theo Quyết định số 22/2023/QĐ-TTg của Thủ tướng Chính phủ
21515	52973	/hai-phong-phuong-ngo-quyen-13-to-dan-pho-dat-tieu-chi-thuc-hien-mo-hinh-toan-dan-phong-chong-ma-tuy-nam-2026.html	HẢI PHÒNG: Phường Ngô Quyền - 13 tổ dân phố đạt tiêu chí thực hiện mô hình “Toàn dân phòng chống ma túy” năm 2026
21517	52979	/quang-ninh-ho-tro-vay-von-tao-viec-lam-cho-nguoi-chap-hanh-xong-an-phat-tu-tiep-them-diem-tua-tai-hoa-nhap-cong-dong.html	QUẢNG NINH: Hỗ trợ vay vốn, tạo việc làm cho người chấp hành xong án phạt tù – Tiếp thêm điểm tựa tái hòa nhập cộng đồng
21518	52982	/gia-lai-hon-500-hoc-vien-tap-huan-luat-thi-hanh-an-hinh-su-va-cac-luat-lien-quan-nam-2025.html	GIA LAI: Hơn 500 học viên tham gia tập huấn Luật Thi hành án hình sự, Luật Thi hành tạm giữ, tạm giam và cấm đi khỏi nơi cư trú năm 2025
21520	52988	/thanh-hoa-ubnd-xa-hoang-loc-tang-cuong-tuyen-truyen-phap-luat-dong-hanh-ho-tro-nguoi-tai-hoa-nhap-cong-dong.html	THANH HOÁ: UBND xã Hoằng Lộc tăng cường tuyên truyền pháp luật, đồng hành hỗ trợ người tái hòa nhập cộng đồng
21521	52991	/phu-tho-cong-an-xa-binh-phu-nang-cao-hieu-qua-quan-ly-nguoi-chap-hanh-an-tai-cong-dong.html	PHÚ THỌ: Công an xã Bình Phú nâng cao hiệu quả quản lý người chấp hành án tại cộng đồng
21522	52994	/hai-phong-phuong-hong-an-phat-dong-phong-trao-dong-ho-khong-ma-tuy-va-ra-mat-mo-hinh-ho-tro-nguoi-lam-loi-tai-hoa-nhap-cong-dong.html	HẢI PHÒNG: Phường Hồng An phát động phong trào “Dòng họ không ma túy” và ra mắt mô hình Hỗ trợ người lầm lỗi tái hòa nhập cộng đồng
21523	52997	/bac-ninh-bo-ha-to-chuc-hoi-nghi-tuyen-truyen-phap-luat-ve-thi-hanh-an-hinh-su-tai-cong-dong-va-tai-hoa-nhap-cong-dong-nam-2026.html	BẮC NINH: Bố Hạ tổ chức Hội nghị tuyên truyền pháp luật về thi hành án hình sự tại cộng đồng và tái hòa nhập cộng đồng năm 2026
21524	53000	/bac-ninh-cong-an-xa-bien-son-day-manh-tuyen-truyen-phap-luat-cho-nguoi-thi-hanh-an-hinh-su-tai-cong-dong-lan-toa-gia-tri-nhan-van-gop-phan-phong-ngua-tai-pham.html	BẮC NINH: Công an xã Biên Sơn đẩy mạnh tuyên truyền pháp luật cho người thi hành án hình sự tại cộng đồng – lan tỏa giá trị nhân văn, góp phần phòng ngừa tái phạm
21525	53003	/lam-dong-cong-an-lam-dong-tiep-tuc-duy-tri-thuc-hien-nghiem-cong-tac-diem-danh-kiem-dien-doi-voi-nguoi-chap-hanh-an-hinh-su-tai-cong-dong.html	LÂM ĐỒNG: Công an Lâm Đồng tiếp tục duy trì, thực hiện nghiêm công tác điểm danh, kiểm diện đối với người chấp hành án hình sự tại cộng đồng
21526	53006	/tp-da-nang-hanh-trinh-ket-noi-thap-sang-niem-tin-lan-toa-gia-tri-nhan-van-trong-cong-tac-tai-hoa-nhap-cong-dong-o-phuong-hoa-khanh.html	 ĐÀ NẴNG: “Hành trình kết nối - Thắp sáng niềm tin” lan tỏa giá trị nhân văn trong công tác tái hòa nhập cộng đồng ở phường Hòa Khánh
21527	53009	/tp-da-nang-noi-nguoi-lam-lo-tim-lai-niem-tin.html	ĐÀ NẴNG: Nơi người lầm lỡ tìm lại niềm tin
21528	53012	/son-la-cong-an-tinh-ky-ket-quy-che-phoi-hop-trong-cong-tac-quan-ly-thi-hanh-tam-giu-tam-giam-thi-hanh-an-hinh-su-va-ho-tro-tu-phap.html	SƠN LA: Công an tỉnh ký kết Quy chế phối hợp trong công tác quản lý, thi hành tạm giữ, tạm giam, thi hành án hình sự và hỗ trợ tư pháp
21529	53015	/cong-an-phuong-phu-thuy-dong-hanh-giup-nguoi-tung-lam-lo-vung-buoc-tai-hoa-nhap-cong-dong.html	LÂM ĐỒNG: Công an phường Phú Thủy đồng hành giúp người từng lầm lỡ vững bước tái hòa nhập cộng đồng
21530	53018	/hai-phong-cong-an-xa-kien-hung-phoi-hop-to-chuc-mo-hinh-dan-van-kheo-tra-sang-thu-7-chinh-quyen-than-thien-giup-do-tai-hoa-nhap-cong-dong.html	HẢI PHÒNG: Công an xã Kiến Hưng phối hợp tổ chức mô hình Dân vận khéo “Trà sáng thứ 7 - Chính quyền thân thiện” giúp đỡ tái hoà nhập cộng đồng
21531	53021	/hai-phong-ho-tro-nguoi-lam-lo-tai-hoa-nhap-cong-dong.html	HẢI PHÒNG: Hỗ trợ người lầm lỡ tái hòa nhập cộng đồng
21532	53024	/ninh-binh-luc-luong-cong-an-tinh-ninh-binh-day-manh-viec-trien-khai-thuc-hien-chuong-trinh-phoi-hop-tiep-nhan-giup-do-nguoi-chap-hanh-xong-an-phat-tu-ve-dia-phuong-viet-tiep-uoc-mo-kien-tao-cuoc-song.html	NINH BÌNH: Lực lượng Công an tỉnh Ninh Bình đẩy mạnh việc triển khai thực hiện Chương trình phối hợp “Tiếp nhận, giúp đỡ người chấp hành xong án phạt tù về địa phương viết tiếp ước mơ, kiến tạo cuộc sống”
21533	53027	/dong-nai-von-tin-dung-thap-lai-niem-tin-cho-nguoi-lam-lo.html	ĐỒNG NAI: Vốn tín dụng "thắp lại" niềm tin cho người lầm lỡ
21534	53030	/tay-ninh-chung-tay-ho-tro-nguoi-tai-hoa-nhap-cong-dong-song-va-lam-viec-theo-phap-luat.html	TÂY NINH: Chung tay hỗ trợ người tái hòa nhập cộng đồng sống và làm việc theo pháp luật
21535	53033	/dak-lak-cong-an-xa-duc-binh-tuyen-truyen-phap-luat-ve-thi-hanh-an-hinh-su-va-tai-hoa-nhap-cong-dong.html	ĐẮK LẮK: Công an xã Đức Bình tuyên truyền pháp luật về thi hành án hình sự và tái hòa nhập cộng đồng
21536	53036	/bac-ninh-tao-sinh-ke-giup-nguoi-lam-lo-lam-lai-cuoc-doi.html	BẮC NINH: Tạo sinh kế, giúp người lầm lỡ làm lại cuộc đời
21537	53039	/bac-ninh-mo-loi-hoan-luong-cho-nguoi-lam-lo.html	BẮC NINH: Mở lối hoàn lương cho người lầm lỡ
21538	53042	/dong-nai-cong-an-phuong-tan-trieu-ra-mat-mo-hinh-ho-tro-giup-do-nguoi-hoan-luong-phat-trien-kinh-te.html	ĐỒNG NAI: Công an phường Tân Triều ra mắt mô hình “Hỗ trợ, giúp đỡ người hoàn lương phát triển kinh tế”
21539	53045	/dong-nai-cong-an-phuong-long-thanh-ra-mat-hai-mo-hinh-gop-phan-nang-cao-hieu-qua-cong-tac-tai-hoa-nhap-cong-dong-va-phong-chong-ma-tuy.html	ĐỒNG NAI: Công an phường Long Thành ra mắt hai mô hình góp phần nâng cao hiệu quả công tác tái hòa nhập cộng đồng và phòng, chống ma túy
21540	53048	/dong-nai-kiem-tra-viec-thuc-hien-chinh-sach-tin-dung-doi-voi-nguoi-chap-hanh-xong-an-phat-tu-tai-xa-long-ha.html	ĐỒNG NAI: Kiểm tra việc thực hiện chính sách tín dụng đối với người chấp hành xong án phạt tù tại xã Long Hà
21541	53051	/lam-dong-dong-hanh-cung-nguoi-chap-hanh-xong-an-phat-tu-tai-hoa-nhap-cong-dong-tu-nguon-von-uu-dai.html	LÂM ĐỒNG: Đồng hành cùng người chấp hành xong án phạt tù tái hòa nhập cộng đồng từ nguồn vốn ưu đãi
21542	53054	/lam-dong-nang-cao-hieu-qua-cong-tac-quan-ly-giao-duc-pham-nhan-chap-hanh-an-tai-phan-trai-quan-ly-pham-nhan-trai-tam-giam-so-3-cong-an-tinh-lam-dong.html	LÂM ĐỒNG: Nâng cao hiệu quả công tác quản lý, giáo dục phạm nhân chấp hành án tại Phân trại quản lý phạm nhân, Trại tạm giam số 3 Công an tỉnh Lâm Đồng
21544	53057	/lam-dong-phong-canh-sat-thi-hanh-an-hinh-su-va-ho-tro-tu-phap-tham-hoi-tang-qua-nguoi-duoc-dac-xa-co-hoan-canh-kho-khan.html	LÂM ĐỒNG: Phòng Cảnh sát thi hành án hình sự và hỗ trợ tư pháp thăm hỏi, tặng quà người được đặc xá có hoàn cảnh khó khăn
21545	53060	/lang-son-cong-an-xa-huu-lung-to-chuc-tuyen-truyen-phap-luat-doi-thoai-voi-nguoi-thi-hanh-an-hinh-su-tai-cong-dong-va-nguoi-chap-hanh-xong-an-phat-tu.html	LẠNG SƠN: Công an xã Hữu Lũng tổ chức tuyên truyền pháp luật, đối thoại với người thi hành án hình sự tại cộng đồng và người chấp hành xong án phạt tù
21546	53063	/lang-son-day-manh-trien-khai-chinh-sach-tin-dung-doi-voi-nguoi-chap-hanh-xong-an-phat-tu-tren-dia-ban-tinh-lang-son.html	LẠNG SƠN: Đẩy mạnh triển khai chính sách tín dụng đối với người chấp hành xong án phạt tù trên địa bàn tỉnh Lạng Sơn
21547	53066	/cao-bang-nhung-con-giong-nghia-tinh-tu-mo-hinh-chung-tay-vung-buoc-ngay-mai.html	CAO BẰNG: Những con giống nghĩa tình từ mô hình “Chung tay – Vững bước ngày mai”
21548	53069	/dong-nai-cong-an-thanh-pho-dong-nai-tap-huan-cong-tac-thi-hanh-an-hinh-su-quan-ly-tam-giu-tam-giam.html	ĐỒNG NAI: Công an thành phố Đồng Nai tập huấn công tác thi hành án hình sự, quản lý tạm giữ, tạm giam
21549	53072	/phu-tho-cong-an-xa-lien-minh-ho-tro-nguoi-chap-hanh-xong-an-phat-tu-tai-hoa-nhap-cong-dong.html	PHÚ THỌ: Công an xã Liên Minh hỗ trợ người chấp hành xong án phạt tù tái hòa nhập cộng đồng
21550	53075	/phu-tho-cong-an-tinh-to-chuc-tap-huan-chuyen-sau-cong-tac-thi-hanh-an-hinh-su-tai-cong-dong-va-tai-hoa-nhap-cong-dong.html	PHÚ THỌ: Công an tỉnh tổ chức tập huấn chuyên sâu công tác thi hành án hình sự tại cộng đồng và tái hòa nhập cộng đồng
21551	53078	/nghe-an-tuyen-truyen-pho-bien-giao-duc-phap-luat-cho-nguoi-chap-hanh-xong-an-phat-tu.html	NGHỆ AN: Tuyên truyền, phổ biến, giáo dục pháp luật cho người chấp hành xong án phạt tù
21552	53081	/nghe-an-cong-an-xa-dai-hue-kiem-danh-kiem-dien-dinh-ky-va-tuyen-truyen-phap-luat-doi-voi-nguoi-chap-hanh-an-tai-cong-dong.html	NGHỆ AN: Công an xã Đại Huệ kiểm danh, kiểm diện định kỳ và tuyên truyền pháp luật đối với người chấp hành án tại cộng đồng
21553	53084	/nghe-an-cong-an-xa-yen-na-kiem-danh-kiem-dien-cac-truong-hop-da-chap-hanh-xong-an-phat-tu-va-an-treo.html	NGHỆ AN: Công an xã Yên Na kiểm danh, kiểm diện các trường hợp đã chấp hành xong án phạt tù và án treo
21554	53087	/nghe-an-cong-an-xa-chau-binh-ra-mat-mo-hinh-van-dong-nhan-dan-cung-dong-hanh-trong-cong-tac-tai-hoa-nhap-cong-dong.html	NGHỆ AN: Công an xã Châu Bình ra mắt mô hình "Vận động Nhân dân cùng đồng hành trong công tác tái hòa nhập cộng đồng"
21555	53090	/quang-ninh-cong-an-phuong-phong-coc-dong-hanh-ho-tro-nguoi-duoc-dac-xa-vay-von-mo-loi-tai-hoa-nhap-cong-dong.html	QUẢNG NINH: Công an phường Phong Cốc đồng hành hỗ trợ người được đặc xá vay vốn, mở lối tái hòa nhập cộng đồng
21556	53093	/quang-ninh-tang-cuong-quan-ly-nguoi-chap-hanh-an-hinh-su-tai-cong-dong-ho-tro-tai-hoa-nhap-cong-dong.html	QUẢNG NINH: Tăng cường quản lý người chấp hành án hình sự tại cộng đồng, hỗ trợ tái hòa nhập cộng đồng
21557	53096	/quang-ninh-cong-an-phuong-uong-bi-phoi-hop-trao-100-trieu-dong-von-vay-ho-tro-nguoi-chap-hanh-xong-an-phat-tu-nguoi-sau-cai-nghien-tai-hoa-nhap-cong-dong.html	QUẢNG NINH: Công an phường Uông Bí phối hợp trao 100 triệu đồng vốn vay hỗ trợ người chấp hành xong án phạt tù, người sau cai nghiện tái hòa nhập cộng đồng
21558	53099	/quang-ninh-cong-an-phuong-binh-khe-ho-tro-nguoi-chap-hanh-xong-an-phat-tu-tai-hoa-nhap-cong-dong.html	QUẢNG NINH: Công an phường Bình Khê hỗ trợ người chấp hành xong án phạt tù tái hòa nhập cộng đồng
21559	53102	/quang-ninh-ban-phu-nu-va-ban-thanh-nien-cong-an-tinh-tuyen-truyen-phap-luat-tu-van-nghe-nghiep-cho-nguoi-chap-hanh-xong-an-phat-tu.html	QUẢNG NINH: Ban Phụ nữ và Ban Thanh niên Công an tỉnh tuyên truyền pháp luật, tư vấn nghề nghiệp cho người chấp hành xong án phạt tù
21560	53105	/quang-ninh-cong-an-phuong-lien-hoa-to-chuc-hoi-nghi-tuyen-truyen-phap-luat-gioi-thieu-viec-lam-va-vay-von-cho-nguoi-chap-hanh-xong-an-phat-tu.html	QUẢNG NINH: Công an phường Liên Hòa tổ chức hội nghị tuyên truyền pháp luật, giới thiệu việc làm và vay vốn cho người chấp hành xong án phạt tù
21561	53108	/quang-ninh-trai-tam-giam-cong-an-tinh-tiep-nhan-600-dau-sach.html	QUẢNG NINH: Trại Tạm giam Công an tỉnh tiếp nhận 600 đầu sách
21562	53111	/quang-ninh-cong-an-phuong-dong-mai-chu-dong-quan-ly-giao-duc-nguoi-chap-hanh-an-hinh-su-tai-cong-dong.html	QUẢNG NINH: Công an phường Đông Mai chủ động quản lý, giáo dục người chấp hành án hình sự tại cộng đồng
21563	53114	/quang-ninh-cong-an-phuong-cam-pha-nang-cao-hieu-qua-quan-ly-nguoi-chap-hanh-an-hinh-su-tai-cong-dong.html	QUẢNG NINH: Công an phường Cẩm Phả nâng cao hiệu quả quản lý người chấp hành án hình sự tại cộng đồng
21564	53117	/tuyen-quang-day-manh-tuyen-truyen-ho-tro-dao-tao-nghe-va-gioi-thieu-viec-lam-cho-nguoi-chap-hanh-xong-an-phat-tu.html	TUYÊN QUANG: Đẩy mạnh tuyên truyền, hỗ trợ đào tạo nghề và giới thiệu việc làm cho người chấp hành xong án phạt tù
21565	53120	/thai-nguyen-ra-mat-mo-hinh-hanh-trinh-chung-tay-dong-hanh-giup-do-nguoi-chap-hanh-xong-an-phat-tu-tai-hoa-nhap-cong-dong.html	THÁI NGUYÊN: Ra mắt mô hình “Hành trình chung tay” – đồng hành giúp đỡ người chấp hành xong án phạt tù tái hòa nhập cộng đồng
21566	53123	/phu-tho-cong-an-xa-an-nghia-tang-cuong-quan-ly-ho-tro-nguoi-chap-hanh-xong-an-phat-tu-tai-hoa-nhap-cong-dong.html	PHÚ THỌ: Công an xã An Nghĩa tăng cường quản lý, hỗ trợ người chấp hành xong án phạt tù tái hòa nhập cộng đồng
21567	53126	/thai-nguyen-lam-giau-tu-mo-hinh-vuon-ao-chuong-voi-doanh-thu-hang-tram-trieu-don.html	THÁI NGUYÊN: Làm giàu từ mô hình vườn - Ao - Chuồng với doanh thu hàng trăm triệu đồn
21568	53129	/dong-nai-xa-bu-dang-ra-mat-mo-hinh-quan-ly-cam-hoa-giao-duc-giup-do-nguoi-tai-hoa-nhap-cong-dong.html	ĐỒNG NAI: Xã Bù Đăng ra mắt mô hình “Quản lý, cảm hoá, giáo dục, giúp đỡ người tái hoà nhập cộng đồng”
21569	53132	/lam-dong-lam-dong-ban-hanh-ke-hoach-trien-khai-thuc-hien-cong-tac-tai-hoa-nhap-cong-dong.html	LÂM ĐỒNG: Lâm Đồng ban hành Kế hoạch triển khai thực hiện công tác tái hòa nhập cộng đồng
21570	53138	https://web.facebook.com/reel/2149962622543902	Điểm tựa cuộc sống
21571	53141	/thanh-hoa-hac-thanh-nang-cao-hieu-qua-cong-tac-quan-ly-giao-duc-nguoi-chap-hanh-an-tai-cong-dong.html	THANH HOÁ: Hạc Thành nâng cao hiệu quả công tác quản lý, giáo dục người chấp hành án tại cộng đồng
21572	53144	/khanh-hoa-hoi-thao-lay-y-kien-du-thao-de-an-chuyen-doi-xanh-trong-cac-co-so-giam-giu.html	KHÁNH HOÀ: Hội thảo lấy ý kiến dự thảo Đề án chuyển đổi xanh trong các cơ sở giam giữ
21573	53147	/lam-dong-cong-an-phuong-dong-gia-nghia-tuyen-truyen-phap-luat-ve-thi-hanh-an-hinh-su-tai-cong-dong.html	LÂM ĐỒNG: Công an phường Đông Gia Nghĩa tuyên truyền pháp luật về thi hành án hình sự tại cộng đồng
21574	53150	/phu-tho-cong-an-xa-van-xuan-nang-cao-hieu-qua-quan-ly-nguoi-chap-hanh-an-tai-cong-dong.html	PHÚ THỌ: Công an xã Vạn Xuân nâng cao hiệu quả quản lý người chấp hành án tại cộng đồng
21575	53153	/vinh-long-cong-an-xa-long-huu-phoi-hop-cho-nguoi-chap-hanh-xong-an-phat-tu-vay-von-phat-trien-kinh-te.html	VĨNH LONG: Công an xã Long Hữu phối hợp cho người chấp hành xong án phạt tù vay vốn phát triển kinh tế
21576	53156	/hung-yen-cong-an-xa-van-xuan-phat-huy-hieu-qua-mo-hinh-tu-tin-tai-hoa-nhap-cong-dong.html	HƯNG YÊN: Công an xã Vạn Xuân phát huy hiệu quả mô hình “Tự tin tài hòa nhập cộng đồng”
21577	53159	/phu-tho-cong-an-xa-lien-son-giup-nguoi-hoan-luong-phat-trien-sinh-ke-tu-nguon-von-uu-dai.html	PHÚ THỌ: Công an xã Liên Sơn giúp người hoàn lương phát triển sinh kế từ nguồn vốn ưu đãi
21578	53162	/thai-nguyen-giup-do-nguoi-tai-hoa-nhap-cong-dong-on-dinh-cuoc-song.html	THÁI NGUYÊN: Giúp đỡ người tái hoà nhập cộng đồng ổn định cuộc sống
21579	53165	/thai-nguyen-phuong-quan-trieu-to-chuc-tuyen-truyen-tai-hoa-nhap-cong-dong.html	THÁI NGUYÊN: Phường Quan Triều tổ chức tuyên truyền tái hoà nhập cộng đồng
21580	53168	/thai-nguyen-cong-an-xa-tran-phu-tuyen-truyen-pho-bien-phap-luat-ve-thi-hanh-an-hinh-su-tai-cong-dong-va-tai-hoa-nhap-cong-dong.html	THÁI NGUYÊN: Công an xã Trần Phú tuyên truyền, phổ biến pháp luật về thi hành án hình sự tại cộng đồng và tái hòa nhập cộng đồng
21581	53171	/thai-nguyen-cong-an-xa-phu-luong-tuyen-truyen-pho-bien-phap-luat-thi-hanh-an-hinh-su-va-tai-hoa-nhap-cong-dong.html	THÁI NGUYÊN: Công an xã Phú Lương tuyên truyền, phổ biến pháp luật thi hành án hình sự và tái hòa nhập cộng đồng
21582	53174	/thai-nguyen-trien-khai-chinh-sach-tin-dung-doi-voi-nguoi-chap-hanh-xong-an-phat-tu-nguoi-sau-cai-nghien-ma-tuy.html	THÁI NGUYÊN: Triển khai chính sách tín dụng đối với người chấp hành xong án phạt tù, người sau cai nghiện mà tuý
21583	53177	/thai-nguyen-cong-an-xa-tan-ky-diem-danh-kiem-dien-doi-tuong-ket-hop-tuyen-truyen-phap-luat.html	THÁI NGUYÊN: Công an xã Tân Kỳ điểm danh, kiểm diện đối tượng kết hợp tuyên truyền pháp luật
21584	53180	/thai-nguyen-thuc-hien-hieu-qua-cong-tac-thi-hanh-an-hinh-su-tai-cong-dong.html	THÁI NGUYÊN: Thực hiện hiệu quả công tác thi hành án hình sự tại cộng đồng
21585	53183	/thai-nguyen-cong-an-xa-con-minh-tuyen-truyen-phap-luat-ho-tro-nguoi-duoc-dac-xa-tai-hoa-nhap-cong-dong.html	THÁI NGUYÊN: Công an xã Côn Minh tuyên truyền pháp luật, hỗ trợ người được đặc xá tái hòa nhập cộng đồng
21586	53186	/son-la-cong-an-xa-gia-phu-phoi-hop-to-chuc-hoi-nghi-tuyen-truyen-chinh-sach-tin-dung-doi-voi-nguoi-chap-hanh-xong-an-phat-tu-nguoi-sau-cai-nghien-ma-tuy.html	SƠN LA: Công an xã Gia Phù phối hợp tổ chức hội nghị tuyên truyền chính sách tín dụng đối với người chấp hành xong án phạt tù, người sau cai nghiện ma túy
21587	53189	/son-la-ky-ket-phoi-hop-trien-khai-chinh-sach-tin-dung-doi-voi-nguoi-chap-hanh-xong-an-phat-tu-va-nguoi-sau-cai-nghien-ma-tuy.html	SƠN LA: Ký kết phối hợp triển khai chính sách tín dụng đối với người chấp hành xong án phạt tù và người sau cai nghiện ma túy
21588	53192	/son-la-chieng-mai-trien-khai-chinh-sach-tin-dung-ho-tro-nguoi-sau-cai-nghien-ma-tuy-va-nguoi-chap-hanh-xong-an-phat-tu.html	SƠN LA: Chiềng Mai triển khai chính sách tín dụng hỗ trợ người sau cai nghiện ma túy và người chấp hành xong án phạt tù
21589	53195	/son-la-tuyen-truyen-pho-bien-giao-duc-phap-luat-ve-tin-dung-doi-voi-nguoi-sau-cai-nghien-ma-tuy-nguoi-chap-hanh-xong-an-phat-tu.html	SƠN LA: Tuyên truyền phổ biến giáo dục pháp luật về tín dụng đối với người sau cai nghiện ma túy, người chấp hành xong án phạt tù
21590	53198	/an-giang-long-xuyen-ra-mat-mo-hinh-giup-do-nguoi-hoan-luong-tai-hoa-nhap-cong-dong-tren-dia-ban-khom-nguyen-du.html	AN GIANG: Long Xuyên - Ra mắt mô hình “giúp đỡ người hoàn lương, tái hòa nhập cộng đồng” trên địa bàn khóm Nguyễn Du
21591	53201	/dak-lak-cong-an-xa-dlie-ya-dong-hanh-cung-nguoi-chap-hanh-an-phong-ngua-tai-pham-tu-co-so.html	ĐẮK LẮK: Công an xã Dliê Ya đồng hành cùng người chấp hành án - phòng ngừa tái phạm từ cơ sở
21592	53204	/da-nang-trai-tam-giam-so-2-pho-bien-kien-thuc-phap-luat-ky-nang-tai-hoa-nhap-cho-pham-nhan-sap-chap-hanh-xong-an-phat-tu.html	ĐÀ NẴNG: Trại Tạm giam số 2 phổ biển kiến thức pháp luật, kỹ năng tái hòa nhập cho phạm nhân sắp chấp hành xong án phạt tù
21593	53207	/da-nang-ngay-tro-ve-cua-nguoi-man-han-tu-bat-dau-tu-hieu-luat-co-nghe-va-mot-co-hoi-lam-lai.html	ĐÀ NẴNG: Ngày trở về của người mãn hạn tù bắt đầu từ hiểu luật, có nghề và một cơ hội làm lại
21594	53210	/bac-ninh-cong-an-xa-luong-tai-ho-tro-nguoi-chap-hanh-xong-an-phat-tu-vay-von-phat-trien-kinh-te-tai-dia-phuong.html	BẮC NINH: Công an xã Lương Tài hỗ trợ người chấp hành xong án phạt tù vay vốn phát triển kinh tế tại địa phương
21595	53213	/ninh-binh-co-quan-thi-hanh-an-hinh-su-cong-an-tinh-ninh-binh-to-chuc-cong-bo-quyet-dinh-giam-thoi-han-chap-hanh-an-phat-tu-doi-voi-pham-nhan-dot-02-9-2026-va-quyet-dinh-tha-tu-truoc-thoi-han-co-dieu-kien-dot-giua-nam-2026.html	NINH BÌNH: Cơ quan Thi hành án hình sự Công an tỉnh Ninh Bình tổ chức công bố Quyết định giảm thời hạn chấp hành án phạt tù đối với phạm nhân  đợt 02/9/2026 và quyết định tha tù trước thời hạn có điều kiện  đợt giữa năm 2026
21599	53219	/da-nang-phoi-hop-tao-co-hoi-viec-lam-diem-tua-tai-hoa-nhap-cong-dong-tren-dia-ban-phuong-an-khe.html	ĐÀ NẴNG: Phối hợp tạo cơ hội việc làm - điểm tựa tái hòa nhập cộng đồng trên địa bàn phường An Khê
21600	53222	/nghe-an-ra-mat-mo-hinh-y-nghia-thiet-thuc-vi-nhan-dan-phuc-vu.html	NGHỆ AN: Ra mắt mô hình ý nghĩa, thiết thực vì nhân dân phục vụ
21601	53252	/can-tho-nang-cao-hieu-qua-cong-tac-phoi-hop-trong-bao-ve-cuong-che-thi-hanh-an-dan-su-tren-dia-ban-thanh-pho-can-tho.html	CẦN THƠ: Nâng cao hiệu quả công tác phối hợp trong bảo vệ cưỡng chế thi hành án dân sự trên địa bàn thành phố Cần Thơ
21602	53225	/bac-ninh-.html	BẮC NINH: Công an phường Việt Yên tuyên truyền, phổ biến giáo dục pháp luật cho đối tượng tái hòa nhập cộng đồng
21603	53228	/dong-nai-trien-khai-hieu-qua-nguon-von-tin-dung-ho-tro-nguoi-chap-hanh-xong-an-phat-tu-tai-hoa-nhap-cong-dong.html	ĐỒNG NAI: Triển khai hiệu quả nguồn vốn tín dụng hỗ trợ người chấp hành xong án phạt tù tái hoà nhập cộng đồng
21607	53240	/lang-son-co-quan-thi-hanh-an-hinh-su-tinh-lang-son-hop-hoi-dong-xet-de-nghi-giam-mien-thoi-han-chap-hanh-an-hinh-su-tai-cong-dong-dot-02-9-2026.html	LẠNG SƠN: Cơ quan Thi hành án hình sự tỉnh Lạng Sơn họp Hội đồng xét, đề nghị giảm, miễn thời hạn chấp hành án hình sự tại cộng đồng đợt 02/9/2026
21608	53243	/lang-son-to-chuc-hoi-nghi-tuyen-truyen-pho-bien-cac-quy-dinh-cua-phap-luat-ve-cong-tac-thi-hanh-an-hinh-su-tai-cong-dong-va-tai-hoa-nhap-cong-dong.html	LẠNG SƠN: Tổ chức Hội nghị tuyên truyền, phổ biến các quy định của pháp luật về công tác thi hành án hình sự tại cộng đồng và tái hòa nhập cộng đồng
21609	53246	/da-nang-trao-co-hoi-viec-lam-cu-the-hoa-mo-hinh-dan-van-kheo-giao-duc-cam-hoa-giup-do-tai-hoa-nhap-cong-dong-o-dia-ban-phuong-an-khe.html	ĐÀ NẴNG: Trao cơ hội việc làm - cụ thể hoá mô hình dân vận khéo “Giáo dục, cảm hóa, giúp đỡ tái hòa nhập cộng đồng” ở địa bàn phường An Khê
21610	53249	/an-giang-tap-huan-cong-tac-thi-hanh-an-hinh-su-tai-cong-dong-va-tai-hoa-nhap-cong-dong-nam-2026.html	AN GIANG: Tập huấn công tác thi hành án hình sự tại cộng đồng và tái hòa nhập cộng đồng năm 2026
21611	53255	/son-la-dan-van-kheo-o-chieng-khuong.html	SƠN LA: Dân vận khéo ở Chiềng Khương
21612	53258	/lang-son-giai-ngan-chuong-trinh-cho-vay-nguoi-chap-hanh-xong-an-phat-tu-theo-quyet-dinh-so-22-2023-qd-ttg-tai-phuong-luong-van-tri.html	LẠNG SƠN: Giải ngân chương trình cho vay người chấp hành xong án phạt tù theo Quyết định số 22/2023/QĐ-TTg tại phường Lương Văn Tri
21613	53261	/quang-ninh-tiep-them-diem-tua-tai-hoa-nhap-cong-dong.html	QUẢNG NINH: Tiếp thêm điểm tựa tái hòa nhập cộng đồng
21614	53264	/da-nang-ho-tro-2-cong-dan-chap-hanh-xong-an-phat-tu-duoc-vay-von-uu-dai.html	ĐÀ NẴNG: Hỗ trợ 2 công dân chấp hành xong án phạt tù được vay vốn ưu đãi
21615	53267	/tay-ninh-dua-nguoi-dan-vao-the-tran-giu-gin-an-ninh.html	TÂY NINH: Đưa người dân vào thế trận giữ gìn an ninh
21616	53270	/dak-lak-phuong-cu-bao-to-chuc-le-ra-mat-mo-hinh-doi-thoai-thao-go-giup-do-trong-cong-tac-tai-hoa-nhap-cong-dong.html	ĐẮK LẮK: Phường Cư Bao tổ chức Lễ ra mắt mô hình “Đối thoại - Tháo gỡ - Giúp đỡ” trong công tác tái hòa nhập cộng đồng
21617	53273	/da-nang-phu-ninh-nang-cao-hieu-qua-cong-tac-tai-hoa-nhap-cong-dong.html	ĐÀ NẴNG: Phú Ninh nâng cao hiệu quả công tác tái hòa nhập cộng đồng
21620	53282	/dak-lak-trao-co-hoi-gieo-niem-tin-chung-tay-vi-mot-cong-dong-binh-yen-a.html	ĐẮK LẮK: Trao cơ hội – Gieo niềm tin- Chung tay vì một cộng đồng bình yên
21621	53285	/thanh-hoa-tap-huan-chuyen-sau-luat-thi-hanh-an-hinh-su-luat-thi-hanh-tam-giu-tam-giam-va-cam-di-khoi-noi-cu-tru-nam-2025.html	THANH HOÁ: Tập huấn chuyên sâu Luật Thi hành án hình sự, Luật Thi hành tạm giữ, tạm giam và cấm đi khỏi nơi cư trú năm 2025
21622	53288	/bac-ninh-cong-an-xa-tam-da-to-chuc-hoi-nghi-tuyen-truyen-phong-chong-toi-pham-te-nan-xa-hoi-va-ra-mat-mo-hinh-toan-dan-bao-ve-an-ninh-to-quoc-tren-khong-gian-mang-nam-2026.html	BẮC NINH: Công an xã Tam Đa tổ chức hội nghị tuyên truyền phòng, chống tội phạm, tệ nạn xã hội và ra mắt mô hình "toàn dân bảo vệ an ninh tổ quốc trên không gian mạng" năm 2026
21623	53291	/bac-ninh-cong-an-phuong-van-ha-phoi-hop-to-chuc-hoi-nghi-tuyen-truyen-ve-cong-tac-quan-ly-ho-tro-nguoi-chap-hanh-xong-an-phat-tu-tro-ve-dia-phuong.html	BẮC NINH: Công an phường Vân Hà phối hợp tổ chức Hội nghị tuyên truyền về công tác quản lý, hỗ trợ người chấp hành xong án phạt tù trở về địa phương
21624	53294	/bac-ninh-cong-an-phuong-tien-phong-to-chuc-tap-huan-cong-tac-quan-ly-tuyen-truyen-pho-bien-phap-luat-va-ho-tro-vay-von-doi-voi-nguoi-tai-hoa-nhap-cong-dong.html	BẮC NINH: Công an phường Tiền Phong tổ chức tập huấn công tác quản lý, tuyên truyền, phổ biến pháp luật và hỗ trợ vay vốn đối với người tái hòa nhập cộng đồng
21625	53297	/phu-tho-cong-an-xa-minh-dai-dong-hanh-cung-nguoi-chap-hanh-xong-an-phat-tu-tiep-can-nguon-von-phat-trien-kinh-te.html	PHÚ THỌ: Công an xã Minh Đài đồng hành cùng người chấp hành xong án phạt tù tiếp cận nguồn vốn phát triển kinh tế
21626	53300	/bo-cong-an-tai-hoa-nhap-cong-dong-dich-den-cua-thi-hanh-an-hinh-su.html	BỘ CÔNG AN: Tái hòa nhập cộng đồng, đích đến của thi hành án hình sự
21627	53303	/hue-nguon-von-nhan-van-tiep-suc-nguoi-lam-lo-tai-hoa-nhap-cong-dong.html	HUẾ: Nguồn vốn nhân văn tiếp sức người lầm lỡ tái hòa nhập cộng đồng
21628	53306	/an-giang-hoi-nghi-trien-khai-tap-huan-cong-tac-thi-hanh-an-hinh-su-tai-cong-dong-va-tai-hoa-nhap-cong-dong-nam-2026.html	AN GIANG: Hội nghị triển khai, tập huấn công tác thi hành án hình sự tại cộng đồng và tái hòa nhập cộng đồng năm 2026
21629	53309	/thanh-hoa-nguon-von-chinh-sach-tiep-suc-nguoi-hoan-luong.html	THANH HOÁ: Nguồn vốn chính sách tiếp sức người hoàn lương
21630	53312	/thanh-hoa-khi-nguoi-tro-ve-co-viec-de-lam.html	THANH HOÁ: Khi người trở về có việc để làm
21631	53315	/an-giang-pho-bien-va-tu-van-phap-luat-cho-pham-nhan-dang-chap-hanh-an.html	AN GIANG: Phổ biến và tư vấn pháp luật cho phạm nhân đang chấp hành án
21632	53318	/gia-lai-hoi-nghi-tong-ket-chuong-trinh-phoi-hop-giao-duc-cai-tao-pham-nhan-trong-do-tuoi-thanh-nien-va-giup-do-tai-hoa-nhap-cong-dong-giai-doan-2021-2025.html	GIA LAI: Hội nghị tổng kết Chương trình phối hợp giáo dục, cải tạo phạm nhân trong độ tuổi thanh niên và giúp đỡ tái hòa nhập cộng đồng giai đoạn 2021 - 2025
21633	53321	/khanh-hoa-tap-huan-chuyen-sau-cong-tac-thi-hanh-an-hinh-su-tai-hoa-nhap-cong-dong-cam-di-khoi-noi-cu-tru-va-ho-tro-tu-phap.html	KHÁNH HOÀ: Tập huấn chuyên sâu công tác thi hành án hình sự, tái hòa nhập cộng đồng, cấm đi khỏi nơi cư trú và hỗ trợ tư pháp
21634	53369	/gia-lai-hoi-nghi-gap-mat-tuyen-truyen-pho-bien-giao-duc-phap-luat-ve-thi-hanh-an-hinh-su-tai-cong-dong-nam-2026.html	GIA LAI: Hội nghị gặp mặt, tuyên truyền, phố biến giáo dục pháp luật về thi hành án hình sự tại cộng đồng năm 2026
21635	53324	/ninh-binh-ra-mat-mo-hinh-diem-tua-ve-cong-tac-tai-hoa-nhap-cong-dong-tren-dia-ban-phuong-phu-ly.html	NINH BÌNH: Ra mắt mô hình “Điểm tựa” về công tác tái hòa nhập cộng đồng trên địa bàn phường Phủ Lý
21636	53327	/da-nang-giao-duc-truyen-thong-qua-nhung-thuoc-phim-ve-cach-mang-thang-tam.html	ĐÀ NẴNG: Giáo dục truyền thống qua những thước phim về cách mạng tháng Tám
21637	53330	/nghe-an-cong-an-xa-tan-phu-ra-mat-mo-hinh-kheo-trong-cong-tac-van-dong-cac-tang-lop-nhan-dan-tham-gia-quan-ly-giao-duc-giup-do-nguoi-tai-hoa-nhap-cong-dong.html	NGHỆ AN: Công an xã Tân Phú ra mắt mô hình “Khéo trong công tác vận động các tầng lớp nhân dân tham gia quản lý, giáo dục, giúp đỡ người tái hoà nhập cộng đồng”
21638	53333	https://drive.google.com/file/d/13DcCASDLfcLvT32I4m0zZzPntBXH3teV/view	NINH BÌNH: Tham luận của Công an tỉnh Ninh Bình về công tác tái hoà nhập cộng đồng
21639	53336	/ninh-binh-phong-canh-sat-thi-hanh-an-hinh-su-va-ho-tro-tu-phap-to-chuc-chuoi-cac-hoat-dong-nhan-dip-ky-niem-81-nam-ngay-truyen-thong-cong-an-nhan-dan-19-8-1945-19-8-2026.html	NINH BÌNH: Phòng Cảnh sát thi hành án hình sự và hỗ trợ tư pháp tổ chức chuỗi các hoạt động nhân dịp kỷ niệm 81 năm Ngày truyền thống Công an nhân dân (19/8/1945 – 19/8/2026)
21640	53339	https://www.youtube.com/watch?v=ygwgYM0yykE&si=Sg5lUVNMAZY3_hn-	BỘ CÔNG AN: Hội nghị tổng kết công tác đặc xá và công tác tái hoà nhập cộng đồng đối với người được đặc xá năm 2026
21641	53342	/lam-dong-phuong-tien-thanh-ra-mat-mo-hinh-cau-noi-tai-hoa-nhap-cong-dong-doi-voi-nguoi-chap-hanh-xong-hinh-phat-tu.html	LÂM ĐỒNG: Phường Tiến Thành ra mắt mô hình “Cầu nối tái hòa nhập cộng đồng đối với người chấp hành xong hình phạt tù”
21642	53345	/hon-13000-nguoi-chap-hanh-xong-an-phat-tu-duoc-vay-1000-ty-dong-von-lam-an.html	BỘ CÔNG AN: Hơn 13.000 người chấp hành xong án phạt tù được vay 1.000 tỷ đồng vốn làm ăn
21643	53348	/ninh-binh-hoi-nghi-tong-ket-cong-tac-dac-xa-va-cong-tac-tai-hoa-nhap-cong-dong-doi-voi-nguoi-duoc-dac-xa-nam-2026.html	NINH BÌNH: Hội nghị tổng kết công tác đặc xá và công tác tái hòa nhập cộng đồng đối với người được đặc xá năm 2026
21644	53351	/dac-xa-chinh-sach-nhan-van-mo-loi-hoan-luong.html	Đặc xá - Chính sách nhân văn, mở lối hoàn lương
21645	53354	/hung-yen-cong-an-xa-van-giang-chu-dong-quan-ly-giao-duc-nguoi-chap-hanh-an-tai-cong-dong.html	HƯNG YÊN: Công an xã Văn Giang chủ động quản lý, giáo dục người chấp hành án tại cộng đồng
21646	53357	/lao-cai-cong-an-tinh-lao-cai-tong-ket-cong-tac-dac-xa-va-tai-hoa-nhap-cong-dong-doi-voi-nguoi-duoc-dac-xa-nam-2026.html	LÀO CAI: Công an tỉnh Lào Cai tổng kết công tác đặc xá và tái hòa nhập cộng đồng đối với người được đặc xá năm 2026
21647	53360	/son-la-cong-an-xa-pung-banh-day-manh-giup-do-nguoi-lam-lo-tai-hoa-nhap-cong-dong.html	SƠN LA: Công an xã Púng Bánh đẩy mạnh giúp đỡ người lầm lỡ tái hòa nhập cộng đồng
21648	53363	/son-la-cong-an-son-la-tap-huan-cong-tac-thi-hanh-an-hinh-su-va-tai-hoa-nhap-cong-dong.html	SƠN LA: Công an Sơn La tập huấn công tác thi hành án hình sự và tái hòa nhập cộng đồng
21649	53366	/dong-nai-cong-an-cac-xa-bom-bo-bu-dang-phuoc-son-nghia-trung-tho-son-va-dak-nhau-da-to-chuc-ky-ket-chuong-trinh-phoi-hop-voi-phong-giao-dich-ngan-hang-chinh-sach-xa-hoi-bu-dang-trong-viec-trien-khai-tin-dung-chinh-sach-ho-tro-tai-hoa-nhap-cong-dong.html	ĐỒNG NAI: Công an các xã Bom Bo, Bù Đăng, Phước Sơn, Nghĩa Trung, Thọ Sơn và Đak Nhau đã tổ chức ký kết chương trình phối hợp với Phòng giao dịch Ngân hàng chính sách xã hội Bù Đăng trong việc triển khai tín dụng chính sách, hỗ trợ tái hòa nhập cộng đồng
21650	53372	/hung-yen-cong-an-xa-nam-tien-hung-ra-mat-mo-hinh-thap-sang-niem-tin-giup-do-nguoi-chap-hanh-xong-an-phat-tu-tai-hoa-nhap-cong-dong.html	HƯNG YÊN: Công an xã Nam Tiên Hưng ra mắt mô hình “Thắp sáng niềm tin” giúp đỡ người chấp hành xong án phạt tù tái hòa nhập cộng đồng
21651	53375	/hung-yen-cong-an-tinh-hung-yen-to-chuc-hop-xet-de-nghi-giam-thoi-han-chap-hanh-an-phat-tu-cho-pham-nhan-dot-02-9-2026.html	HƯNG YÊN: Công an tỉnh Hưng Yên tổ chức họp xét, đề nghị giảm thời hạn chấp hành án phạt tù cho phạm nhân đợt 02/9/2026
21652	53378	https://web.facebook.com/reel/1692239202341596	BỘ CÔNG AN: Đặc xá - Chính sách nhân văn, mở lối hoàn lương
21653	53381	/tuyen-quang-dong-hanh-tiep-suc-giup-nguoi-hoan-luong-tai-hoa-nhap-cong-dong.html	TUYÊN QUANG: Đồng hành, tiếp sức giúp người hoàn lương tái hòa nhập cộng đồng
21654	53384	/quang-ngai-cong-an-tinh-kiem-tra-cong-tac-thi-hanh-an-hinh-su-va-quan-ly-cac-dien-doi-tuong-tai-cac-xa-phia-tay.html	QUẢNG NGÃI: Công an tỉnh kiểm tra công tác thi hành án hình sự và quản lý các diện đối tượng tại các xã phía Tây
21655	53390	/dong-nai-xa-an-phuoc-ra-mat-mo-hinh-ho-tro-vay-von-giup-nguoi-tai-hoa-nhap-cong-dong.html	ĐỒNG NAI: Xã An Phước ra mắt mô hình hỗ trợ vay vốn giúp người tái hòa nhập cộng đồng
21656	53393	/gia-lai-mo-loi-hoan-luong-bang-nghe-nghiep-va-viec-lam.html	GIA LAI: Mở lối hoàn lương bằng nghề nghiệp và việc làm
21657	53396	/can-tho-xa-thoi-an-hoi-ra-mat-mo-hinh-chung-tay-giup-do-nguoi-tai-hoa-nhap-cong-dong.html	CẦN THƠ: Xã Thới An Hội ra mắt mô hình “Chung tay giúp đỡ người tái hòa nhập cộng đồng”
21658	53399	/cao-bang-gieo-mam-hy-vong-giua-dai-ngan.html	CAO BẰNG: Gieo mầm hy vọng giữa đại ngàn
21659	53402	/dak-lak-xa-krong-nang-ra-mat-mo-hinh-quan-ly-giao-duc-giup-do-nguoi-tai-hoa-nhap-cong-dong.html	ĐẮK LẮK: Xã Krông Năng ra mắt mô hình “Quản lý, giáo dục, giúp đỡ người tái hòa nhập cộng đồng”
21660	53405	/bac-ninh-cong-an-xa-lien-bao-to-chuc-hoi-nghi-tuyen-truyen-pho-bien-giao-duc-phap-luat-ve-thi-hanh-an-hinh-su-tai-cong-dong-va-tai-hoa-nhap-cong-dong-nam-2026.html	BẮC NINH: Công an xã Liên Bão tổ chức Hội nghị tuyên truyền, phổ biến, giáo dục pháp luật về thi hành án hình sự tại cộng đồng và tái hòa nhập cộng đồng năm 2026
21661	53408	/quang-ninh-cong-an-phuong-cua-ong-dong-hanh-cung-nguoi-chap-hanh-xong-an-phat-tu-tai-hoa-nhap-cong-dong.html	QUẢNG NINH: Công an phường Cửa Ông đồng hành cùng người chấp hành xong án phạt tù tái hòa nhập cộng đồng
21662	53411	/quang-ninh-cong-an-phuong-mong-cai-1-phoi-hop-ho-tro-vay-von-tao-viec-lam-giup-nguoi-dan-on-dinh-cuoc-song.html	QUẢNG NINH: Công an phường Móng Cái 1 phối hợp hỗ trợ vay vốn, tạo việc làm, giúp người dân ổn định cuộc sống
21663	53414	/quang-ninh-cong-an-xa-thong-nhat-ho-tro-nguoi-chap-hanh-xong-an-phat-tu-tai-hoa-nhap-cong-dong.html	QUẢNG NINH: Công an xã Thống Nhất hỗ trợ người chấp hành xong án phạt tù tái hòa nhập cộng đồng
21664	53417	/quang-ninh-cong-an-xa-ky-thuong-day-manh-so-hoa-ho-so-nang-cao-hieu-qua-cong-tac-tai-hoa-nhap-cong-dong.html	QUẢNG NINH: Công an xã Kỳ Thượng đẩy mạnh số hóa hồ sơ, nâng cao hiệu quả công tác tái hòa nhập cộng đồng
21665	53420	/quang-ninh-cong-an-xa-dam-ha-dong-vien-ho-tro-nguoi-chap-hanh-xong-an-phat-tu-phat-trien-kinh-te-tai-hoa-nhap-cong-dong.html	QUẢNG NINH: Công an xã Đầm Hà động viên, hỗ trợ người chấp hành xong án phạt tù phát triển kinh tế, tái hòa nhập cộng đồng
21666	53423	/hung-yen-cong-an-xa-binh-dinh-ra-mat-mo-hinh-giup-do-nguoi-chap-hanh-xong-an-phat-tu-tai-hoa-nhap-cong-dong.html	HƯNG YÊN: Công an xã Bình Định Ra mắt mô hình "Giúp đỡ người chấp hành xong án phạt tù tái hòa nhập cộng đồng"
21667	53426	/hung-yen-cong-an-xa-hoang-hoa-tham-tang-cuong-cong-tac-quan-ly-giao-duc-nguoi-tai-hoa-nhap-cong-dong.html	HƯNG YÊN: Công an xã Hoàng Hoa Thám tăng cường công tác quản lý, giáo dục người tái hòa nhập cộng đồng
21668	53429	/thai-nguyen-ho-tro-nguoi-chap-hanh-xong-an-phat-tu-va-nguoi-sau-cai-nghien-ma-tuy-tai-hoa-nhap-cong-dong.html	THÁI NGUYÊN: Hỗ trợ người chấp hành xong án phạt tù và người sau cai nghiện ma túy tái hòa nhập cộng đồng
21669	53432	/thai-nguyen-phong-canh-sat-thi-hanh-an-hinh-su-va-ho-tro-tu-phap-to-chuc-le-ra-mat-mo-hinh-dan-van-kheo.html	THÁI NGUYÊN: Phòng Cảnh sát thi hành án hình sự và hỗ trợ tư pháp tổ chức lễ ra mắt mô hình dân vận khéo
21670	53435	/thai-nguyen-tuyen-truyen-pho-bien-giao-duc-phap-luat-ve-thi-hanh-an-hinh-su-tai-cong-dong-va-tai-hoa-nhap.html	THÁI NGUYÊN: Tuyên truyền, phổ biến, giáo dục pháp luật về thi hành án hình sự tại cộng đồng và tái hòa nhập
21671	53438	/thai-nguyen-cong-an-xa-kha-son-dong-hanh-cung-nguoi-chap-hanh-xong-hinh-phat-tu-xay-dung-cuoc-doi-moi.html	THÁI NGUYÊN: Công an xã Kha Sơn đồng hành cùng người chấp hành xong hình phạt tù, xây dựng cuộc đời mới
21672	53441	/thai-nguyen-cong-an-phuong-tich-luong-tich-cuc-ho-tro-giup-do-nguoi-chap-hanh-xong-an-phat-tu-tai-hoa-nhap-cong-dong.html	THÁI NGUYÊN: Công an phường Tích Lương tích cực hỗ trợ, giúp đỡ người chấp hành xong án phạt tù tái hòa nhập cộng đồng
21673	53444	/bo-cong-an-ban-giao-3-co-so-giao-duc-nghe-nghiep-tu-bo-giao-duc-va-dao-tao-ve-bo-cong-an.html	BỘ CÔNG AN: Bàn giao 3 cơ sở giáo dục nghề nghiệp từ Bộ Giáo dục và Đào tạo về Bộ Công an
21674	53447	/nghe-an-phong-canh-sat-thi-hanh-an-hinh-su-va-ho-tro-tu-phap-bat-doi-tuong-truy-na-sau-gan-03-nam-lan-tron.html	NGHỆ AN: Phòng Cảnh sát thi hành án hình sự và hỗ trợ tư pháp bắt đối tượng truy nã sau gần 03 năm lẩn trốn
21675	53450	https://www.youtube.com/watch?v=Wdef2D6FFCI	CẦN THƠ: Tuyên truyền, hỗ trợ người thuộc diện tái hòa nhập cộng đồng
21676	53453	/nghe-an-cong-an-xa-son-lam-ra-mat-02-mo-hinh-dan-van-kheo-an-toan-khong-gian-mang-vung-vang-chuyen-doi-so-va-van-dong-nhan-dan-cung-dong-hanh-trong-cong-tac-tai-hoa-nhap-cong-dong.html	NGHỆ AN: Công an xã Sơn Lâm ra mắt 02 mô hình Dân vận khéo “An toàn không gian mạng, vững vàng chuyển đổi số” và “Vận động Nhân dân cùng đồng hành trong công tác tái hòa nhập cộng đồng”
21677	53456	/dong-thap-to-chuc-hoi-nghi-trien-khai-luat-thi-hanh-an-hinh-su-va-luat-thi-hanh-tam-giu-tam-giam-va-cam-di-khoi-noi-cu-tru.html	ĐỒNG THÁP: Tổ chức Hội nghị triển khai Luật Thi hành án hình sự và Luật Thi hành tạm giữ, tạm giam và cấm đi khỏi nơi cư trú
21678	53459	/lao-cai-tap-huan-cong-tac-thi-hanh-an-hinh-su-tai-cong-dong-va-tai-hoa-nhap-cong-dong.html	LÀO CAI: Tập huấn công tác thi hành án hình sự tại cộng đồng và tái hòa nhập cộng đồng
21679	53462	/khanh-hoa-trai-tam-giam-so-1-to-chuc-hoi-nghi-gia-dinh-pham-nhan-nam-2026.html	KHÁNH HOÀ: Trại tạm giam số 1, tổ chức Hội nghị gia đình phạm nhân năm 2026.
21680	53465	/ninh-binh-hoi-nghi-tang-cuong-kiem-tra-danh-gia-nang-cao-hieu-qua-cong-tac-quan-ly-bao-quan-xu-ly-vat-chung-do-vat-tai-lieu.html	NINH BÌNH: Hội nghị tăng cường kiểm tra, đánh giá, nâng cao hiệu quả công tác quản lý, bảo quản, xử lý vật chứng, đồ vật, tài liệu
21681	53468	/ninh-binh-chuong-trinh-phoi-hop-tiep-nhan-giup-do-nguoi-chap-hanh-xong-an-phat-tu-ve-dia-phuong-viet-tiep-uoc-mo-kien-tao-cuoc-song.html	NINH BÌNH: Chương trình phối hợp “Tiếp nhận, giúp đỡ người chấp hành xong án phạt tù về địa phương viết tiếp ước mơ, kiến tạo cuộc sống”.
21683	53474	/dak-lak-xet-xu-luu-dong-bi-cao-su-dung-trai-phep-chat-ma-tuy-gop-phan-nang-cao-nhan-thuc-phap-luat-cho-nguoi-dan.html	ĐẮK LẮK: Xét xử lưu động bị cáo “Sử dụng trái phép chất ma túy” góp phần nâng cao nhận thức pháp luật cho người dân
21684	53477	/can-tho-phuong-vinh-phuoc-ra-mat-mo-hinh-chung-tay-giup-do-nguoi-hoan-luong.html	CẦN THƠ: phường Vĩnh Phước ra mắt mô hình “Chung tay giúp đỡ người hoàn lương”
21685	53480	/tuyen-quang-son-vi-ho-tro-von-vay-cho-nguoi-chap-hanh-xong-an-phat-tu.html	TUYÊN QUANG: Sơn Vĩ hỗ trợ vốn vay cho người chấp hành xong án phạt tù
