logo.png	Logo.png
favicon.png	favicon.png
favicon.png	Logo-og.png
mainvisual_bg.jpg	2025_01_14_15_49_33_72.jpg
b01_bnr.jpg	Banner_Img_1.jpg
b01_img01.jpg	2025_01_14_16_47_38_48_smallSize.jpg
b01_img01.jpg	2025_01_14_16_47_38_48_mediumSize.jpg
b01_img01.jpg	2025_01_14_16_51_13_90.jpg
b01_img01.jpg	2025_01_14_16_51_13_90_smallSize.jpg
b01_img01.jpg	2025_01_14_16_51_13_90_mediumSize.jpg
b01_img01.jpg	2025_01_14_16_58_25_84_smallSize.jpg
b01_img01.jpg	2025_01_14_16_58_25_84_mediumSize.jpg
b01_img01.jpg	2025_01_14_16_59_38_07_smallSize.jpg
b01_img01.jpg	2025_01_14_16_59_38_07_mediumSize.jpg
b03_bnr.jpg	Banner_Img_2.jpg
b02_img04.jpg	2025_01_15_09_29_52_00_smallSize.jpg
b02_img04.jpg	2025_01_15_09_29_52_00_mediumSize.jpg
b01_img01.jpg	2025_01_15_09_31_26_69_smallSize.jpg
b01_img01.jpg	2025_01_15_09_31_26_69_mediumSize.jpg
b03_img01.jpg	2025_01_15_10_54_44_70_smallSize.jpg
b03_img01.jpg	2025_01_15_10_54_44_70_mediumSize.jpg
b03_img02.jpg	2025_01_15_10_57_57_84_smallSize.jpg
b03_img02.jpg	2025_01_15_10_57_57_84_mediumSize.jpg
b01_img01.jpg	2025_01_15_11_00_26_18_smallSize.jpg
b01_img01.jpg	2025_01_15_11_00_26_18_mediumSize.jpg
diem tua.png	2025_01_17_08_26_06_02.png
diem tua.png	2025_01_17_08_26_06_02_smallSize.png
diem tua.png	2025_01_17_08_26_06_02_mediumSize.png
kien giang.png	2025_01_17_08_28_19_96.png
kien giang.png	2025_01_17_08_28_19_96_smallSize.png
kien giang.png	2025_01_17_08_28_19_96_mediumSize.png
canh cua cd.png	2025_01_17_08_32_05_81.png
canh cua cd.png	2025_01_17_08_32_05_81_smallSize.png
canh cua cd.png	2025_01_17_08_32_05_81_mediumSize.png
Untitled_11-1737072592143.jpg	2025_01_17_09_39_03_01.jpg
Untitled_11-1737072592143.jpg	2025_01_17_09_39_03_01_smallSize.jpg
Untitled_11-1737072592143.jpg	2025_01_17_09_39_03_01_mediumSize.jpg
bai_hoc_4-1737077772966.jpg	2025_01_17_09_42_50_63.jpg
bai_hoc_4-1737077772966.jpg	2025_01_17_09_42_50_63_smallSize.jpg
bai_hoc_4-1737077772966.jpg	2025_01_17_09_42_50_63_mediumSize.jpg
BINHCON9-1736834090230.jpg	2025_01_17_09_45_44_49.jpg
BINHCON9-1736834090230.jpg	2025_01_17_09_45_44_49_smallSize.jpg
BINHCON9-1736834090230.jpg	2025_01_17_09_45_44_49_mediumSize.jpg
de_an_2-1737076740898.jpg	2025_01_17_09_47_27_73.jpg
de_an_2-1737076740898.jpg	2025_01_17_09_47_27_73_smallSize.jpg
de_an_2-1737076740898.jpg	2025_01_17_09_47_27_73_mediumSize.jpg
Hai_Duong_0159-1737076626866.jpg	2025_01_17_09_48_48_97.jpg
Hai_Duong_0159-1737076626866.jpg	2025_01_17_09_48_48_97_smallSize.jpg
Hai_Duong_0159-1737076626866.jpg	2025_01_17_09_48_48_97_mediumSize.jpg
1_2025095947-1737041322068.jpg	2025_01_17_09_50_44_34.jpg
1_2025095947-1737041322068.jpg	2025_01_17_09_50_44_34_smallSize.jpg
1_2025095947-1737041322068.jpg	2025_01_17_09_50_44_34_mediumSize.jpg
ho tro.png	2025_01_18_11_15_46_91.png
ho tro.png	2025_01_18_11_15_46_91_smallSize.png
ho tro.png	2025_01_18_11_15_46_91_mediumSize.png
tin dung.png	2025_01_18_11_16_58_21.png
tin dung.png	2025_01_18_11_16_58_21_smallSize.png
tin dung.png	2025_01_18_11_16_58_21_mediumSize.png
Toan canh hoi nghi.jpg	2025_02_25_10_09_41_63_smallSize.jpg
Toan canh hoi nghi.jpg	2025_02_25_10_09_41_63_mediumSize.jpg
Trao thưởng.jpg	2025_02_25_10_16_01_78.jpg
Trao thưởng.jpg	2025_02_25_10_16_01_78_smallSize.jpg
Trao thưởng.jpg	2025_02_25_10_16_01_78_mediumSize.jpg
TCT00107.JPG	2025_03_07_22_54_14_11.JPG
TCT00107.JPG	2025_03_07_22_54_14_11_smallSize.JPG
TCT00107.JPG	2025_03_07_22_54_14_11_mediumSize.JPG
z6395255110600_97285875b9f6d9c46bb54a6116e1303a.jpg	2025_03_19_08_11_39_29_smallSize.jpg
z6395255110600_97285875b9f6d9c46bb54a6116e1303a.jpg	2025_03_19_08_11_39_29_mediumSize.jpg
z6395257188261_639fa730e6cb8c40a29f25bf32672efc.jpg	2025_03_19_08_12_55_85_smallSize.jpg
z6395257188261_639fa730e6cb8c40a29f25bf32672efc.jpg	2025_03_19_08_12_55_85_mediumSize.jpg
đồng chí thứ trưởng và bí thư tỉnh ủy quảng trị trao chìa khóa tượng trưng và quà của đồng chí bộ trưởng bộ công an cho các hộ dân.jpg	2025_03_19_10_08_11_40_smallSize.jpg
đồng chí thứ trưởng và bí thư tỉnh ủy quảng trị trao chìa khóa tượng trưng và quà của đồng chí bộ trưởng bộ công an cho các hộ dân.jpg	2025_03_19_10_08_11_40_mediumSize.jpg
A1.jpg	2025_04_09_14_06_25_46.jpg
A1.jpg	2025_04_09_14_06_25_46_smallSize.jpg
A1.jpg	2025_04_09_14_06_25_46_mediumSize.jpg
120830-vna_potal_thuc_hien_tot_cong_tac_tai_hoa_nhap_cong_dong_voi_nguoi_chap_hanh_xong_an_phat_tu_7058241.jpg	2025_04_09_14_31_17_71.jpg
120830-vna_potal_thuc_hien_tot_cong_tac_tai_hoa_nhap_cong_dong_voi_nguoi_chap_hanh_xong_an_phat_tu_7058241.jpg	2025_04_09_14_31_17_71_smallSize.jpg
120830-vna_potal_thuc_hien_tot_cong_tac_tai_hoa_nhap_cong_dong_voi_nguoi_chap_hanh_xong_an_phat_tu_7058241.jpg	2025_04_09_14_31_17_71_mediumSize.jpg
ns-2-.jpg	2025_04_09_14_38_39_47.jpg
ns-2-.jpg	2025_04_09_14_38_39_47_smallSize.jpg
ns-2-.jpg	2025_04_09_14_38_39_47_mediumSize.jpg
z5553594422222_46936c95177bf0a3613fa7fcdec2ded2.jpg	2025_04_09_15_41_47_06.jpg
z5553594422222_46936c95177bf0a3613fa7fcdec2ded2.jpg	2025_04_09_15_41_47_06_smallSize.jpg
z5553594422222_46936c95177bf0a3613fa7fcdec2ded2.jpg	2025_04_09_15_41_47_06_mediumSize.jpg
untitled-1_20241113084646.png	2025_04_11_13_58_43_93.png
untitled-1_20241113084646.png	2025_04_11_13_58_43_93_smallSize.png
untitled-1_20241113084646.png	2025_04_11_13_58_43_93_mediumSize.png
03.jpeg	2025_04_14_23_09_59_62.jpeg
03.jpeg	2025_04_14_23_09_59_62_smallSize.jpeg
03.jpeg	2025_04_14_23_09_59_62_mediumSize.jpeg
1.png	2025_04_15_17_37_19_31.png
1.png	2025_04_15_17_37_19_31_smallSize.png
1.png	2025_04_15_17_37_19_31_mediumSize.png
1.jpg	2025_04_15_17_44_17_30.jpg
1.jpg	2025_04_15_17_44_17_30_smallSize.jpg
1.jpg	2025_04_15_17_44_17_30_mediumSize.jpg
t6a_20240919205540.jpg	2025_04_15_17_45_52_65.jpg
t6a_20240919205540.jpg	2025_04_15_17_45_52_65_smallSize.jpg
t6a_20240919205540.jpg	2025_04_15_17_45_52_65_mediumSize.jpg
hg2.jpg	2025_04_15_17_47_51_84.jpg
hg2.jpg	2025_04_15_17_47_51_84_smallSize.jpg
hg2.jpg	2025_04_15_17_47_51_84_mediumSize.jpg
tham_1-1743581585909.jpeg	2025_04_17_07_42_43_26.jpeg
tham_1-1743581585909.jpeg	2025_04_17_07_42_43_26_smallSize.jpeg
tham_1-1743581585909.jpeg	2025_04_17_07_42_43_26_mediumSize.jpeg
IMG_9667-1744801221288.jpeg	2025_04_17_07_54_04_91.jpeg
IMG_9667-1744801221288.jpeg	2025_04_17_07_54_04_91_smallSize.jpeg
IMG_9667-1744801221288.jpeg	2025_04_17_07_54_04_91_mediumSize.jpeg
Anh1.jpg	2025_04_17_10_50_04_04.jpg
Anh1.jpg	2025_04_17_10_50_04_04_smallSize.jpg
Anh1.jpg	2025_04_17_10_50_04_04_mediumSize.jpg
1(162).jpg	2025_04_22_10_27_16_97.jpg
1(162).jpg	2025_04_22_10_27_16_97_smallSize.jpg
1(162).jpg	2025_04_22_10_27_16_97_mediumSize.jpg
l001.jpg	2025_05_03_14_11_37_01.jpg
l001.jpg	2025_05_03_14_11_37_01_smallSize.jpg
l001.jpg	2025_05_03_14_11_37_01_mediumSize.jpg
092.jpg	2025_05_05_11_27_12_53.jpg
092.jpg	2025_05_05_11_27_12_53_smallSize.jpg
092.jpg	2025_05_05_11_27_12_53_mediumSize.jpg
46419793.jpeg	2025_05_05_11_40_53_77.jpeg
46419793.jpeg	2025_05_05_11_40_53_77_smallSize.jpeg
46419793.jpeg	2025_05_05_11_40_53_77_mediumSize.jpeg
anh-pham-tat-nghia.jpg	2025_05_06_15_15_18_12.jpg
anh-pham-tat-nghia.jpg	2025_05_06_15_15_18_12_smallSize.jpg
anh-pham-tat-nghia.jpg	2025_05_06_15_15_18_12_mediumSize.jpg
Anh1 (1).jpg	2025_05_09_15_30_39_31.jpg
Anh1 (1).jpg	2025_05_09_15_30_39_31_smallSize.jpg
Anh1 (1).jpg	2025_05_09_15_30_39_31_mediumSize.jpg
clip_image006(1).jpg	2025_05_09_15_31_21_93.jpg
clip_image006(1).jpg	2025_05_09_15_31_21_93_smallSize.jpg
clip_image006(1).jpg	2025_05_09_15_31_21_93_mediumSize.jpg
Untitled_1-1697098267062.jpg	2025_05_09_15_33_52_38.jpg
Untitled_1-1697098267062.jpg	2025_05_09_15_33_52_38_smallSize.jpg
Untitled_1-1697098267062.jpg	2025_05_09_15_33_52_38_mediumSize.jpg
6.jpeg	2025_05_09_15_34_35_87.jpeg
6.jpeg	2025_05_09_15_34_35_87_smallSize.jpeg
6.jpeg	2025_05_09_15_34_35_87_mediumSize.jpeg
18.7.2024.1.2.jpg	2025_05_09_15_36_56_09.jpg
18.7.2024.1.2.jpg	2025_05_09_15_36_56_09_smallSize.jpg
18.7.2024.1.2.jpg	2025_05_09_15_36_56_09_mediumSize.jpg
cong-an.jpg	2025_05_12_10_09_28_64.jpg
cong-an.jpg	2025_05_12_10_09_28_64_smallSize.jpg
cong-an.jpg	2025_05_12_10_09_28_64_mediumSize.jpg
img_5791.jpg	2025_05_13_07_22_33_58.jpg
img_5791.jpg	2025_05_13_07_22_33_58_smallSize.jpg
img_5791.jpg	2025_05_13_07_22_33_58_mediumSize.jpg
screenshot_1747125006.png	2025_05_13_16_25_53_18.png
screenshot_1747125006.png	2025_05_13_16_25_53_18_smallSize.png
screenshot_1747125006.png	2025_05_13_16_25_53_18_mediumSize.png
123e.jpg	2025_05_16_15_19_29_05.jpg
123e.jpg	2025_05_16_15_19_29_05_smallSize.jpg
123e.jpg	2025_05_16_15_19_29_05_mediumSize.jpg
335071229_762315205105687_3535294489080267939_n.jpg	2025_05_17_16_37_19_80.jpg
335071229_762315205105687_3535294489080267939_n.jpg	2025_05_17_16_37_19_80_smallSize.jpg
335071229_762315205105687_3535294489080267939_n.jpg	2025_05_17_16_37_19_80_mediumSize.jpg
1-1741070358480157287280.jpg	2025_05_17_20_28_15_12.jpg
1-1741070358480157287280.jpg	2025_05_17_20_28_15_12_smallSize.jpg
1-1741070358480157287280.jpg	2025_05_17_20_28_15_12_mediumSize.jpg
01.jpeg	2025_05_21_10_40_32_22.jpeg
01.jpeg	2025_05_21_10_40_32_22_smallSize.jpeg
01.jpeg	2025_05_21_10_40_32_22_mediumSize.jpeg
screenshot_1747800640.png	2025_05_21_11_40_55_33.png
screenshot_1747800640.png	2025_05_21_11_40_55_33_smallSize.png
screenshot_1747800640.png	2025_05_21_11_40_55_33_mediumSize.png
07.jpg	2025_05_21_12_32_16_44.jpg
07.jpg	2025_05_21_12_32_16_44_smallSize.jpg
07.jpg	2025_05_21_12_32_16_44_mediumSize.jpg
screenshot_1747125832.png	2025_05_21_14_08_54_55.png
screenshot_1747125832.png	2025_05_21_14_08_54_55_smallSize.png
screenshot_1747125832.png	2025_05_21_14_08_54_55_mediumSize.png
DSC01098.JPG	2025_05_21_20_28_07_32.JPG
DSC01098.JPG	2025_05_21_20_28_07_32_smallSize.JPG
DSC01098.JPG	2025_05_21_20_28_07_32_mediumSize.JPG
2_chi-1702862572746.jpg	2025_05_25_10_31_06_37.jpg
2_chi-1702862572746.jpg	2025_05_25_10_31_06_37_smallSize.jpg
2_chi-1702862572746.jpg	2025_05_25_10_31_06_37_mediumSize.jpg
5_2024011419.jpg	2025_05_25_11_01_32_26.jpg
5_2024011419.jpg	2025_05_25_11_01_32_26_smallSize.jpg
5_2024011419.jpg	2025_05_25_11_01_32_26_mediumSize.jpg
IMG_0920.JPEG	2025_05_25_11_13_52_54.JPEG
IMG_0920.JPEG	2025_05_25_11_13_52_54_smallSize.JPEG
IMG_0920.JPEG	2025_05_25_11_13_52_54_mediumSize.JPEG
04.png	2025_05_25_11_44_27_49.png
04.png	2025_05_25_11_44_27_49_smallSize.png
04.png	2025_05_25_11_44_27_49_mediumSize.png
01.jpg	2025_05_25_15_42_03_77.jpg
01.jpg	2025_05_25_15_42_03_77_smallSize.jpg
01.jpg	2025_05_25_15_42_03_77_mediumSize.jpg
ong Ban.jpg	2025_05_25_23_03_37_86.jpg
ong Ban.jpg	2025_05_25_23_03_37_86_smallSize.jpg
ong Ban.jpg	2025_05_25_23_03_37_86_mediumSize.jpg
9045.jpeg	2025_05_25_23_09_51_62.jpeg
9045.jpeg	2025_05_25_23_09_51_62_smallSize.jpeg
9045.jpeg	2025_05_25_23_09_51_62_mediumSize.jpeg
scr341.jpeg	2025_05_25_23_12_57_29_smallSize.jpeg
scr341.jpeg	2025_05_25_23_12_57_29_mediumSize.jpeg
kHAT vONG.jpeg	2025_05_25_23_16_59_75.jpeg
kHAT vONG.jpeg	2025_05_25_23_16_59_75_smallSize.jpeg
kHAT vONG.jpeg	2025_05_25_23_16_59_75_mediumSize.jpeg
kICH MUA.jpeg	2025_05_25_23_20_06_14.jpeg
kICH MUA.jpeg	2025_05_25_23_20_06_14_smallSize.jpeg
kICH MUA.jpeg	2025_05_25_23_20_06_14_mediumSize.jpeg
shot_17.jpeg	2025_05_25_23_24_50_04.jpeg
shot_17.jpeg	2025_05_25_23_24_50_04_smallSize.jpeg
shot_17.jpeg	2025_05_25_23_24_50_04_mediumSize.jpeg
01.jpg	2025_05_26_00_05_45_22.jpg
01.jpg	2025_05_26_00_05_45_22_smallSize.jpg
01.jpg	2025_05_26_00_05_45_22_mediumSize.jpg
1.jpg	2025_05_26_00_45_55_54.jpg
1.jpg	2025_05_26_00_45_55_54_smallSize.jpg
1.jpg	2025_05_26_00_45_55_54_mediumSize.jpg
ho-tro-nguoi-hoan-luong-16992460462421471185516.jpg	2025_05_26_08_41_54_22.jpg
ho-tro-nguoi-hoan-luong-16992460462421471185516.jpg	2025_05_26_08_41_54_22_smallSize.jpg
ho-tro-nguoi-hoan-luong-16992460462421471185516.jpg	2025_05_26_08_41_54_22_mediumSize.jpg
243791.jpeg	2025_05_26_14_26_52_28.jpeg
243791.jpeg	2025_05_26_14_26_52_28_smallSize.jpeg
243791.jpeg	2025_05_26_14_26_52_28_mediumSize.jpeg
87eebede484fb1d39085f871fff8af6a(6).jpg	2025_05_27_10_07_14_98.jpg
87eebede484fb1d39085f871fff8af6a(6).jpg	2025_05_27_10_07_14_98_smallSize.jpg
87eebede484fb1d39085f871fff8af6a(6).jpg	2025_05_27_10_07_14_98_mediumSize.jpg
tyu.jpg	2025_05_29_14_53_12_27.jpg
tyu.jpg	2025_05_29_14_53_12_27_smallSize.jpg
tyu.jpg	2025_05_29_14_53_12_27_mediumSize.jpg
image001.jpg	2025_05_29_14_53_59_94.jpg
image001.jpg	2025_05_29_14_53_59_94_smallSize.jpg
image001.jpg	2025_05_29_14_53_59_94_mediumSize.jpg
ninh-binh1-1525.jpg	2025_06_02_08_48_29_88.jpg
ninh-binh1-1525.jpg	2025_06_02_08_48_29_88_smallSize.jpg
ninh-binh1-1525.jpg	2025_06_02_08_48_29_88_mediumSize.jpg
tái hoà nhập1.jpg	2025_06_06_23_50_02_56.jpg
tái hoà nhập1.jpg	2025_06_06_23_50_02_56_smallSize.jpg
tái hoà nhập1.jpg	2025_06_06_23_50_02_56_mediumSize.jpg
tái hoà nhập1.jpg	2025_06_07_10_07_07_78.jpg
tái hoà nhập1.jpg	2025_06_07_10_07_07_78_smallSize.jpg
tái hoà nhập1.jpg	2025_06_07_10_07_07_78_mediumSize.jpg
image001.jpg	2025_07_01_09_25_47_82.jpg
image001.jpg	2025_07_01_09_25_47_82_smallSize.jpg
image001.jpg	2025_07_01_09_25_47_82_mediumSize.jpg
Di ve huong binh minh_.jpg	2025_08_28_21_04_24_46.jpg
Di ve huong binh minh_.jpg	2025_08_28_21_04_24_46_smallSize.jpg
Di ve huong binh minh_.jpg	2025_08_28_21_04_24_46_mediumSize.jpg
2686_n.jpg	2025_08_28_21_33_05_93.jpg
2686_n.jpg	2025_08_28_21_33_05_93_smallSize.jpg
2686_n.jpg	2025_08_28_21_33_05_93_mediumSize.jpg
scre026.jpeg	2025_08_29_08_25_34_18.jpeg
scre026.jpeg	2025_08_29_08_25_34_18_smallSize.jpeg
scre026.jpeg	2025_08_29_08_25_34_18_mediumSize.jpeg
QN3.jpg	2025_09_01_19_05_56_58.jpg
QN3.jpg	2025_09_01_19_05_56_58_smallSize.jpg
QN3.jpg	2025_09_01_19_05_56_58_mediumSize.jpg
QN3.jpg	2025_09_01_19_07_51_43_smallSize.jpg
QN3.jpg	2025_09_01_19_07_51_43_mediumSize.jpg
IMG_4123.JPG	2025_09_01_22_23_06_44.JPG
IMG_4123.JPG	2025_09_01_22_23_06_44_smallSize.JPG
IMG_4123.JPG	2025_09_01_22_23_06_44_mediumSize.JPG
ảnh đại diện công bố QĐ đặc xá Đ2.jpg	2025_09_04_17_12_45_73.jpg
ảnh đại diện công bố QĐ đặc xá Đ2.jpg	2025_09_04_17_12_45_73_smallSize.jpg
ảnh đại diện công bố QĐ đặc xá Đ2.jpg	2025_09_04_17_12_45_73_mediumSize.jpg
a1.jpg	2025_09_04_18_23_04_61.jpg
a1.jpg	2025_09_04_18_23_04_61_smallSize.jpg
a1.jpg	2025_09_04_18_23_04_61_mediumSize.jpg
ảnh 05 9.jpg	2025_09_05_11_35_12_66_smallSize.jpg
ảnh 05 9.jpg	2025_09_05_11_35_12_66_mediumSize.jpg
ảnh 05 9 2.jpg	2025_09_05_11_58_33_58_smallSize.jpg
ảnh 05 9 2.jpg	2025_09_05_11_58_33_58_mediumSize.jpg
Ho_tro_nguoi_hoan_luong_1-1750629929867.jpg	2025_09_05_12_13_40_41.jpg
Ho_tro_nguoi_hoan_luong_1-1750629929867.jpg	2025_09_05_12_13_40_41_smallSize.jpg
Ho_tro_nguoi_hoan_luong_1-1750629929867.jpg	2025_09_05_12_13_40_41_mediumSize.jpg
12478.jpg	2025_09_05_14_31_25_11.jpg
12478.jpg	2025_09_05_14_31_25_11_smallSize.jpg
12478.jpg	2025_09_05_14_31_25_11_mediumSize.jpg
Anh 1.jpg	2025_09_05_15_30_48_44.jpg
Anh 1.jpg	2025_09_05_15_30_48_44_smallSize.jpg
Anh 1.jpg	2025_09_05_15_30_48_44_mediumSize.jpg
1-1.jpg	2025_09_08_10_11_49_79.jpg
1-1.jpg	2025_09_08_10_11_49_79_smallSize.jpg
1-1.jpg	2025_09_08_10_11_49_79_mediumSize.jpg
z6993040331444_098ff871ec9a47821319d8902a45ca32.jpg	2025_09_12_14_44_40_93.jpg
z6993040331444_098ff871ec9a47821319d8902a45ca32.jpg	2025_09_12_14_44_40_93_smallSize.jpg
z6993040331444_098ff871ec9a47821319d8902a45ca32.jpg	2025_09_12_14_44_40_93_mediumSize.jpg
09qc.jpg	2025_09_12_14_54_12_01.jpg
09qc.jpg	2025_09_12_14_54_12_01_smallSize.jpg
09qc.jpg	2025_09_12_14_54_12_01_mediumSize.jpg
02.jpg	2025_09_12_22_17_30_19.jpg
02.jpg	2025_09_12_22_17_30_19_smallSize.jpg
02.jpg	2025_09_12_22_17_30_19_mediumSize.jpg
NB12.jpg	2025_09_13_00_20_21_91.jpg
NB12.jpg	2025_09_13_00_20_21_91_smallSize.jpg
NB12.jpg	2025_09_13_00_20_21_91_mediumSize.jpg
DSC01898.JPG	2025_09_13_10_07_40_68.JPG
DSC01898.JPG	2025_09_13_10_07_40_68_smallSize.JPG
DSC01898.JPG	2025_09_13_10_07_40_68_mediumSize.JPG
Vĩnh Phúc cũ.jpg	2025_09_13_15_41_18_07_smallSize.jpg
Vĩnh Phúc cũ.jpg	2025_09_13_15_41_18_07_mediumSize.jpg
1254dhe .jpg	2025_09_13_15_42_36_82.jpg
1254dhe .jpg	2025_09_13_15_42_36_82_smallSize.jpg
1254dhe .jpg	2025_09_13_15_42_36_82_mediumSize.jpg
01(2) (1).jpg	2025_09_15_14_51_05_20_smallSize.jpg
01(2) (1).jpg	2025_09_15_14_51_05_20_mediumSize.jpg
DSC_9695(1).jpg	2025_09_15_15_55_21_36_smallSize.jpg
DSC_9695(1).jpg	2025_09_15_15_55_21_36_mediumSize.jpg
DSC_9695(1) (1).jpg	2025_09_15_16_06_57_32.jpg
DSC_9695(1) (1).jpg	2025_09_15_16_06_57_32_smallSize.jpg
DSC_9695(1) (1).jpg	2025_09_15_16_06_57_32_mediumSize.jpg
a123.jpg	2025_09_15_17_21_39_11.jpg
a123.jpg	2025_09_15_17_21_39_11_smallSize.jpg
a123.jpg	2025_09_15_17_21_39_11_mediumSize.jpg
b134.jpg	2025_09_15_17_29_37_49.jpg
b134.jpg	2025_09_15_17_29_37_49_smallSize.jpg
b134.jpg	2025_09_15_17_29_37_49_mediumSize.jpg
conduonghuongthien_gif.gif	Header_Banner.gif
2abc.jpg	2025_09_16_10_05_37_25.jpg
2abc.jpg	2025_09_16_10_05_37_25_smallSize.jpg
2abc.jpg	2025_09_16_10_05_37_25_mediumSize.jpg
2agg.jpg	2025_09_16_10_25_27_07.jpg
2agg.jpg	2025_09_16_10_25_27_07_smallSize.jpg
2agg.jpg	2025_09_16_10_25_27_07_mediumSize.jpg
3abc.jpg	2025_09_16_10_33_00_21.jpg
3abc.jpg	2025_09_16_10_33_00_21_smallSize.jpg
3abc.jpg	2025_09_16_10_33_00_21_mediumSize.jpg
3aaa.jpg	2025_09_16_10_50_10_01.jpg
3aaa.jpg	2025_09_16_10_50_10_01_smallSize.jpg
3aaa.jpg	2025_09_16_10_50_10_01_mediumSize.jpg
4aaa.jpeg	2025_09_16_11_12_51_81.jpeg
4aaa.jpeg	2025_09_16_11_12_51_81_smallSize.jpeg
4aaa.jpeg	2025_09_16_11_12_51_81_mediumSize.jpeg
5acb.jpg	2025_09_16_11_36_55_59.jpg
5acb.jpg	2025_09_16_11_36_55_59_smallSize.jpg
5acb.jpg	2025_09_16_11_36_55_59_mediumSize.jpg
vn1.jpg	2025_09_16_11_44_17_52.jpg
vn1.jpg	2025_09_16_11_44_17_52_smallSize.jpg
vn1.jpg	2025_09_16_11_44_17_52_mediumSize.jpg
fdtyrjyjyjj.jpg	2025_09_16_14_33_36_11.jpg
fdtyrjyjyjj.jpg	2025_09_16_14_33_36_11_smallSize.jpg
fdtyrjyjyjj.jpg	2025_09_16_14_33_36_11_mediumSize.jpg
6acb.jpg	2025_09_16_14_37_39_96.jpg
6acb.jpg	2025_09_16_14_37_39_96_smallSize.jpg
6acb.jpg	2025_09_16_14_37_39_96_mediumSize.jpg
5vbm.jpg	2025_09_16_14_58_01_83.jpg
5vbm.jpg	2025_09_16_14_58_01_83_smallSize.jpg
5vbm.jpg	2025_09_16_14_58_01_83_mediumSize.jpg
7acb.jpg	2025_09_16_17_57_55_09.jpg
7acb.jpg	2025_09_16_17_57_55_09_smallSize.jpg
7acb.jpg	2025_09_16_17_57_55_09_mediumSize.jpg
IMG_3037-1758013796086.jpg	2025_09_16_19_32_50_37.jpg
IMG_3037-1758013796086.jpg	2025_09_16_19_32_50_37_smallSize.jpg
IMG_3037-1758013796086.jpg	2025_09_16_19_32_50_37_mediumSize.jpg
1.jpg	2025_09_16_20_53_51_30.jpg
1.jpg	2025_09_16_20_53_51_30_smallSize.jpg
1.jpg	2025_09_16_20_53_51_30_mediumSize.jpg
image_6.png	2025_09_16_21_02_59_34.png
image_6.png	2025_09_16_21_02_59_34_smallSize.png
image_6.png	2025_09_16_21_02_59_34_mediumSize.png
DX4.jpg	2025_09_16_21_35_11_76.jpg
DX4.jpg	2025_09_16_21_35_11_76_smallSize.jpg
DX4.jpg	2025_09_16_21_35_11_76_mediumSize.jpg
3a3c16f9-c1bf-4dca-a4fa-a567acaa900c.jpeg	2025_09_16_21_49_42_24.jpeg
3a3c16f9-c1bf-4dca-a4fa-a567acaa900c.jpeg	2025_09_16_21_49_42_24_smallSize.jpeg
3a3c16f9-c1bf-4dca-a4fa-a567acaa900c.jpeg	2025_09_16_21_49_42_24_mediumSize.jpeg
1asdg.jpg	2025_09_16_22_10_19_56.jpg
1asdg.jpg	2025_09_16_22_10_19_56_smallSize.jpg
1asdg.jpg	2025_09_16_22_10_19_56_mediumSize.jpg
4.jpg	2025_09_16_22_19_40_27.jpg
4.jpg	2025_09_16_22_19_40_27_smallSize.jpg
4.jpg	2025_09_16_22_19_40_27_mediumSize.jpg
image001.png	2025_09_16_22_34_51_86.png
image001.png	2025_09_16_22_34_51_86_smallSize.png
image001.png	2025_09_16_22_34_51_86_mediumSize.png
1_dsc4640.jpg	2025_09_16_22_41_57_77.jpg
1_dsc4640.jpg	2025_09_16_22_41_57_77_smallSize.jpg
1_dsc4640.jpg	2025_09_16_22_41_57_77_mediumSize.jpg
gen-h-z6966097442693_db50f1cb691e4be5700d17046daa9049.jpg	2025_09_16_22_53_28_14.jpg
gen-h-z6966097442693_db50f1cb691e4be5700d17046daa9049.jpg	2025_09_16_22_53_28_14_smallSize.jpg
gen-h-z6966097442693_db50f1cb691e4be5700d17046daa9049.jpg	2025_09_16_22_53_28_14_mediumSize.jpg
z7018808264950_0493af25b960a086d10251f169534b14.jpg	2025_09_16_22_55_05_19.jpg
z7018808264950_0493af25b960a086d10251f169534b14.jpg	2025_09_16_22_55_05_19_smallSize.jpg
z7018808264950_0493af25b960a086d10251f169534b14.jpg	2025_09_16_22_55_05_19_mediumSize.jpg
z6966753940819_97bef0789ac03376bc7e79ee1974ad9d.jpg	2025_09_16_23_02_30_81.jpg
z6966753940819_97bef0789ac03376bc7e79ee1974ad9d.jpg	2025_09_16_23_02_30_81_smallSize.jpg
z6966753940819_97bef0789ac03376bc7e79ee1974ad9d.jpg	2025_09_16_23_02_30_81_mediumSize.jpg
9290.jpg	2025_09_17_08_32_54_18.jpg
9290.jpg	2025_09_17_08_32_54_18_smallSize.jpg
9290.jpg	2025_09_17_08_32_54_18_mediumSize.jpg
taihoaHt.jpg	2025_09_17_09_53_29_67.jpg
taihoaHt.jpg	2025_09_17_09_53_29_67_smallSize.jpg
taihoaHt.jpg	2025_09_17_09_53_29_67_mediumSize.jpg
2agj.jpg	2025_09_17_10_14_04_09.jpg
2agj.jpg	2025_09_17_10_14_04_09_smallSize.jpg
2agj.jpg	2025_09_17_10_14_04_09_mediumSize.jpg
1adt.jpg	2025_09_17_10_24_35_23.jpg
1adt.jpg	2025_09_17_10_24_35_23_smallSize.jpg
1adt.jpg	2025_09_17_10_24_35_23_mediumSize.jpg
8ion.jpg	2025_09_18_14_55_28_13.jpg
8ion.jpg	2025_09_18_14_55_28_13_smallSize.jpg
8ion.jpg	2025_09_18_14_55_28_13_mediumSize.jpg
7lll.jpg	2025_09_18_15_40_52_42.jpg
7lll.jpg	2025_09_18_15_40_52_42_smallSize.jpg
7lll.jpg	2025_09_18_15_40_52_42_mediumSize.jpg
gen-n-z7013948272507_20143b8c7113c74433b84c5bcd36bdc8.jpg	2025_09_18_16_37_18_83.jpg
gen-n-z7013948272507_20143b8c7113c74433b84c5bcd36bdc8.jpg	2025_09_18_16_37_18_83_smallSize.jpg
gen-n-z7013948272507_20143b8c7113c74433b84c5bcd36bdc8.jpg	2025_09_18_16_37_18_83_mediumSize.jpg
gen-h-z6959864181382_60e944af01d4c229691ad5090cbb3f5a.jpg	2025_09_18_16_46_34_09.jpg
gen-h-z6959864181382_60e944af01d4c229691ad5090cbb3f5a.jpg	2025_09_18_16_46_34_09_smallSize.jpg
gen-h-z6959864181382_60e944af01d4c229691ad5090cbb3f5a.jpg	2025_09_18_16_46_34_09_mediumSize.jpg
nhan vat.jpeg	2025_09_19_17_19_43_64.jpeg
nhan vat.jpeg	2025_09_19_17_19_43_64_smallSize.jpeg
nhan vat.jpeg	2025_09_19_17_19_43_64_mediumSize.jpeg
screenshot_1758278363.jpeg	2025_09_19_17_39_49_92.jpeg
screenshot_1758278363.jpeg	2025_09_19_17_39_49_92_smallSize.jpeg
screenshot_1758278363.jpeg	2025_09_19_17_39_49_92_mediumSize.jpeg
7uuk.jpg	2025_09_19_19_50_13_18.jpg
7uuk.jpg	2025_09_19_19_50_13_18_smallSize.jpg
7uuk.jpg	2025_09_19_19_50_13_18_mediumSize.jpg
pc10.jpg	2025_09_19_20_25_39_88.jpg
pc10.jpg	2025_09_19_20_25_39_88_smallSize.jpg
pc10.jpg	2025_09_19_20_25_39_88_mediumSize.jpg
95763_giai_ngan_von_vay_tai_diem_giao_dich_xa_hong_minh_09171819.jpg	2025_09_19_20_33_45_19.jpg
95763_giai_ngan_von_vay_tai_diem_giao_dich_xa_hong_minh_09171819.jpg	2025_09_19_20_33_45_19_smallSize.jpg
95763_giai_ngan_von_vay_tai_diem_giao_dich_xa_hong_minh_09171819.jpg	2025_09_19_20_33_45_19_mediumSize.jpg
z7020949835479_c6b2ebea73ad8db6fe3fccc59b6ba06d.jpg	2025_09_19_20_45_53_04.jpg
z7020949835479_c6b2ebea73ad8db6fe3fccc59b6ba06d.jpg	2025_09_19_20_45_53_04_smallSize.jpg
z7020949835479_c6b2ebea73ad8db6fe3fccc59b6ba06d.jpg	2025_09_19_20_45_53_04_mediumSize.jpg
1ddb.jpg	2025_09_19_20_59_29_57.jpg
1ddb.jpg	2025_09_19_20_59_29_57_smallSize.jpg
1ddb.jpg	2025_09_19_20_59_29_57_mediumSize.jpg
screenshot_1758292394.jpeg	2025_09_19_21_41_09_15.jpeg
screenshot_1758292394.jpeg	2025_09_19_21_41_09_15_smallSize.jpeg
screenshot_1758292394.jpeg	2025_09_19_21_41_09_15_mediumSize.jpeg
screenshot_1758294380.jpeg	2025_09_19_22_09_31_60.jpeg
screenshot_1758294380.jpeg	2025_09_19_22_09_31_60_smallSize.jpeg
screenshot_1758294380.jpeg	2025_09_19_22_09_31_60_mediumSize.jpeg
screenshot_1758294856.jpeg	2025_09_19_22_17_21_07.jpeg
screenshot_1758294856.jpeg	2025_09_19_22_17_21_07_smallSize.jpeg
screenshot_1758294856.jpeg	2025_09_19_22_17_21_07_mediumSize.jpeg
screenshot_1758295716.jpeg	2025_09_19_22_31_15_92.jpeg
screenshot_1758295716.jpeg	2025_09_19_22_31_15_92_smallSize.jpeg
screenshot_1758295716.jpeg	2025_09_19_22_31_15_92_mediumSize.jpeg
screenshot_1758296452.jpeg	2025_09_19_22_51_06_51.jpeg
screenshot_1758296452.jpeg	2025_09_19_22_51_06_51_smallSize.jpeg
screenshot_1758296452.jpeg	2025_09_19_22_51_06_51_mediumSize.jpeg
nhcs-cd2-7746.jpg	2025_09_19_23_08_27_48.jpg
nhcs-cd2-7746.jpg	2025_09_19_23_08_27_48_smallSize.jpg
nhcs-cd2-7746.jpg	2025_09_19_23_08_27_48_mediumSize.jpg
Still003.jpg	2025_09_20_00_53_43_12.jpg
Still003.jpg	2025_09_20_00_53_43_12_smallSize.jpg
Still003.jpg	2025_09_20_00_53_43_12_mediumSize.jpg
screenshot_1758335162.png	2025_09_20_09_28_58_64.png
screenshot_1758335162.png	2025_09_20_09_28_58_64_smallSize.png
screenshot_1758335162.png	2025_09_20_09_28_58_64_mediumSize.png
screenshot_1758335840.png	2025_09_20_09_40_54_27.png
screenshot_1758335840.png	2025_09_20_09_40_54_27_smallSize.png
screenshot_1758335840.png	2025_09_20_09_40_54_27_mediumSize.png
screenshot_1758338002.png	2025_09_20_10_14_01_37.png
screenshot_1758338002.png	2025_09_20_10_14_01_37_smallSize.png
screenshot_1758338002.png	2025_09_20_10_14_01_37_mediumSize.png
548683442_1182297717268153_8286227800368982175_n.jpg	2025_09_20_10_50_26_42.jpg
548683442_1182297717268153_8286227800368982175_n.jpg	2025_09_20_10_50_26_42_smallSize.jpg
548683442_1182297717268153_8286227800368982175_n.jpg	2025_09_20_10_50_26_42_mediumSize.jpg
z7031262009393_e9fea762830d35118395617e72833fdc.jpg	2025_09_20_12_19_58_66.jpg
z7031262009393_e9fea762830d35118395617e72833fdc.jpg	2025_09_20_12_19_58_66_smallSize.jpg
z7031262009393_e9fea762830d35118395617e72833fdc.jpg	2025_09_20_12_19_58_66_mediumSize.jpg
548193598_1121558920079777_6690537576897441859_n.jpg	2025_09_20_20_26_18_40.jpg
548193598_1121558920079777_6690537576897441859_n.jpg	2025_09_20_20_26_18_40_smallSize.jpg
548193598_1121558920079777_6690537576897441859_n.jpg	2025_09_20_20_26_18_40_mediumSize.jpg
545618316_1117913200444349_3688019526813814780_n.jpg	2025_09_20_20_29_50_71.jpg
545618316_1117913200444349_3688019526813814780_n.jpg	2025_09_20_20_29_50_71_smallSize.jpg
545618316_1117913200444349_3688019526813814780_n.jpg	2025_09_20_20_29_50_71_mediumSize.jpg
img_1307.jpg	2025_09_20_20_33_48_04.jpg
img_1307.jpg	2025_09_20_20_33_48_04_smallSize.jpg
img_1307.jpg	2025_09_20_20_33_48_04_mediumSize.jpg
27uuo.jpg	2025_09_22_10_01_48_49.jpg
27uuo.jpg	2025_09_22_10_01_48_49_smallSize.jpg
27uuo.jpg	2025_09_22_10_01_48_49_mediumSize.jpg
8KKK.jpg	2025_09_22_10_28_17_09.jpg
8KKK.jpg	2025_09_22_10_28_17_09_smallSize.jpg
8KKK.jpg	2025_09_22_10_28_17_09_mediumSize.jpg
6lll.jpg	2025_09_22_10_54_25_22_smallSize.jpg
6lll.jpg	2025_09_22_10_54_25_22_mediumSize.jpg
1000007061.jpg	2025_09_24_08_22_31_00.jpg
1000007061.jpg	2025_09_24_08_22_31_00_smallSize.jpg
1000007061.jpg	2025_09_24_08_22_31_00_mediumSize.jpg
screenshot_1758679946.png	2025_09_24_09_15_28_53.png
screenshot_1758679946.png	2025_09_24_09_15_28_53_smallSize.png
screenshot_1758679946.png	2025_09_24_09_15_28_53_mediumSize.png
z6814152640976a9ad688acd9aedc2ba8e9722d144ced0-17527472774951462359206.jpg	2025_09_24_09_30_35_53_smallSize.jpg
z6814152640976a9ad688acd9aedc2ba8e9722d144ced0-17527472774951462359206.jpg	2025_09_24_09_30_35_53_mediumSize.jpg
aaaac.png	2025_09_25_08_33_32_55.png
aaaac.png	2025_09_25_08_33_32_55_smallSize.png
aaaac.png	2025_09_25_08_33_32_55_mediumSize.png
z6812856580769cfed6ed694d51bc93e26747e6d8d07f3-1752747511388930410373.jpg	2025_09_28_09_42_02_44.jpg
z6812856580769cfed6ed694d51bc93e26747e6d8d07f3-1752747511388930410373.jpg	2025_09_28_09_42_02_44_smallSize.jpg
z6812856580769cfed6ed694d51bc93e26747e6d8d07f3-1752747511388930410373.jpg	2025_09_28_09_42_02_44_mediumSize.jpg
Lang .jpg	2025_09_28_19_51_46_95.jpg
Lang .jpg	2025_09_28_19_51_46_95_smallSize.jpg
Lang .jpg	2025_09_28_19_51_46_95_mediumSize.jpg
01.jpg	2025_09_28_23_19_56_67.jpg
01.jpg	2025_09_28_23_19_56_67_smallSize.jpg
01.jpg	2025_09_28_23_19_56_67_mediumSize.jpg
gen-h-H1-625031.jpg	2025_09_29_20_47_55_41.jpg
gen-h-H1-625031.jpg	2025_09_29_20_47_55_41_smallSize.jpg
gen-h-H1-625031.jpg	2025_09_29_20_47_55_41_mediumSize.jpg
screenshot_1759157915.jpeg	2025_09_29_22_03_24_40.jpeg
screenshot_1759157915.jpeg	2025_09_29_22_03_24_40_smallSize.jpeg
screenshot_1759157915.jpeg	2025_09_29_22_03_24_40_mediumSize.jpeg
549162951_122207083568275654_5248952666972194644_n.jpg	2025_09_29_22_20_32_57.jpg
549162951_122207083568275654_5248952666972194644_n.jpg	2025_09_29_22_20_32_57_smallSize.jpg
549162951_122207083568275654_5248952666972194644_n.jpg	2025_09_29_22_20_32_57_mediumSize.jpg
gen-h-z7029093368483_3f67909099b28b304d5af28d6aafa49a.jpg	2025_09_29_22_26_17_59.jpg
gen-h-z7029093368483_3f67909099b28b304d5af28d6aafa49a.jpg	2025_09_29_22_26_17_59_smallSize.jpg
gen-h-z7029093368483_3f67909099b28b304d5af28d6aafa49a.jpg	2025_09_29_22_26_17_59_mediumSize.jpg
PV1.jpg	2025_09_30_22_12_24_90.jpg
PV1.jpg	2025_09_30_22_12_24_90_smallSize.jpg
PV1.jpg	2025_09_30_22_12_24_90_mediumSize.jpg
112-jpg.jpg	2025_10_03_11_31_14_32.jpg
112-jpg.jpg	2025_10_03_11_31_14_32_smallSize.jpg
112-jpg.jpg	2025_10_03_11_31_14_32_mediumSize.jpg
screenshot_1759466193.jpeg	2025_10_03_11_42_05_00.jpeg
screenshot_1759466193.jpeg	2025_10_03_11_42_05_00_smallSize.jpeg
screenshot_1759466193.jpeg	2025_10_03_11_42_05_00_mediumSize.jpeg
screenshot_1759466777.jpeg	2025_10_03_12_00_31_58.jpeg
screenshot_1759466777.jpeg	2025_10_03_12_00_31_58_smallSize.jpeg
screenshot_1759466777.jpeg	2025_10_03_12_00_31_58_mediumSize.jpeg
ed-1.jpg	2025_10_16_23_42_24_44_smallSize.jpg
ed-1.jpg	2025_10_16_23_42_24_44_mediumSize.jpg
5.jpg	2025_10_16_23_43_59_56.jpg
5.jpg	2025_10_16_23_43_59_56_smallSize.jpg
5.jpg	2025_10_16_23_43_59_56_mediumSize.jpg
z7133204354718_16b232d61c690c3a77fa52c1ac78ae1d.jpg	2025_10_19_17_26_28_80.jpg
z7133204354718_16b232d61c690c3a77fa52c1ac78ae1d.jpg	2025_10_19_17_26_28_80_smallSize.jpg
z7133204354718_16b232d61c690c3a77fa52c1ac78ae1d.jpg	2025_10_19_17_26_28_80_mediumSize.jpg
z7163415361551_47cbef40f9e6750b03492bc31f444779.jpg	2025_10_28_12_48_46_61.jpg
z7163415361551_47cbef40f9e6750b03492bc31f444779.jpg	2025_10_28_12_48_46_61_smallSize.jpg
z7163415361551_47cbef40f9e6750b03492bc31f444779.jpg	2025_10_28_12_48_46_61_mediumSize.jpg
Artboard 1.jpg	2025_10_31_16_31_36_40.jpg
Artboard 1.jpg	2025_10_31_16_31_36_40_smallSize.jpg
Artboard 1.jpg	2025_10_31_16_31_36_40_mediumSize.jpg
2456.jpg	2025_11_01_08_17_19_63.jpg
2456.jpg	2025_11_01_08_17_19_63_smallSize.jpg
2456.jpg	2025_11_01_08_17_19_63_mediumSize.jpg
screenshot_1761969193a.jpeg	2025_11_01_10_54_37_66.jpeg
screenshot_1761969193a.jpeg	2025_11_01_10_54_37_66_smallSize.jpeg
screenshot_1761969193a.jpeg	2025_11_01_10_54_37_66_mediumSize.jpeg
gen-h-H1-625031.jpg	2025_11_03_10_28_10_50.jpg
gen-h-H1-625031.jpg	2025_11_03_10_28_10_50_smallSize.jpg
gen-h-H1-625031.jpg	2025_11_03_10_28_10_50_mediumSize.jpg
rgdfgf.jpg	2025_11_03_10_58_07_32.jpg
rgdfgf.jpg	2025_11_03_10_58_07_32_smallSize.jpg
rgdfgf.jpg	2025_11_03_10_58_07_32_mediumSize.jpg
AKL123.jpg	2025_11_03_11_44_18_73.jpg
AKL123.jpg	2025_11_03_11_44_18_73_smallSize.jpg
AKL123.jpg	2025_11_03_11_44_18_73_mediumSize.jpg
A1234.jpeg	2025_11_03_14_07_07_44.jpeg
A1234.jpeg	2025_11_03_14_07_07_44_smallSize.jpeg
A1234.jpeg	2025_11_03_14_07_07_44_mediumSize.jpeg
IMG_9982-e1761836089683.jpg	2025_11_03_14_27_10_33.jpg
IMG_9982-e1761836089683.jpg	2025_11_03_14_27_10_33_smallSize.jpg
IMG_9982-e1761836089683.jpg	2025_11_03_14_27_10_33_mediumSize.jpg
z7086242184619_da555a33243a073060ba477a7124c2eb.jpg	2025_11_03_14_31_53_61.jpg
z7086242184619_da555a33243a073060ba477a7124c2eb.jpg	2025_11_03_14_31_53_61_smallSize.jpg
z7086242184619_da555a33243a073060ba477a7124c2eb.jpg	2025_11_03_14_31_53_61_mediumSize.jpg
AGHL1.jpg	2025_11_03_14_52_45_67.jpg
AGHL1.jpg	2025_11_03_14_52_45_67_smallSize.jpg
AGHL1.jpg	2025_11_03_14_52_45_67_mediumSize.jpg
4c.jpg	2025_11_03_14_56_35_57.jpg
4c.jpg	2025_11_03_14_56_35_57_smallSize.jpg
4c.jpg	2025_11_03_14_56_35_57_mediumSize.jpg
A112.jpg	2025_11_03_15_06_32_56.jpg
A112.jpg	2025_11_03_15_06_32_56_smallSize.jpg
A112.jpg	2025_11_03_15_06_32_56_mediumSize.jpg
123AAA.jpeg	2025_11_03_15_33_49_16.jpeg
123AAA.jpeg	2025_11_03_15_33_49_16_smallSize.jpeg
123AAA.jpeg	2025_11_03_15_33_49_16_mediumSize.jpeg
12WWW.jpg	2025_11_03_15_42_45_18.jpg
12WWW.jpg	2025_11_03_15_42_45_18_smallSize.jpg
12WWW.jpg	2025_11_03_15_42_45_18_mediumSize.jpg
2AAC.jpg	2025_11_03_15_51_43_07.jpg
2AAC.jpg	2025_11_03_15_51_43_07_smallSize.jpg
2AAC.jpg	2025_11_03_15_51_43_07_mediumSize.jpg
1_140.jpg	2025_11_03_16_02_33_15.jpg
1_140.jpg	2025_11_03_16_02_33_15_smallSize.jpg
1_140.jpg	2025_11_03_16_02_33_15_mediumSize.jpg
3_86.jpg	2025_11_03_16_16_35_97_smallSize.jpg
3_86.jpg	2025_11_03_16_16_35_97_mediumSize.jpg
12Q.jpg	2025_11_03_16_36_22_43_smallSize.jpg
12Q.jpg	2025_11_03_16_36_22_43_mediumSize.jpg
10.jpg	2025_11_03_17_15_45_00.jpg
10.jpg	2025_11_03_17_15_45_00_smallSize.jpg
10.jpg	2025_11_03_17_15_45_00_mediumSize.jpg
43.jpg	2025_11_03_17_21_59_58_smallSize.jpg
43.jpg	2025_11_03_17_21_59_58_mediumSize.jpg
2daoxa161025.jpg	2025_11_03_17_28_57_71.jpg
2daoxa161025.jpg	2025_11_03_17_28_57_71_smallSize.jpg
2daoxa161025.jpg	2025_11_03_17_28_57_71_mediumSize.jpg
anh1-pc10.jpg	2025_11_03_17_40_38_99.jpg
anh1-pc10.jpg	2025_11_03_17_40_38_99_smallSize.jpg
anh1-pc10.jpg	2025_11_03_17_40_38_99_mediumSize.jpg
IMG_6575.jpeg	2025_11_03_17_48_23_00.jpeg
IMG_6575.jpeg	2025_11_03_17_48_23_00_smallSize.jpeg
IMG_6575.jpeg	2025_11_03_17_48_23_00_mediumSize.jpeg
quang-canh-hoi-nghi-tuyen-truyen.jpg	2025_11_03_17_54_37_63.jpg
quang-canh-hoi-nghi-tuyen-truyen.jpg	2025_11_03_17_54_37_63_smallSize.jpg
quang-canh-hoi-nghi-tuyen-truyen.jpg	2025_11_03_17_54_37_63_mediumSize.jpg
IMG_6598.jpeg	2025_11_04_11_51_45_27_smallSize.jpeg
IMG_6598.jpeg	2025_11_04_11_51_45_27_mediumSize.jpeg
2AAC.jpeg	2025_11_04_12_00_48_30.jpeg
2AAC.jpeg	2025_11_04_12_00_48_30_smallSize.jpeg
2AAC.jpeg	2025_11_04_12_00_48_30_mediumSize.jpeg
ABC12.jpeg	2025_11_04_14_14_56_29.jpeg
ABC12.jpeg	2025_11_04_14_14_56_29_smallSize.jpeg
ABC12.jpeg	2025_11_04_14_14_56_29_mediumSize.jpeg
ubnd30102023005.jpg	2025_11_04_15_42_58_70.jpg
ubnd30102023005.jpg	2025_11_04_15_42_58_70_smallSize.jpg
ubnd30102023005.jpg	2025_11_04_15_42_58_70_mediumSize.jpg
1_1.jpg	2025_11_04_16_07_47_05.jpg
1_1.jpg	2025_11_04_16_07_47_05_smallSize.jpg
1_1.jpg	2025_11_04_16_07_47_05_mediumSize.jpg
AHJ1.jpeg	2025_11_04_16_18_34_86.jpeg
AHJ1.jpeg	2025_11_04_16_18_34_86_smallSize.jpeg
AHJ1.jpeg	2025_11_04_16_18_34_86_mediumSize.jpeg
61.jpeg	2025_11_04_16_29_29_26.jpeg
61.jpeg	2025_11_04_16_29_29_26_smallSize.jpeg
61.jpeg	2025_11_04_16_29_29_26_mediumSize.jpeg
img_4362.jpg	2025_11_04_16_48_28_38_smallSize.jpg
img_4362.jpg	2025_11_04_16_48_28_38_mediumSize.jpg
010.jpeg	2025_11_04_16_57_23_26.jpeg
010.jpeg	2025_11_04_16_57_23_26_smallSize.jpeg
010.jpeg	2025_11_04_16_57_23_26_mediumSize.jpeg
ngan-hang-1_20251024084545.jpg	2025_11_04_17_24_46_56.jpg
ngan-hang-1_20251024084545.jpg	2025_11_04_17_24_46_56_smallSize.jpg
ngan-hang-1_20251024084545.jpg	2025_11_04_17_24_46_56_mediumSize.jpg
anh-8-2.jpg	2025_11_04_17_35_10_61.jpg
anh-8-2.jpg	2025_11_04_17_35_10_61_smallSize.jpg
anh-8-2.jpg	2025_11_04_17_35_10_61_mediumSize.jpg
06969.jpeg	2025_11_05_08_45_54_48.jpeg
06969.jpeg	2025_11_05_08_45_54_48_smallSize.jpeg
06969.jpeg	2025_11_05_08_45_54_48_mediumSize.jpeg
ho-tro.jpg	2025_11_05_08_54_47_48.jpg
ho-tro.jpg	2025_11_05_08_54_47_48_smallSize.jpg
ho-tro.jpg	2025_11_05_08_54_47_48_mediumSize.jpg
z7176172916168_fd9a05c0f24aed852e2883a3302154d6638975442577201328.jpg	2025_11_05_09_17_21_88_smallSize.jpg
z7176172916168_fd9a05c0f24aed852e2883a3302154d6638975442577201328.jpg	2025_11_05_09_17_21_88_mediumSize.jpg
Anh_2_1_1-1762225359915.jpg	2025_11_05_09_24_26_78_smallSize.jpg
Anh_2_1_1-1762225359915.jpg	2025_11_05_09_24_26_78_mediumSize.jpg
picture1_22.jpg	2025_11_05_09_33_57_39.jpg
picture1_22.jpg	2025_11_05_09_33_57_39_smallSize.jpg
picture1_22.jpg	2025_11_05_09_33_57_39_mediumSize.jpg
20.jpeg	2025_11_05_09_41_50_47.jpeg
20.jpeg	2025_11_05_09_41_50_47_smallSize.jpeg
20.jpeg	2025_11_05_09_41_50_47_mediumSize.jpeg
lai-chau3-031025.jpg	2025_11_05_09_53_32_32.jpg
lai-chau3-031025.jpg	2025_11_05_09_53_32_32_smallSize.jpg
lai-chau3-031025.jpg	2025_11_05_09_53_32_32_mediumSize.jpg
image-20250923145241-1.jpeg	2025_11_05_09_58_39_32.jpeg
image-20250923145241-1.jpeg	2025_11_05_09_58_39_32_smallSize.jpeg
image-20250923145241-1.jpeg	2025_11_05_09_58_39_32_mediumSize.jpeg
screenshot_1762311789.jpeg	2025_11_05_10_38_52_83_smallSize.jpeg
screenshot_1762311789.jpeg	2025_11_05_10_38_52_83_mediumSize.jpeg
1762496751.jpeg	2025_11_07_13_52_47_21.jpeg
1762496751.jpeg	2025_11_07_13_52_47_21_smallSize.jpeg
1762496751.jpeg	2025_11_07_13_52_47_21_mediumSize.jpeg
B_3F_d_3F_2-1762389418175.jpg	2025_11_07_13_59_08_09.jpg
B_3F_d_3F_2-1762389418175.jpg	2025_11_07_13_59_08_09_smallSize.jpg
B_3F_d_3F_2-1762389418175.jpg	2025_11_07_13_59_08_09_mediumSize.jpg
z7090709079719_36fb37e4710194c11ba0f57e90d32244638955057553794511.jpg	2025_11_07_14_16_46_24.jpg
z7090709079719_36fb37e4710194c11ba0f57e90d32244638955057553794511.jpg	2025_11_07_14_16_46_24_smallSize.jpg
z7090709079719_36fb37e4710194c11ba0f57e90d32244638955057553794511.jpg	2025_11_07_14_16_46_24_mediumSize.jpg
1753-gn-1-211703_298.jpg	2025_11_07_15_02_07_87.jpg
1753-gn-1-211703_298.jpg	2025_11_07_15_02_07_87_smallSize.jpg
1753-gn-1-211703_298.jpg	2025_11_07_15_02_07_87_mediumSize.jpg
Untid-1.jpg	2025_11_07_22_35_07_54.jpg
Untid-1.jpg	2025_11_07_22_35_07_54_smallSize.jpg
Untid-1.jpg	2025_11_07_22_35_07_54_mediumSize.jpg
z7199258983618_32b375584e178ebc71cda9c599873f9a.jpg	2025_11_07_22_48_37_70_smallSize.jpg
z7199258983618_32b375584e178ebc71cda9c599873f9a.jpg	2025_11_07_22_48_37_70_mediumSize.jpg
z7202631262139_7dd6dcc3bbdc766c134a22ed49339d63.jpg	2025_11_08_17_15_02_23.jpg
z7202631262139_7dd6dcc3bbdc766c134a22ed49339d63.jpg	2025_11_08_17_15_02_23_smallSize.jpg
z7202631262139_7dd6dcc3bbdc766c134a22ed49339d63.jpg	2025_11_08_17_15_02_23_mediumSize.jpg
a1.jpg	2025_11_10_09_26_26_08.jpg
a1.jpg	2025_11_10_09_26_26_08_smallSize.jpg
a1.jpg	2025_11_10_09_26_26_08_mediumSize.jpg
1.png	2025_11_10_09_36_59_83_smallSize.png
1.png	2025_11_10_09_36_59_83_mediumSize.png
4794e39b-44ad-4bca-937e-9a4b27a60f6d.jpg	2025_11_10_09_45_57_29.jpg
4794e39b-44ad-4bca-937e-9a4b27a60f6d.jpg	2025_11_10_09_45_57_29_smallSize.jpg
4794e39b-44ad-4bca-937e-9a4b27a60f6d.jpg	2025_11_10_09_45_57_29_mediumSize.jpg
91.jpeg	2025_11_10_10_12_07_34.jpeg
91.jpeg	2025_11_10_10_12_07_34_smallSize.jpeg
91.jpeg	2025_11_10_10_12_07_34_mediumSize.jpeg
photo-library-20251107144902-5c4f8c53-d418-4e62-821f-bd66c37f5ae7-z7182278345805-499e5319e20f3755d60837bf3bef8a8e-1.jpg	2025_11_10_10_27_43_52.jpg
photo-library-20251107144902-5c4f8c53-d418-4e62-821f-bd66c37f5ae7-z7182278345805-499e5319e20f3755d60837bf3bef8a8e-1.jpg	2025_11_10_10_27_43_52_smallSize.jpg
photo-library-20251107144902-5c4f8c53-d418-4e62-821f-bd66c37f5ae7-z7182278345805-499e5319e20f3755d60837bf3bef8a8e-1.jpg	2025_11_10_10_27_43_52_mediumSize.jpg
530.jpeg	2025_11_10_10_38_12_99_smallSize.jpeg
530.jpeg	2025_11_10_10_38_12_99_mediumSize.jpeg
screenshot_1762746205.jpeg	2025_11_10_10_47_48_69.jpeg
screenshot_1762746205.jpeg	2025_11_10_10_47_48_69_smallSize.jpeg
screenshot_1762746205.jpeg	2025_11_10_10_47_48_69_mediumSize.jpeg
690e05c108dcb36fd59e5e8c.jpg	2025_11_10_10_51_28_35.jpg
690e05c108dcb36fd59e5e8c.jpg	2025_11_10_10_51_28_35_smallSize.jpg
690e05c108dcb36fd59e5e8c.jpg	2025_11_10_10_51_28_35_mediumSize.jpg
576462570_122144243108937800_237901731906658861_n638981015854940869.jpg	2025_11_10_11_05_59_48_smallSize.jpg
576462570_122144243108937800_237901731906658861_n638981015854940869.jpg	2025_11_10_11_05_59_48_mediumSize.jpg
24.jpeg	2025_11_10_11_53_18_68_smallSize.jpeg
24.jpeg	2025_11_10_11_53_18_68_mediumSize.jpeg
screenshot_1762757757.jpeg	2025_11_10_14_00_54_66.jpeg
screenshot_1762757757.jpeg	2025_11_10_14_00_54_66_smallSize.jpeg
screenshot_1762757757.jpeg	2025_11_10_14_00_54_66_mediumSize.jpeg
z71710218432858a6da0e62380577ee3101372532944c1.jpg	2025_11_10_14_33_11_92.jpg
z71710218432858a6da0e62380577ee3101372532944c1.jpg	2025_11_10_14_33_11_92_smallSize.jpg
z71710218432858a6da0e62380577ee3101372532944c1.jpg	2025_11_10_14_33_11_92_mediumSize.jpg
screenshot_1762846224.jpeg	2025_11_11_14_38_49_33.jpeg
screenshot_1762846224.jpeg	2025_11_11_14_38_49_33_smallSize.jpeg
screenshot_1762846224.jpeg	2025_11_11_14_38_49_33_mediumSize.jpeg
THA1-1762565881337.jpg	2025_11_11_14_59_47_73.jpg
THA1-1762565881337.jpg	2025_11_11_14_59_47_73_smallSize.jpg
THA1-1762565881337.jpg	2025_11_11_14_59_47_73_mediumSize.jpg
KT01__360x480.jpg	2025_11_11_15_16_06_56_smallSize.jpg
KT01__360x480.jpg	2025_11_11_15_16_06_56_mediumSize.jpg
2025-09-28.09-27-32.jpg	2025_11_11_15_35_41_79.jpg
2025-09-28.09-27-32.jpg	2025_11_11_15_35_41_79_smallSize.jpg
2025-09-28.09-27-32.jpg	2025_11_11_15_35_41_79_mediumSize.jpg
img_1307.jpg	2025_11_11_15_54_40_50.jpg
img_1307.jpg	2025_11_11_15_54_40_50_smallSize.jpg
img_1307.jpg	2025_11_11_15_54_40_50_mediumSize.jpg
screenshot_1762851478.jpeg	2025_11_11_16_03_04_61.jpeg
screenshot_1762851478.jpeg	2025_11_11_16_03_04_61_smallSize.jpeg
screenshot_1762851478.jpeg	2025_11_11_16_03_04_61_mediumSize.jpeg
7090-342f.jpg	2025_11_11_16_15_51_54.jpg
7090-342f.jpg	2025_11_11_16_15_51_54_smallSize.jpg
7090-342f.jpg	2025_11_11_16_15_51_54_mediumSize.jpg
IMG_4192-1762845613296.jpg	2025_11_11_16_33_59_01.jpg
IMG_4192-1762845613296.jpg	2025_11_11_16_33_59_01_smallSize.jpg
IMG_4192-1762845613296.jpg	2025_11_11_16_33_59_01_mediumSize.jpg
QD_22-1760399739980.jpg	2025_11_11_16_37_34_08.jpg
QD_22-1760399739980.jpg	2025_11_11_16_37_34_08_smallSize.jpg
QD_22-1760399739980.jpg	2025_11_11_16_37_34_08_mediumSize.jpg
screenshot_1762854256.jpeg	2025_11_11_16_47_54_74.jpeg
screenshot_1762854256.jpeg	2025_11_11_16_47_54_74_smallSize.jpeg
screenshot_1762854256.jpeg	2025_11_11_16_47_54_74_mediumSize.jpeg
549162951_122207083568275654_5248952666972194644_n.jpg	2025_11_11_16_54_35_89.jpg
549162951_122207083568275654_5248952666972194644_n.jpg	2025_11_11_16_54_35_89_smallSize.jpg
549162951_122207083568275654_5248952666972194644_n.jpg	2025_11_11_16_54_35_89_mediumSize.jpg
ninh-binh-hieu-qua-ro-net-trong-cong-tac-tai-hoa-nhap-cong-dong-1762851704.jpg	2025_11_11_17_03_24_93.jpg
ninh-binh-hieu-qua-ro-net-trong-cong-tac-tai-hoa-nhap-cong-dong-1762851704.jpg	2025_11_11_17_03_24_93_smallSize.jpg
ninh-binh-hieu-qua-ro-net-trong-cong-tac-tai-hoa-nhap-cong-dong-1762851704.jpg	2025_11_11_17_03_24_93_mediumSize.jpg
screenshot_1762855640.jpeg	2025_11_11_17_26_09_61.jpeg
screenshot_1762855640.jpeg	2025_11_11_17_26_09_61_smallSize.jpeg
screenshot_1762855640.jpeg	2025_11_11_17_26_09_61_mediumSize.jpeg
screenshot_1763123732.jpeg	2025_11_14_19_38_44_33.jpeg
screenshot_1763123732.jpeg	2025_11_14_19_38_44_33_smallSize.jpeg
screenshot_1763123732.jpeg	2025_11_14_19_38_44_33_mediumSize.jpeg
z7061079804345bd838aef9857cdc62e6af8138fd6bf7a.jpg	2025_11_14_19_57_19_00.jpg
z7061079804345bd838aef9857cdc62e6af8138fd6bf7a.jpg	2025_11_14_19_57_19_00_smallSize.jpg
z7061079804345bd838aef9857cdc62e6af8138fd6bf7a.jpg	2025_11_14_19_57_19_00_mediumSize.jpg
z6991740037956_468f825197822c292f78ca16903167d3.jpg	2025_11_14_20_09_03_59.jpg
z6991740037956_468f825197822c292f78ca16903167d3.jpg	2025_11_14_20_09_03_59_smallSize.jpg
z6991740037956_468f825197822c292f78ca16903167d3.jpg	2025_11_14_20_09_03_59_mediumSize.jpg
screenshot_1763126476.jpeg	2025_11_14_20_21_42_87.jpeg
screenshot_1763126476.jpeg	2025_11_14_20_21_42_87_smallSize.jpeg
screenshot_1763126476.jpeg	2025_11_14_20_21_42_87_mediumSize.jpeg
screenshot_1763126588.jpeg	2025_11_14_20_27_49_41.jpeg
screenshot_1763126588.jpeg	2025_11_14_20_27_49_41_smallSize.jpeg
screenshot_1763126588.jpeg	2025_11_14_20_27_49_41_mediumSize.jpeg
dia-chi-phong-thi-hanh-an-dan-su-ha-noi.jpg	2025_11_14_20_33_40_72.jpg
dia-chi-phong-thi-hanh-an-dan-su-ha-noi.jpg	2025_11_14_20_33_40_72_smallSize.jpg
dia-chi-phong-thi-hanh-an-dan-su-ha-noi.jpg	2025_11_14_20_33_40_72_mediumSize.jpg
screenshot_1763127734.jpeg	2025_11_14_20_42_41_00.jpeg
screenshot_1763127734.jpeg	2025_11_14_20_42_41_00_smallSize.jpeg
screenshot_1763127734.jpeg	2025_11_14_20_42_41_00_mediumSize.jpeg
z7176172916168_fd9a05c0f24aed852e2883a3302154d6638975442577201328.jpg	2025_11_14_20_59_53_47.jpg
z7176172916168_fd9a05c0f24aed852e2883a3302154d6638975442577201328.jpg	2025_11_14_20_59_53_47_smallSize.jpg
z7176172916168_fd9a05c0f24aed852e2883a3302154d6638975442577201328.jpg	2025_11_14_20_59_53_47_mediumSize.jpg
68f72c6a33b9a.jpg	2025_11_14_21_14_14_35.jpg
68f72c6a33b9a.jpg	2025_11_14_21_14_14_35_smallSize.jpg
68f72c6a33b9a.jpg	2025_11_14_21_14_14_35_mediumSize.jpg
10.jpg	2025_11_14_21_18_50_32.jpg
10.jpg	2025_11_14_21_18_50_32_smallSize.jpg
10.jpg	2025_11_14_21_18_50_32_mediumSize.jpg
581848660_122140998314932294_7175730754264575182_n.jpg	2025_11_14_21_26_32_65_smallSize.jpg
581848660_122140998314932294_7175730754264575182_n.jpg	2025_11_14_21_26_32_65_mediumSize.jpg
screenshot_1763130778.jpeg	2025_11_14_21_33_34_65.jpeg
screenshot_1763130778.jpeg	2025_11_14_21_33_34_65_smallSize.jpeg
screenshot_1763130778.jpeg	2025_11_14_21_33_34_65_mediumSize.jpeg
1-139742.png	2025_11_14_21_49_49_39.png
1-139742.png	2025_11_14_21_49_49_39_smallSize.png
1-139742.png	2025_11_14_21_49_49_39_mediumSize.png
thn.jpg	2025_11_14_21_57_00_21.jpg
thn.jpg	2025_11_14_21_57_00_21_smallSize.jpg
thn.jpg	2025_11_14_21_57_00_21_mediumSize.jpg
screenshot_1763132396.jpeg	2025_11_14_22_02_46_79.jpeg
screenshot_1763132396.jpeg	2025_11_14_22_02_46_79_smallSize.jpeg
screenshot_1763132396.jpeg	2025_11_14_22_02_46_79_mediumSize.jpeg
581848660_122140998314932294_7175730754264575182_n.jpg	2025_11_14_22_22_14_67.jpg
581848660_122140998314932294_7175730754264575182_n.jpg	2025_11_14_22_22_14_67_smallSize.jpg
581848660_122140998314932294_7175730754264575182_n.jpg	2025_11_14_22_22_14_67_mediumSize.jpg
screenshot_1763385444.jpeg	2025_11_17_20_20_57_01.jpeg
screenshot_1763385444.jpeg	2025_11_17_20_20_57_01_smallSize.jpeg
screenshot_1763385444.jpeg	2025_11_17_20_20_57_01_mediumSize.jpeg
691895c208dcb36fd59eb25a.png	2025_11_17_20_29_34_31.png
691895c208dcb36fd59eb25a.png	2025_11_17_20_29_34_31_smallSize.png
691895c208dcb36fd59eb25a.png	2025_11_17_20_29_34_31_mediumSize.png
image.jpg	2025_11_17_21_22_24_84.jpg
image.jpg	2025_11_17_21_22_24_84_smallSize.jpg
image.jpg	2025_11_17_21_22_24_84_mediumSize.jpg
z7218565441350_ff74fd1311e26aa9260b6edf9522c2b7.jpg	2025_11_18_14_26_10_74.jpg
z7218565441350_ff74fd1311e26aa9260b6edf9522c2b7.jpg	2025_11_18_14_26_10_74_smallSize.jpg
z7218565441350_ff74fd1311e26aa9260b6edf9522c2b7.jpg	2025_11_18_14_26_10_74_mediumSize.jpg
z7211117434223_6e6b88bcce34533d39a857b3a0616349.jpg	2025_11_18_14_32_35_99_smallSize.jpg
z7211117434223_6e6b88bcce34533d39a857b3a0616349.jpg	2025_11_18_14_32_35_99_mediumSize.jpg
screenshot_1763452270.jpeg	2025_11_18_14_53_55_91.jpeg
screenshot_1763452270.jpeg	2025_11_18_14_53_55_91_smallSize.jpeg
screenshot_1763452270.jpeg	2025_11_18_14_53_55_91_mediumSize.jpeg
image_473.png	2025_11_18_15_28_44_74.png
image_473.png	2025_11_18_15_28_44_74_smallSize.png
image_473.png	2025_11_18_15_28_44_74_mediumSize.png
12.jpg	2025_11_18_16_10_08_92.jpg
12.jpg	2025_11_18_16_10_08_92_smallSize.jpg
12.jpg	2025_11_18_16_10_08_92_mediumSize.jpg
aa.jpg	2025_11_18_16_21_33_28.jpg
aa.jpg	2025_11_18_16_21_33_28_smallSize.jpg
aa.jpg	2025_11_18_16_21_33_28_mediumSize.jpg
image-20250905144706-1.png	2025_11_18_16_41_14_31_smallSize.png
image-20250905144706-1.png	2025_11_18_16_41_14_31_mediumSize.png
z7097397242900_eec113a621a7fb5e04be46eb3330baaa_20251009154613.jpg	2025_11_18_16_48_17_86.jpg
z7097397242900_eec113a621a7fb5e04be46eb3330baaa_20251009154613.jpg	2025_11_18_16_48_17_86_smallSize.jpg
z7097397242900_eec113a621a7fb5e04be46eb3330baaa_20251009154613.jpg	2025_11_18_16_48_17_86_mediumSize.jpg
screenshot_1763459790.jpeg	2025_11_18_16_56_52_08.jpeg
screenshot_1763459790.jpeg	2025_11_18_16_56_52_08_smallSize.jpeg
screenshot_1763459790.jpeg	2025_11_18_16_56_52_08_mediumSize.jpeg
anh-8-2.jpg	2025_11_18_17_15_26_75.jpg
anh-8-2.jpg	2025_11_18_17_15_26_75_smallSize.jpg
anh-8-2.jpg	2025_11_18_17_15_26_75_mediumSize.jpg
image-20251029111020-1.jpeg	2025_11_18_20_06_48_33.jpeg
image-20251029111020-1.jpeg	2025_11_18_20_06_48_33_smallSize.jpeg
image-20251029111020-1.jpeg	2025_11_18_20_06_48_33_mediumSize.jpeg
z7141590267650_7047588ee6bff6600f26b372222db101.jpg	2025_11_18_20_38_36_18.jpg
z7141590267650_7047588ee6bff6600f26b372222db101.jpg	2025_11_18_20_38_36_18_smallSize.jpg
z7141590267650_7047588ee6bff6600f26b372222db101.jpg	2025_11_18_20_38_36_18_mediumSize.jpg
screenshot_1763473919.jpeg	2025_11_18_20_52_20_82.jpeg
screenshot_1763473919.jpeg	2025_11_18_20_52_20_82_smallSize.jpeg
screenshot_1763473919.jpeg	2025_11_18_20_52_20_82_mediumSize.jpeg
z7167639505595_210a96280d1337c145ad28420308d34f.jpg	2025_11_18_21_18_54_56.jpg
z7167639505595_210a96280d1337c145ad28420308d34f.jpg	2025_11_18_21_18_54_56_smallSize.jpg
z7167639505595_210a96280d1337c145ad28420308d34f.jpg	2025_11_18_21_18_54_56_mediumSize.jpg
Ảnh bài 2.jpg	2025_11_18_21_26_12_64.jpg
Ảnh bài 2.jpg	2025_11_18_21_26_12_64_smallSize.jpg
Ảnh bài 2.jpg	2025_11_18_21_26_12_64_mediumSize.jpg
screenshot_1763476669.jpeg	2025_11_18_21_41_07_46.jpeg
screenshot_1763476669.jpeg	2025_11_18_21_41_07_46_smallSize.jpeg
screenshot_1763476669.jpeg	2025_11_18_21_41_07_46_mediumSize.jpeg
582214045_4075799139337515_60804392583969306_n.jpg	2025_11_18_21_52_20_90.jpg
582214045_4075799139337515_60804392583969306_n.jpg	2025_11_18_21_52_20_90_smallSize.jpg
582214045_4075799139337515_60804392583969306_n.jpg	2025_11_18_21_52_20_90_mediumSize.jpg
image-20251118081025-1.png	2025_11_18_22_06_18_58.png
image-20251118081025-1.png	2025_11_18_22_06_18_58_smallSize.png
image-20251118081025-1.png	2025_11_18_22_06_18_58_mediumSize.png
screenshot_1763627903.jpeg	2025_11_20_15_40_53_60.jpeg
screenshot_1763627903.jpeg	2025_11_20_15_40_53_60_smallSize.jpeg
screenshot_1763627903.jpeg	2025_11_20_15_40_53_60_mediumSize.jpeg
screenshot_1763628393.jpeg	2025_11_20_15_48_10_76.jpeg
screenshot_1763628393.jpeg	2025_11_20_15_48_10_76_smallSize.jpeg
screenshot_1763628393.jpeg	2025_11_20_15_48_10_76_mediumSize.jpeg
z7250966996380_410f0cffb9847355ca379f30f088818f.jpg	2025_11_22_14_10_35_99.jpg
z7250966996380_410f0cffb9847355ca379f30f088818f.jpg	2025_11_22_14_10_35_99_smallSize.jpg
z7250966996380_410f0cffb9847355ca379f30f088818f.jpg	2025_11_22_14_10_35_99_mediumSize.jpg
image-20251122120511-1.jpeg	2025_11_22_16_07_47_90.jpeg
image-20251122120511-1.jpeg	2025_11_22_16_07_47_90_smallSize.jpeg
image-20251122120511-1.jpeg	2025_11_22_16_07_47_90_mediumSize.jpeg
586538321_1156323816666462_2461682323989733960_n.jpg	2025_11_22_16_17_42_57.jpg
586538321_1156323816666462_2461682323989733960_n.jpg	2025_11_22_16_17_42_57_smallSize.jpg
586538321_1156323816666462_2461682323989733960_n.jpg	2025_11_22_16_17_42_57_mediumSize.jpg
z7246752004089_ce2aaf9c2289be88c6a129b9f8dca353.jpg	2025_11_24_20_00_54_19.jpg
z7246752004089_ce2aaf9c2289be88c6a129b9f8dca353.jpg	2025_11_24_20_00_54_19_smallSize.jpg
z7246752004089_ce2aaf9c2289be88c6a129b9f8dca353.jpg	2025_11_24_20_00_54_19_mediumSize.jpg
z7258509220015_94a673eb58567a1e525a7d51046189f4.jpg	2025_11_24_20_22_55_22.jpg
z7258509220015_94a673eb58567a1e525a7d51046189f4.jpg	2025_11_24_20_22_55_22_smallSize.jpg
z7258509220015_94a673eb58567a1e525a7d51046189f4.jpg	2025_11_24_20_22_55_22_mediumSize.jpg
screenshot_1764029493.jpeg	2025_11_25_07_53_49_81.jpeg
screenshot_1764029493.jpeg	2025_11_25_07_53_49_81_smallSize.jpeg
screenshot_1764029493.jpeg	2025_11_25_07_53_49_81_mediumSize.jpeg
z7233312989051_62ebe6939fb99b2505ed6b3fe92bfc25.jpg	2025_11_25_16_47_24_32.jpg
z7233312989051_62ebe6939fb99b2505ed6b3fe92bfc25.jpg	2025_11_25_16_47_24_32_smallSize.jpg
z7233312989051_62ebe6939fb99b2505ed6b3fe92bfc25.jpg	2025_11_25_16_47_24_32_mediumSize.jpg
screenshot_1764409579.jpeg	2025_11_29_16_53_24_07.jpeg
screenshot_1764409579.jpeg	2025_11_29_16_53_24_07_smallSize.jpeg
screenshot_1764409579.jpeg	2025_11_29_16_53_24_07_mediumSize.jpeg
screenshot_1764410148.jpeg	2025_11_29_17_01_29_07.jpeg
screenshot_1764410148.jpeg	2025_11_29_17_01_29_07_smallSize.jpeg
screenshot_1764410148.jpeg	2025_11_29_17_01_29_07_mediumSize.jpeg
screenshot_1764411043.jpeg	2025_11_29_17_11_10_29.jpeg
screenshot_1764411043.jpeg	2025_11_29_17_11_10_29_smallSize.jpeg
screenshot_1764411043.jpeg	2025_11_29_17_11_10_29_mediumSize.jpeg
tha01.jpg	2025_11_29_17_27_59_35.jpg
tha01.jpg	2025_11_29_17_27_59_35_smallSize.jpg
tha01.jpg	2025_11_29_17_27_59_35_mediumSize.jpg
screenshot_1764412740.jpeg	2025_11_29_17_42_05_37.jpeg
screenshot_1764412740.jpeg	2025_11_29_17_42_05_37_smallSize.jpeg
screenshot_1764412740.jpeg	2025_11_29_17_42_05_37_mediumSize.jpeg
538133571_804226458612142_3417665122512501959_n.jpg	2025_11_29_17_48_57_45.jpg
538133571_804226458612142_3417665122512501959_n.jpg	2025_11_29_17_48_57_45_smallSize.jpg
538133571_804226458612142_3417665122512501959_n.jpg	2025_11_29_17_48_57_45_mediumSize.jpg
591259333_861822056612796_3118433684900230762_n.jpg	2025_11_29_18_01_54_85.jpg
591259333_861822056612796_3118433684900230762_n.jpg	2025_11_29_18_01_54_85_smallSize.jpg
591259333_861822056612796_3118433684900230762_n.jpg	2025_11_29_18_01_54_85_mediumSize.jpg
screenshot_1764414838.jpeg	2025_11_29_18_14_16_92.jpeg
screenshot_1764414838.jpeg	2025_11_29_18_14_16_92_smallSize.jpeg
screenshot_1764414838.jpeg	2025_11_29_18_14_16_92_mediumSize.jpeg
screenshot_1764415036.jpeg	2025_11_29_18_21_52_06.jpeg
screenshot_1764415036.jpeg	2025_11_29_18_21_52_06_smallSize.jpeg
screenshot_1764415036.jpeg	2025_11_29_18_21_52_06_mediumSize.jpeg
z7203273913949_067d4af30258df25508285ecf86319e9638982292702623171.jpg	2025_11_29_18_40_18_53.jpg
z7203273913949_067d4af30258df25508285ecf86319e9638982292702623171.jpg	2025_11_29_18_40_18_53_smallSize.jpg
z7203273913949_067d4af30258df25508285ecf86319e9638982292702623171.jpg	2025_11_29_18_40_18_53_mediumSize.jpg
screenshot_1764416852.jpeg	2025_11_29_18_50_53_81.jpeg
screenshot_1764416852.jpeg	2025_11_29_18_50_53_81_smallSize.jpeg
screenshot_1764416852.jpeg	2025_11_29_18_50_53_81_mediumSize.jpeg
z7233312989051_62ebe6939fb99b2505ed6b3fe92bfc25.jpg	2025_11_29_18_56_40_43.jpg
z7233312989051_62ebe6939fb99b2505ed6b3fe92bfc25.jpg	2025_11_29_18_56_40_43_smallSize.jpg
z7233312989051_62ebe6939fb99b2505ed6b3fe92bfc25.jpg	2025_11_29_18_56_40_43_mediumSize.jpg
anh-2_22.jpg	2025_11_29_19_02_13_63.jpg
anh-2_22.jpg	2025_11_29_19_02_13_63_smallSize.jpg
anh-2_22.jpg	2025_11_29_19_02_13_63_mediumSize.jpg
screenshot_1764417944.jpeg	2025_11_29_19_06_55_78.jpeg
screenshot_1764417944.jpeg	2025_11_29_19_06_55_78_smallSize.jpeg
screenshot_1764417944.jpeg	2025_11_29_19_06_55_78_mediumSize.jpeg
Tu-Van-Viec-Lam_A.jpg	2025_11_29_19_11_25_83.jpg
Tu-Van-Viec-Lam_A.jpg	2025_11_29_19_11_25_83_smallSize.jpg
Tu-Van-Viec-Lam_A.jpg	2025_11_29_19_11_25_83_mediumSize.jpg
screenshot_1764418558.jpeg	2025_11_29_19_18_51_91.jpeg
screenshot_1764418558.jpeg	2025_11_29_19_18_51_91_smallSize.jpeg
screenshot_1764418558.jpeg	2025_11_29_19_18_51_91_mediumSize.jpeg
screenshot_1764419275.jpeg	2025_11_29_19_32_25_00_smallSize.jpeg
screenshot_1764419275.jpeg	2025_11_29_19_32_25_00_mediumSize.jpeg
screenshot_1764419734.jpeg	2025_11_29_19_37_44_02.jpeg
screenshot_1764419734.jpeg	2025_11_29_19_37_44_02_smallSize.jpeg
screenshot_1764419734.jpeg	2025_11_29_19_37_44_02_mediumSize.jpeg
screenshot_1764420131.jpeg	2025_11_29_19_47_23_62.jpeg
screenshot_1764420131.jpeg	2025_11_29_19_47_23_62_smallSize.jpeg
screenshot_1764420131.jpeg	2025_11_29_19_47_23_62_mediumSize.jpeg
thn.jpg	2025_11_29_19_55_18_79_smallSize.jpg
thn.jpg	2025_11_29_19_55_18_79_mediumSize.jpg
ccfd3ceb-420b-4dbe-b962-7cc85a2c491d.jpg	2025_11_29_20_09_18_31.jpg
ccfd3ceb-420b-4dbe-b962-7cc85a2c491d.jpg	2025_11_29_20_09_18_31_smallSize.jpg
ccfd3ceb-420b-4dbe-b962-7cc85a2c491d.jpg	2025_11_29_20_09_18_31_mediumSize.jpg
screenshot_1764421970.jpeg	2025_11_29_20_15_40_71.jpeg
screenshot_1764421970.jpeg	2025_11_29_20_15_40_71_smallSize.jpeg
screenshot_1764421970.jpeg	2025_11_29_20_15_40_71_mediumSize.jpeg
s Cuong pb.jpg	2025_11_29_20_24_45_17.jpg
s Cuong pb.jpg	2025_11_29_20_24_45_17_smallSize.jpg
s Cuong pb.jpg	2025_11_29_20_24_45_17_mediumSize.jpg
screenshot_1764423222.jpeg	2025_11_29_20_38_24_97.jpeg
screenshot_1764423222.jpeg	2025_11_29_20_38_24_97_smallSize.jpeg
screenshot_1764423222.jpeg	2025_11_29_20_38_24_97_mediumSize.jpeg
screenshot_1764424679.jpeg	2025_11_29_21_02_54_31.jpeg
screenshot_1764424679.jpeg	2025_11_29_21_02_54_31_smallSize.jpeg
screenshot_1764424679.jpeg	2025_11_29_21_02_54_31_mediumSize.jpeg
screenshot_1764425285.jpeg	2025_11_29_21_09_34_88.jpeg
screenshot_1764425285.jpeg	2025_11_29_21_09_34_88_smallSize.jpeg
screenshot_1764425285.jpeg	2025_11_29_21_09_34_88_mediumSize.jpeg
screenshot_1764425666.jpeg	2025_11_29_21_15_15_30.jpeg
screenshot_1764425666.jpeg	2025_11_29_21_15_15_30_smallSize.jpeg
screenshot_1764425666.jpeg	2025_11_29_21_15_15_30_mediumSize.jpeg
ngan-hang-chinh-sach-xa-hoi-tinh-khanh-hoa-1-4.jpg	2025_12_01_08_57_36_04.jpg
ngan-hang-chinh-sach-xa-hoi-tinh-khanh-hoa-1-4.jpg	2025_12_01_08_57_36_04_smallSize.jpg
ngan-hang-chinh-sach-xa-hoi-tinh-khanh-hoa-1-4.jpg	2025_12_01_08_57_36_04_mediumSize.jpg
591462665_1152351773756192_5376954663574438757_n.jpg	2025_12_02_08_43_05_50_smallSize.jpg
591462665_1152351773756192_5376954663574438757_n.jpg	2025_12_02_08_43_05_50_mediumSize.jpg
image-20251126205022-2.jpeg	2025_12_02_10_08_26_38.jpeg
image-20251126205022-2.jpeg	2025_12_02_10_08_26_38_smallSize.jpeg
image-20251126205022-2.jpeg	2025_12_02_10_08_26_38_mediumSize.jpeg
screenshot_1765164656.jpeg	2025_12_08_10_31_49_54.jpeg
screenshot_1765164656.jpeg	2025_12_08_10_31_49_54_smallSize.jpeg
screenshot_1765164656.jpeg	2025_12_08_10_31_49_54_mediumSize.jpeg
023_8482_MXF_snapshot_00_27_299.jpg	2025_12_08_10_42_22_50.jpg
023_8482_MXF_snapshot_00_27_299.jpg	2025_12_08_10_42_22_50_smallSize.jpg
023_8482_MXF_snapshot_00_27_299.jpg	2025_12_08_10_42_22_50_mediumSize.jpg
612097_612096_img_9247_13231304_13234604.jpg	2025_12_08_10_48_26_54.jpg
612097_612096_img_9247_13231304_13234604.jpg	2025_12_08_10_48_26_54_smallSize.jpg
612097_612096_img_9247_13231304_13234604.jpg	2025_12_08_10_48_26_54_mediumSize.jpg
72dc10facca98e52b0872bf9ff806887.jpg	2025_12_08_10_52_01_07.jpg
72dc10facca98e52b0872bf9ff806887.jpg	2025_12_08_10_52_01_07_smallSize.jpg
72dc10facca98e52b0872bf9ff806887.jpg	2025_12_08_10_52_01_07_mediumSize.jpg
593364221_888055040219967_19180255633607079_n.jpg	2025_12_08_10_54_29_59.jpg
593364221_888055040219967_19180255633607079_n.jpg	2025_12_08_10_54_29_59_smallSize.jpg
593364221_888055040219967_19180255633607079_n.jpg	2025_12_08_10_54_29_59_mediumSize.jpg
z7292066787356_c89d221bbe83597756e10e9a3c5b2c17.jpg	2025_12_08_13_31_38_72.jpg
z7292066787356_c89d221bbe83597756e10e9a3c5b2c17.jpg	2025_12_08_13_31_38_72_smallSize.jpg
z7292066787356_c89d221bbe83597756e10e9a3c5b2c17.jpg	2025_12_08_13_31_38_72_mediumSize.jpg
screenshot_1765175667.jpeg	2025_12_08_13_46_33_16.jpeg
screenshot_1765175667.jpeg	2025_12_08_13_46_33_16_smallSize.jpeg
screenshot_1765175667.jpeg	2025_12_08_13_46_33_16_mediumSize.jpeg
screenshot_1765176577.jpeg	2025_12_08_16_15_22_24.jpeg
screenshot_1765176577.jpeg	2025_12_08_16_15_22_24_smallSize.jpeg
screenshot_1765176577.jpeg	2025_12_08_16_15_22_24_mediumSize.jpeg
screenshot_1765185448.jpeg	2025_12_08_16_22_00_28.jpeg
screenshot_1765185448.jpeg	2025_12_08_16_22_00_28_smallSize.jpeg
screenshot_1765185448.jpeg	2025_12_08_16_22_00_28_mediumSize.jpeg
screenshot_1765185814.jpeg	2025_12_08_16_35_34_90.jpeg
screenshot_1765185814.jpeg	2025_12_08_16_35_34_90_smallSize.jpeg
screenshot_1765185814.jpeg	2025_12_08_16_35_34_90_mediumSize.jpeg
tin-dung-chinh-sach-1-1764924158069938255236.gif	2025_12_08_16_42_54_24.gif
tin-dung-chinh-sach-1-1764924158069938255236.gif	2025_12_08_16_42_54_24_smallSize.gif
tin-dung-chinh-sach-1-1764924158069938255236.gif	2025_12_08_16_42_54_24_mediumSize.gif
screenshot_1765187065.jpeg	2025_12_08_16_47_46_51.jpeg
screenshot_1765187065.jpeg	2025_12_08_16_47_46_51_smallSize.jpeg
screenshot_1765187065.jpeg	2025_12_08_16_47_46_51_mediumSize.jpeg
image001.jpg	2025_12_08_17_00_26_71.jpg
image001.jpg	2025_12_08_17_00_26_71_smallSize.jpg
image001.jpg	2025_12_08_17_00_26_71_mediumSize.jpg
library-20251204110727-98c4fc6b-046c-4020-8557-daaa54b4faed-dsc5374.jpeg	2025_12_08_17_08_46_82.jpeg
library-20251204110727-98c4fc6b-046c-4020-8557-daaa54b4faed-dsc5374.jpeg	2025_12_08_17_08_46_82_smallSize.jpeg
library-20251204110727-98c4fc6b-046c-4020-8557-daaa54b4faed-dsc5374.jpeg	2025_12_08_17_08_46_82_mediumSize.jpeg
a.jpg	2025_12_08_17_15_17_62.jpg
a.jpg	2025_12_08_17_15_17_62_smallSize.jpg
a.jpg	2025_12_08_17_15_17_62_mediumSize.jpg
screenshot_1765189100.jpeg	2025_12_08_17_23_41_36.jpeg
screenshot_1765189100.jpeg	2025_12_08_17_23_41_36_smallSize.jpeg
screenshot_1765189100.jpeg	2025_12_08_17_23_41_36_mediumSize.jpeg
screenshot_1765189659.jpeg	2025_12_08_17_35_37_80_smallSize.jpeg
screenshot_1765189659.jpeg	2025_12_08_17_35_37_80_mediumSize.jpeg
IMG_7961.jpeg	2025_12_08_17_39_44_82.jpeg
IMG_7961.jpeg	2025_12_08_17_39_44_82_smallSize.jpeg
IMG_7961.jpeg	2025_12_08_17_39_44_82_mediumSize.jpeg
screenshot_1765190494.jpeg	2025_12_08_17_46_56_62.jpeg
screenshot_1765190494.jpeg	2025_12_08_17_46_56_62_smallSize.jpeg
screenshot_1765190494.jpeg	2025_12_08_17_46_56_62_mediumSize.jpeg
screenshot_1765191010.jpeg	2025_12_08_18_04_22_74.jpeg
screenshot_1765191010.jpeg	2025_12_08_18_04_22_74_smallSize.jpeg
screenshot_1765191010.jpeg	2025_12_08_18_04_22_74_mediumSize.jpeg
z7295231198005-510d5b34ebbcb4be7f0dd9d7f5f596e4-jp.jpg	2025_12_09_13_45_53_79_smallSize.jpg
z7295231198005-510d5b34ebbcb4be7f0dd9d7f5f596e4-jp.jpg	2025_12_09_13_45_53_79_mediumSize.jpg
http_1810.jpg	2025_12_09_14_10_33_03_smallSize.jpg
http_1810.jpg	2025_12_09_14_10_33_03_mediumSize.jpg
a1.jpg	2025_12_09_14_16_54_88_smallSize.jpg
a1.jpg	2025_12_09_14_16_54_88_mediumSize.jpg
screenshot_1765338680.jpeg	2025_12_10_10_54_01_21.jpeg
screenshot_1765338680.jpeg	2025_12_10_10_54_01_21_smallSize.jpeg
screenshot_1765338680.jpeg	2025_12_10_10_54_01_21_mediumSize.jpeg
wm_4_c490e1baa1ibie1bb83ude1bbb1he1bb99inghe1bb8bte1baa1ic491ie1bb83mce1baa7ucc3b4ngante1bb89nhc490e1bb93ngthc3a1p_e1baa2nhtre1bb8dngtc3adn.jpg	2025_12_10_12_00_32_74.jpg
wm_4_c490e1baa1ibie1bb83ude1bbb1he1bb99inghe1bb8bte1baa1ic491ie1bb83mce1baa7ucc3b4ngante1bb89nhc490e1bb93ngthc3a1p_e1baa2nhtre1bb8dngtc3adn.jpg	2025_12_10_12_00_32_74_smallSize.jpg
wm_4_c490e1baa1ibie1bb83ude1bbb1he1bb99inghe1bb8bte1baa1ic491ie1bb83mce1baa7ucc3b4ngante1bb89nhc490e1bb93ngthc3a1p_e1baa2nhtre1bb8dngtc3adn.jpg	2025_12_10_12_00_32_74_mediumSize.jpg
wm_4_c490e1baa1ibie1bb83ude1bbb1he1bb99inghe1bb8bte1baa1ic491ie1bb83mce1baa7ucc3b4ngante1bb89nhc490e1bb93ngthc3a1p_e1baa2nhtre1bb8dngtc3adn.jpg	2025_12_10_12_03_54_58.jpg
wm_4_c490e1baa1ibie1bb83ude1bbb1he1bb99inghe1bb8bte1baa1ic491ie1bb83mce1baa7ucc3b4ngante1bb89nhc490e1bb93ngthc3a1p_e1baa2nhtre1bb8dngtc3adn.jpg	2025_12_10_12_03_54_58_smallSize.jpg
wm_4_c490e1baa1ibie1bb83ude1bbb1he1bb99inghe1bb8bte1baa1ic491ie1bb83mce1baa7ucc3b4ngante1bb89nhc490e1bb93ngthc3a1p_e1baa2nhtre1bb8dngtc3adn.jpg	2025_12_10_12_03_54_58_mediumSize.jpg
screenshot_1765348671.jpeg	2025_12_10_13_45_24_65.jpeg
screenshot_1765348671.jpeg	2025_12_10_13_45_24_65_smallSize.jpeg
screenshot_1765348671.jpeg	2025_12_10_13_45_24_65_mediumSize.jpeg
screenshot_1765355394.jpeg	2025_12_10_15_30_34_06.jpeg
screenshot_1765355394.jpeg	2025_12_10_15_30_34_06_smallSize.jpeg
screenshot_1765355394.jpeg	2025_12_10_15_30_34_06_mediumSize.jpeg
screenshot_1765355566.jpeg	2025_12_10_15_35_57_88.jpeg
screenshot_1765355566.jpeg	2025_12_10_15_35_57_88_smallSize.jpeg
screenshot_1765355566.jpeg	2025_12_10_15_35_57_88_mediumSize.jpeg
z7249011390565_9bced65f84bc8674e992a1178ed2a391.jpg	2025_12_11_23_40_02_49.jpg
z7249011390565_9bced65f84bc8674e992a1178ed2a391.jpg	2025_12_11_23_40_02_49_smallSize.jpg
z7249011390565_9bced65f84bc8674e992a1178ed2a391.jpg	2025_12_11_23_40_02_49_mediumSize.jpg
z7311083591298_49668b76e7e2999c436f34bd870f9758.jpg	2025_12_11_23_46_44_35_smallSize.jpg
z7311083591298_49668b76e7e2999c436f34bd870f9758.jpg	2025_12_11_23_46_44_35_mediumSize.jpg
1_1.jpg	2025_12_15_14_16_06_48.jpg
1_1.jpg	2025_12_15_14_16_06_48_smallSize.jpg
1_1.jpg	2025_12_15_14_16_06_48_mediumSize.jpg
screenshot_1765783232.jpeg	2025_12_15_14_33_42_44.jpeg
screenshot_1765783232.jpeg	2025_12_15_14_33_42_44_smallSize.jpeg
screenshot_1765783232.jpeg	2025_12_15_14_33_42_44_mediumSize.jpeg
1234-4-of-4.jpg	2025_12_15_15_01_18_38.jpg
1234-4-of-4.jpg	2025_12_15_15_01_18_38_smallSize.jpg
1234-4-of-4.jpg	2025_12_15_15_01_18_38_mediumSize.jpg
screenshot_1765785852.jpeg	2025_12_15_15_06_46_69.jpeg
screenshot_1765785852.jpeg	2025_12_15_15_06_46_69_smallSize.jpeg
screenshot_1765785852.jpeg	2025_12_15_15_06_46_69_mediumSize.jpeg
12-11 QUANG CANH TRIEN KHAI HOI NGHI THI HANH AN PHAT TU.jpg	2025_12_15_15_11_30_60.jpg
12-11 QUANG CANH TRIEN KHAI HOI NGHI THI HANH AN PHAT TU.jpg	2025_12_15_15_11_30_60_smallSize.jpg
12-11 QUANG CANH TRIEN KHAI HOI NGHI THI HANH AN PHAT TU.jpg	2025_12_15_15_11_30_60_mediumSize.jpg
screenshot_1765786417.jpeg	2025_12_15_15_24_02_95.jpeg
screenshot_1765786417.jpeg	2025_12_15_15_24_02_95_smallSize.jpeg
screenshot_1765786417.jpeg	2025_12_15_15_24_02_95_mediumSize.jpeg
a4_2.jpg	2025_12_15_15_33_06_94.jpg
a4_2.jpg	2025_12_15_15_33_06_94_smallSize.jpg
a4_2.jpg	2025_12_15_15_33_06_94_mediumSize.jpg
image.jpg	2025_12_15_15_46_31_21.jpg
image.jpg	2025_12_15_15_46_31_21_smallSize.jpg
image.jpg	2025_12_15_15_46_31_21_mediumSize.jpg
images2067133_1__1_.jpg	2025_12_15_15_53_35_51_smallSize.jpg
images2067133_1__1_.jpg	2025_12_15_15_53_35_51_mediumSize.jpg
screenshot_1765788950.jpeg	2025_12_15_16_10_12_17.jpeg
screenshot_1765788950.jpeg	2025_12_15_16_10_12_17_smallSize.jpeg
screenshot_1765788950.jpeg	2025_12_15_16_10_12_17_mediumSize.jpeg
26-35b1.jpg	2025_12_15_16_17_10_82.jpg
26-35b1.jpg	2025_12_15_16_17_10_82_smallSize.jpg
26-35b1.jpg	2025_12_15_16_17_10_82_mediumSize.jpg
photo-library-20250909150021-b949bf81-5e63-45b7-9587-a9264b01778b-3-4.jpeg	2025_12_15_16_31_05_52.jpeg
photo-library-20250909150021-b949bf81-5e63-45b7-9587-a9264b01778b-3-4.jpeg	2025_12_15_16_31_05_52_smallSize.jpeg
photo-library-20250909150021-b949bf81-5e63-45b7-9587-a9264b01778b-3-4.jpeg	2025_12_15_16_31_05_52_mediumSize.jpeg
592874102_877505361900327_2113517669038806286_n.jpg	2025_12_15_16_36_29_95_smallSize.jpg
592874102_877505361900327_2113517669038806286_n.jpg	2025_12_15_16_36_29_95_mediumSize.jpg
fecf042e-34e8-4cce-bd4b-b66652d82eba.jpg	2025_12_15_16_41_19_36.jpg
fecf042e-34e8-4cce-bd4b-b66652d82eba.jpg	2025_12_15_16_41_19_36_smallSize.jpg
fecf042e-34e8-4cce-bd4b-b66652d82eba.jpg	2025_12_15_16_41_19_36_mediumSize.jpg
nxt9104-176482493096320712609081_20251204133706.jpg	2025_12_15_16_51_52_10.jpg
nxt9104-176482493096320712609081_20251204133706.jpg	2025_12_15_16_51_52_10_smallSize.jpg
nxt9104-176482493096320712609081_20251204133706.jpg	2025_12_15_16_51_52_10_mediumSize.jpg
598972886_1171840375114806_238427524723416234_n.jpg	2025_12_15_17_14_38_33.jpg
598972886_1171840375114806_238427524723416234_n.jpg	2025_12_15_17_14_38_33_smallSize.jpg
598972886_1171840375114806_238427524723416234_n.jpg	2025_12_15_17_14_38_33_mediumSize.jpg
597427748_873016928826642_1214121207902289301_n.jpg	2025_12_15_17_17_41_88.jpg
597427748_873016928826642_1214121207902289301_n.jpg	2025_12_15_17_17_41_88_smallSize.jpg
597427748_873016928826642_1214121207902289301_n.jpg	2025_12_15_17_17_41_88_mediumSize.jpg
screenshot_1765794145.jpeg	2025_12_15_17_24_10_12.jpeg
screenshot_1765794145.jpeg	2025_12_15_17_24_10_12_smallSize.jpeg
screenshot_1765794145.jpeg	2025_12_15_17_24_10_12_mediumSize.jpeg
screenshot_1765794705.jpeg	2025_12_15_17_33_55_32.jpeg
screenshot_1765794705.jpeg	2025_12_15_17_33_55_32_smallSize.jpeg
screenshot_1765794705.jpeg	2025_12_15_17_33_55_32_mediumSize.jpeg
2-1765501543549.jpg	2025_12_15_17_37_51_52.jpg
2-1765501543549.jpg	2025_12_15_17_37_51_52_smallSize.jpg
2-1765501543549.jpg	2025_12_15_17_37_51_52_mediumSize.jpg
12-12-2025-ho-tro-hon-1000-nguoi-duoc-dac-xa-tai-hoa-nhap-cong-dong-87F589DB-details.jpg	2025_12_15_17_45_32_68.jpg
12-12-2025-ho-tro-hon-1000-nguoi-duoc-dac-xa-tai-hoa-nhap-cong-dong-87F589DB-details.jpg	2025_12_15_17_45_32_68_smallSize.jpg
12-12-2025-ho-tro-hon-1000-nguoi-duoc-dac-xa-tai-hoa-nhap-cong-dong-87F589DB-details.jpg	2025_12_15_17_45_32_68_mediumSize.jpg
images2070131_1I8A5766.jpg	2025_12_15_21_28_28_01_smallSize.jpg
images2070131_1I8A5766.jpg	2025_12_15_21_28_28_01_mediumSize.jpg
screenshot_1765937297.jpeg	2025_12_17_09_08_33_47.jpeg
screenshot_1765937297.jpeg	2025_12_17_09_08_33_47_smallSize.jpeg
screenshot_1765937297.jpeg	2025_12_17_09_08_33_47_mediumSize.jpeg
screenshot_1765938023.jpeg	2025_12_17_09_20_41_33.jpeg
screenshot_1765938023.jpeg	2025_12_17_09_20_41_33_smallSize.jpeg
screenshot_1765938023.jpeg	2025_12_17_09_20_41_33_mediumSize.jpeg
images2070133_1I8A5824.jpg	2025_12_17_09_23_04_77.jpg
images2070133_1I8A5824.jpg	2025_12_17_09_23_04_77_smallSize.jpg
images2070133_1I8A5824.jpg	2025_12_17_09_23_04_77_mediumSize.jpg
15.jpg	2025_12_17_09_27_11_36.jpg
15.jpg	2025_12_17_09_27_11_36_smallSize.jpg
15.jpg	2025_12_17_09_27_11_36_mediumSize.jpg
z7250966487246_b7a891147dd4833d9ea5cf19deda5a28.jpg	2025_12_17_09_34_08_03.jpg
z7250966487246_b7a891147dd4833d9ea5cf19deda5a28.jpg	2025_12_17_09_34_08_03_smallSize.jpg
z7250966487246_b7a891147dd4833d9ea5cf19deda5a28.jpg	2025_12_17_09_34_08_03_mediumSize.jpg
hotroth.jpg	2025_12_17_09_36_09_71.jpg
hotroth.jpg	2025_12_17_09_36_09_71_smallSize.jpg
hotroth.jpg	2025_12_17_09_36_09_71_mediumSize.jpg
f.png	2025_12_17_09_37_16_88.png
f.png	2025_12_17_09_37_16_88_smallSize.png
f.png	2025_12_17_09_37_16_88_mediumSize.png
1_4_2025_THUONG KY.jpg	2025_12_17_09_47_28_29.jpg
1_4_2025_THUONG KY.jpg	2025_12_17_09_47_28_29_smallSize.jpg
1_4_2025_THUONG KY.jpg	2025_12_17_09_47_28_29_mediumSize.jpg
592874102_877505361900327_2113517669038806286_n.jpg	2025_12_17_09_54_37_73.jpg
592874102_877505361900327_2113517669038806286_n.jpg	2025_12_17_09_54_37_73_smallSize.jpg
592874102_877505361900327_2113517669038806286_n.jpg	2025_12_17_09_54_37_73_mediumSize.jpg
images2067135_1__2_.jpg	2025_12_17_09_59_00_96.jpg
images2067135_1__2_.jpg	2025_12_17_09_59_00_96_smallSize.jpg
images2067135_1__2_.jpg	2025_12_17_09_59_00_96_mediumSize.jpg
z7311083614317_f57794ed301656d56a462bcd7317a836.jpg	2025_12_17_10_04_28_98.jpg
z7311083614317_f57794ed301656d56a462bcd7317a836.jpg	2025_12_17_10_04_28_98_smallSize.jpg
z7311083614317_f57794ed301656d56a462bcd7317a836.jpg	2025_12_17_10_04_28_98_mediumSize.jpg
a3.jpg	2025_12_17_10_09_07_66.jpg
a3.jpg	2025_12_17_10_09_07_66_smallSize.jpg
a3.jpg	2025_12_17_10_09_07_66_mediumSize.jpg
http_18102.jpg	2025_12_17_10_10_51_99.jpg
http_18102.jpg	2025_12_17_10_10_51_99_smallSize.jpg
http_18102.jpg	2025_12_17_10_10_51_99_mediumSize.jpg
z7295231189296_f445835060619f890adb31c19b2cf185.jpg	2025_12_17_10_12_40_52.jpg
z7295231189296_f445835060619f890adb31c19b2cf185.jpg	2025_12_17_10_12_40_52_smallSize.jpg
z7295231189296_f445835060619f890adb31c19b2cf185.jpg	2025_12_17_10_12_40_52_mediumSize.jpg
http_18102.jpg	2025_12_17_10_13_22_91.jpg
http_18102.jpg	2025_12_17_10_13_22_91_smallSize.jpg
http_18102.jpg	2025_12_17_10_13_22_91_mediumSize.jpg
screenshot_1765941361.jpeg	2025_12_17_10_16_10_50.jpeg
screenshot_1765941361.jpeg	2025_12_17_10_16_10_50_smallSize.jpeg
screenshot_1765941361.jpeg	2025_12_17_10_16_10_50_mediumSize.jpeg
589123641_1152351820422854_447342088203006459_n.jpg	2025_12_17_10_25_10_80.jpg
589123641_1152351820422854_447342088203006459_n.jpg	2025_12_17_10_25_10_80_smallSize.jpg
589123641_1152351820422854_447342088203006459_n.jpg	2025_12_17_10_25_10_80_mediumSize.jpg
screenshot_1765942248.jpeg	2025_12_17_10_30_58_49.jpeg
screenshot_1765942248.jpeg	2025_12_17_10_30_58_49_smallSize.jpeg
screenshot_1765942248.jpeg	2025_12_17_10_30_58_49_mediumSize.jpeg
6_2-2.jpg	2025_12_17_10_33_23_37.jpg
6_2-2.jpg	2025_12_17_10_33_23_37_smallSize.jpg
6_2-2.jpg	2025_12_17_10_33_23_37_mediumSize.jpg
Anh_2_1_1-1762225359915.jpg	2025_12_17_10_38_33_57.jpg
Anh_2_1_1-1762225359915.jpg	2025_12_17_10_38_33_57_smallSize.jpg
Anh_2_1_1-1762225359915.jpg	2025_12_17_10_38_33_57_mediumSize.jpg
f.png	2025_12_18_08_16_40_53.png
f.png	2025_12_18_08_16_40_53_smallSize.png
f.png	2025_12_18_08_16_40_53_mediumSize.png
screenshot_1765942248.jpeg	2025_12_18_08_22_35_57.jpeg
screenshot_1765942248.jpeg	2025_12_18_08_22_35_57_smallSize.jpeg
screenshot_1765942248.jpeg	2025_12_18_08_22_35_57_mediumSize.jpeg
KT03__600x450.jpg	2025_12_18_08_32_18_70.jpg
KT03__600x450.jpg	2025_12_18_08_32_18_70_smallSize.jpg
KT03__600x450.jpg	2025_12_18_08_32_18_70_mediumSize.jpg
screenshot_1766021792.jpeg	2025_12_18_08_38_14_61.jpeg
screenshot_1766021792.jpeg	2025_12_18_08_38_14_61_smallSize.jpeg
screenshot_1766021792.jpeg	2025_12_18_08_38_14_61_mediumSize.jpeg
z7197483049036_65260ea6163d5f86a03d3f922784f45e638981020149333276.jpg	2025_12_18_08_39_21_94.jpg
z7197483049036_65260ea6163d5f86a03d3f922784f45e638981020149333276.jpg	2025_12_18_08_39_21_94_smallSize.jpg
z7197483049036_65260ea6163d5f86a03d3f922784f45e638981020149333276.jpg	2025_12_18_08_39_21_94_mediumSize.jpg
screenshot_1766022073.jpeg	2025_12_18_08_51_12_15.jpeg
screenshot_1766022073.jpeg	2025_12_18_08_51_12_15_smallSize.jpeg
screenshot_1766022073.jpeg	2025_12_18_08_51_12_15_mediumSize.jpeg
screenshot_1766022740.jpeg	2025_12_18_08_52_45_72.jpeg
screenshot_1766022740.jpeg	2025_12_18_08_52_45_72_smallSize.jpeg
screenshot_1766022740.jpeg	2025_12_18_08_52_45_72_mediumSize.jpeg
z7199260324482_9b4af9499a6e0793269e85897da25e7a.jpg	2025_12_18_08_54_37_66.jpg
z7199260324482_9b4af9499a6e0793269e85897da25e7a.jpg	2025_12_18_08_54_37_66_smallSize.jpg
z7199260324482_9b4af9499a6e0793269e85897da25e7a.jpg	2025_12_18_08_54_37_66_mediumSize.jpg
an2-24925.jpg	2025_12_18_08_57_47_89.jpg
an2-24925.jpg	2025_12_18_08_57_47_89_smallSize.jpg
an2-24925.jpg	2025_12_18_08_57_47_89_mediumSize.jpg
z7176172926606_0c33b887f81a1a6b9f8a80c26bc38261638975445001577209.jpg	2025_12_18_09_01_20_56.jpg
z7176172926606_0c33b887f81a1a6b9f8a80c26bc38261638975445001577209.jpg	2025_12_18_09_01_20_56_smallSize.jpg
z7176172926606_0c33b887f81a1a6b9f8a80c26bc38261638975445001577209.jpg	2025_12_18_09_01_20_56_mediumSize.jpg
img_4384.jpg	2025_12_18_09_03_35_90.jpg
img_4384.jpg	2025_12_18_09_03_35_90_smallSize.jpg
img_4384.jpg	2025_12_18_09_03_35_90_mediumSize.jpg
screenshot_1766024581.jpeg	2025_12_18_09_23_13_22.jpeg
screenshot_1766024581.jpeg	2025_12_18_09_23_13_22_smallSize.jpeg
screenshot_1766024581.jpeg	2025_12_18_09_23_13_22_mediumSize.jpeg
44.jpg	2025_12_18_09_27_28_46.jpg
44.jpg	2025_12_18_09_27_28_46_smallSize.jpg
44.jpg	2025_12_18_09_27_28_46_mediumSize.jpg
2_123.jpg	2025_12_18_09_29_40_93.jpg
2_123.jpg	2025_12_18_09_29_40_93_smallSize.jpg
2_123.jpg	2025_12_18_09_29_40_93_mediumSize.jpg
z7341752461705_bd508d7cb6761cad29bfb737791fed15.jpg	2025_12_19_09_17_52_01.jpg
z7341752461705_bd508d7cb6761cad29bfb737791fed15.jpg	2025_12_19_09_17_52_01_smallSize.jpg
z7341752461705_bd508d7cb6761cad29bfb737791fed15.jpg	2025_12_19_09_17_52_01_mediumSize.jpg
z7330122585508_d4d0fc6c9b601483100487f71b957920.jpg	2025_12_19_10_18_34_82.jpg
z7330122585508_d4d0fc6c9b601483100487f71b957920.jpg	2025_12_19_10_18_34_82_smallSize.jpg
z7330122585508_d4d0fc6c9b601483100487f71b957920.jpg	2025_12_19_10_18_34_82_mediumSize.jpg
screenshot_1766115770.png	2025_12_19_10_53_47_76_smallSize.png
screenshot_1766115770.png	2025_12_19_10_53_47_76_mediumSize.png
screenshot_1766115770.png	2025_12_19_11_35_18_63_smallSize.png
screenshot_1766115770.png	2025_12_19_11_35_18_63_mediumSize.png
z7291643450363_581b692983fe38042e1df6a2a7be25d9.jpg	2025_12_19_16_48_04_97.jpg
z7291643450363_581b692983fe38042e1df6a2a7be25d9.jpg	2025_12_19_16_48_04_97_smallSize.jpg
z7291643450363_581b692983fe38042e1df6a2a7be25d9.jpg	2025_12_19_16_48_04_97_mediumSize.jpg
screenshot_1766235942.png	2025_12_20_20_13_58_44.png
screenshot_1766235942.png	2025_12_20_20_13_58_44_smallSize.png
screenshot_1766235942.png	2025_12_20_20_13_58_44_mediumSize.png
z7353590360388_5acb3941811ce81d2526de86a26dd41c.jpg	2025_12_22_17_23_02_15.jpg
z7353590360388_5acb3941811ce81d2526de86a26dd41c.jpg	2025_12_22_17_23_02_15_smallSize.jpg
z7353590360388_5acb3941811ce81d2526de86a26dd41c.jpg	2025_12_22_17_23_02_15_mediumSize.jpg
screenshot_1766407314.jpeg	2025_12_22_19_44_32_54.jpeg
screenshot_1766407314.jpeg	2025_12_22_19_44_32_54_smallSize.jpeg
screenshot_1766407314.jpeg	2025_12_22_19_44_32_54_mediumSize.jpeg
image001.jpg	2025_12_22_19_55_58_15.jpg
image001.jpg	2025_12_22_19_55_58_15_smallSize.jpg
image001.jpg	2025_12_22_19_55_58_15_mediumSize.jpg
screenshot_1766409116.jpeg	2025_12_22_20_12_37_30.jpeg
screenshot_1766409116.jpeg	2025_12_22_20_12_37_30_smallSize.jpeg
screenshot_1766409116.jpeg	2025_12_22_20_12_37_30_mediumSize.jpeg
ra_mat_1.jpg	2025_12_22_20_26_23_29.jpg
ra_mat_1.jpg	2025_12_22_20_26_23_29_smallSize.jpg
ra_mat_1.jpg	2025_12_22_20_26_23_29_mediumSize.jpg
08-12_đại_biểu.jpg	2025_12_22_20_39_04_62_smallSize.jpg
08-12_đại_biểu.jpg	2025_12_22_20_39_04_62_mediumSize.jpg
screenshot_1766410684.jpeg	2025_12_22_20_40_59_45.jpeg
screenshot_1766410684.jpeg	2025_12_22_20_40_59_45_smallSize.jpeg
screenshot_1766410684.jpeg	2025_12_22_20_40_59_45_mediumSize.jpeg
597847250_1384328483061287_770892479334218718_n.jpg	2025_12_22_21_29_32_42_smallSize.jpg
597847250_1384328483061287_770892479334218718_n.jpg	2025_12_22_21_29_32_42_mediumSize.jpg
z7334958176297_0f1ed041ad2e6433f8848eb77904016e-1-.jpg	2025_12_24_09_54_42_82.jpg
z7334958176297_0f1ed041ad2e6433f8848eb77904016e-1-.jpg	2025_12_24_09_54_42_82_smallSize.jpg
z7334958176297_0f1ed041ad2e6433f8848eb77904016e-1-.jpg	2025_12_24_09_54_42_82_mediumSize.jpg
dsccxc-min.jpg	2025_12_24_17_35_15_46.jpg
dsccxc-min.jpg	2025_12_24_17_35_15_46_smallSize.jpg
dsccxc-min.jpg	2025_12_24_17_35_15_46_mediumSize.jpg
01.jpg	2025_12_25_20_23_29_54.jpg
01.jpg	2025_12_25_20_23_29_54_smallSize.jpg
01.jpg	2025_12_25_20_23_29_54_mediumSize.jpg
library-20251225173005-0f6b4933-9dc3-45c1-8c43-4956ccb9df53-atx-6260.jpg	2025_12_25_21_43_38_46.jpg
library-20251225173005-0f6b4933-9dc3-45c1-8c43-4956ccb9df53-atx-6260.jpg	2025_12_25_21_43_38_46_smallSize.jpg
library-20251225173005-0f6b4933-9dc3-45c1-8c43-4956ccb9df53-atx-6260.jpg	2025_12_25_21_43_38_46_mediumSize.jpg
image-20251224154936-1.jpeg	2025_12_25_22_06_10_12.jpeg
image-20251224154936-1.jpeg	2025_12_25_22_06_10_12_smallSize.jpeg
image-20251224154936-1.jpeg	2025_12_25_22_06_10_12_mediumSize.jpeg
z7365501384343_8d67851ff85e77e71b065487b258013f.jpg	2025_12_27_17_59_50_84.jpg
z7365501384343_8d67851ff85e77e71b065487b258013f.jpg	2025_12_27_17_59_50_84_smallSize.jpg
z7365501384343_8d67851ff85e77e71b065487b258013f.jpg	2025_12_27_17_59_50_84_mediumSize.jpg
xz04.png	2025_12_28_21_32_55_82.png
xz04.png	2025_12_28_21_32_55_82_smallSize.png
xz04.png	2025_12_28_21_32_55_82_mediumSize.png
image-20251226072004-1.jpeg	2025_12_28_21_45_46_15.jpeg
image-20251226072004-1.jpeg	2025_12_28_21_45_46_15_smallSize.jpeg
image-20251226072004-1.jpeg	2025_12_28_21_45_46_15_mediumSize.jpeg
image_644.png	2025_12_28_22_14_28_12.png
image_644.png	2025_12_28_22_14_28_12_smallSize.png
image_644.png	2025_12_28_22_14_28_12_mediumSize.png
z7364824841617_8fdf36169deed7c9d19d82dd03b67062.jpg	2025_12_29_10_23_15_00.jpg
z7364824841617_8fdf36169deed7c9d19d82dd03b67062.jpg	2025_12_29_10_23_15_00_smallSize.jpg
z7364824841617_8fdf36169deed7c9d19d82dd03b67062.jpg	2025_12_29_10_23_15_00_mediumSize.jpg
597847250_1384328483061287_770892479334218718_n.jpg	2025_12_29_14_11_51_36.jpg
597847250_1384328483061287_770892479334218718_n.jpg	2025_12_29_14_11_51_36_smallSize.jpg
597847250_1384328483061287_770892479334218718_n.jpg	2025_12_29_14_11_51_36_mediumSize.jpg
z7385555167197_a1c07a4c2dc5caafac6b45a7bb10bad0.jpg	2025_12_31_21_42_38_03.jpg
z7385555167197_a1c07a4c2dc5caafac6b45a7bb10bad0.jpg	2025_12_31_21_42_38_03_smallSize.jpg
z7385555167197_a1c07a4c2dc5caafac6b45a7bb10bad0.jpg	2025_12_31_21_42_38_03_mediumSize.jpg
599939910_1384328539727948_8929072132014069428_n.jpg	2026_01_05_10_14_21_55.jpg
599939910_1384328539727948_8929072132014069428_n.jpg	2026_01_05_10_14_21_55_smallSize.jpg
599939910_1384328539727948_8929072132014069428_n.jpg	2026_01_05_10_14_21_55_mediumSize.jpg
wm_8_dsc_0922.jpg	2026_01_15_13_54_18_96_smallSize.jpg
wm_8_dsc_0922.jpg	2026_01_15_13_54_18_96_mediumSize.jpg
image_163.png	2026_01_15_14_44_38_12.png
image_163.png	2026_01_15_14_44_38_12_smallSize.png
image_163.png	2026_01_15_14_44_38_12_mediumSize.png
615217075_888112703613342_212002273585993460_n.jpg	2026_01_15_14_51_07_61.jpg
615217075_888112703613342_212002273585993460_n.jpg	2026_01_15_14_51_07_61_smallSize.jpg
615217075_888112703613342_212002273585993460_n.jpg	2026_01_15_14_51_07_61_mediumSize.jpg
image.jpg	2026_01_15_15_44_48_58.jpg
image.jpg	2026_01_15_15_44_48_58_smallSize.jpg
image.jpg	2026_01_15_15_44_48_58_mediumSize.jpg
screenshot_1768467082.jpeg	2026_01_15_15_56_55_50.jpeg
screenshot_1768467082.jpeg	2026_01_15_15_56_55_50_smallSize.jpeg
screenshot_1768467082.jpeg	2026_01_15_15_56_55_50_mediumSize.jpeg
screenshot_1768469188.jpeg	2026_01_15_16_38_39_77.jpeg
screenshot_1768469188.jpeg	2026_01_15_16_38_39_77_smallSize.jpeg
screenshot_1768469188.jpeg	2026_01_15_16_38_39_77_mediumSize.jpeg
37be.jpg	2026_01_30_18_45_41_28.jpg
37be.jpg	2026_01_30_18_45_41_28_smallSize.jpg
37be.jpg	2026_01_30_18_45_41_28_mediumSize.jpg
629218975_1306241314870216_2962351102365564139_n.jpg	2026_02_06_16_00_08_16_smallSize.jpg
629218975_1306241314870216_2962351102365564139_n.jpg	2026_02_06_16_00_08_16_mediumSize.jpg
090.jpg	2026_02_06_16_11_29_62.jpg
090.jpg	2026_02_06_16_11_29_62_smallSize.jpg
090.jpg	2026_02_06_16_11_29_62_mediumSize.jpg
hienquan0130012026.jpg	2026_02_25_14_59_27_74.jpg
hienquan0130012026.jpg	2026_02_25_14_59_27_74_smallSize.jpg
hienquan0130012026.jpg	2026_02_25_14_59_27_74_mediumSize.jpg
615082355_1184323210576576_3904111015530380638_n.jpg	2026_02_25_15_09_50_14_smallSize.jpg
615082355_1184323210576576_3904111015530380638_n.jpg	2026_02_25_15_09_50_14_mediumSize.jpg
622055773_1542554580603950_2670983588077151631_n.jpg	2026_02_25_15_48_09_20.jpg
622055773_1542554580603950_2670983588077151631_n.jpg	2026_02_25_15_48_09_20_smallSize.jpg
622055773_1542554580603950_2670983588077151631_n.jpg	2026_02_25_15_48_09_20_mediumSize.jpg
img_2958.jpeg	2026_02_25_20_28_14_66.jpeg
img_2958.jpeg	2026_02_25_20_28_14_66_smallSize.jpeg
img_2958.jpeg	2026_02_25_20_28_14_66_mediumSize.jpeg
629182059_1632743924823332_5000574687375934549_n.jpg	2026_02_25_20_54_27_06.jpg
629182059_1632743924823332_5000574687375934549_n.jpg	2026_02_25_20_54_27_06_smallSize.jpg
629182059_1632743924823332_5000574687375934549_n.jpg	2026_02_25_20_54_27_06_mediumSize.jpg
621815792_925782386456548_2924953478691888449_n.jpg	2026_02_26_09_23_36_60.jpg
621815792_925782386456548_2924953478691888449_n.jpg	2026_02_26_09_23_36_60_smallSize.jpg
621815792_925782386456548_2924953478691888449_n.jpg	2026_02_26_09_23_36_60_mediumSize.jpg
screenshot_1772163636.jpeg	2026_02_27_10_43_46_84.jpeg
screenshot_1772163636.jpeg	2026_02_27_10_43_46_84_smallSize.jpeg
screenshot_1772163636.jpeg	2026_02_27_10_43_46_84_mediumSize.jpeg
559027028_1270486104881061_7170004546844829975_n.jpg	2026_02_27_10_49_25_88.jpg
559027028_1270486104881061_7170004546844829975_n.jpg	2026_02_27_10_49_25_88_smallSize.jpg
559027028_1270486104881061_7170004546844829975_n.jpg	2026_02_27_10_49_25_88_mediumSize.jpg
screenshot_1778051489.jpeg	2026_05_06_14_26_06_11.jpeg
screenshot_1778051489.jpeg	2026_05_06_14_26_06_11_smallSize.jpeg
screenshot_1778051489.jpeg	2026_05_06_14_26_06_11_mediumSize.jpeg
1.jpg	2026_05_06_14_55_42_40.jpg
1.jpg	2026_05_06_14_55_42_40_smallSize.jpg
1.jpg	2026_05_06_14_55_42_40_mediumSize.jpg
657268912_946080927816519_5291529743502651546_n.jpg	2026_05_07_14_29_14_16.jpg
657268912_946080927816519_5291529743502651546_n.jpg	2026_05_07_14_29_14_16_smallSize.jpg
657268912_946080927816519_5291529743502651546_n.jpg	2026_05_07_14_29_14_16_mediumSize.jpg
656118185_943418661416079_4866553768144473966_n.jpg	2026_05_07_14_39_00_45.jpg
656118185_943418661416079_4866553768144473966_n.jpg	2026_05_07_14_39_00_45_smallSize.jpg
656118185_943418661416079_4866553768144473966_n.jpg	2026_05_07_14_39_00_45_mediumSize.jpg
screenshot_1778140091.jpeg	2026_05_07_14_49_08_21.jpeg
screenshot_1778140091.jpeg	2026_05_07_14_49_08_21_smallSize.jpeg
screenshot_1778140091.jpeg	2026_05_07_14_49_08_21_mediumSize.jpeg
12a.jpg	2026_05_07_15_02_15_54.jpg
12a.jpg	2026_05_07_15_02_15_54_smallSize.jpg
12a.jpg	2026_05_07_15_02_15_54_mediumSize.jpg
n2.jpg	2026_05_07_15_18_37_05.jpg
n2.jpg	2026_05_07_15_18_37_05_smallSize.jpg
n2.jpg	2026_05_07_15_18_37_05_mediumSize.jpg
screenshot_1778144267.jpeg	2026_05_07_16_14_56_14.jpeg
screenshot_1778144267.jpeg	2026_05_07_16_14_56_14_smallSize.jpeg
screenshot_1778144267.jpeg	2026_05_07_16_14_56_14_mediumSize.jpeg
img_7788.jpg	2026_05_15_11_25_24_50.jpg
img_7788.jpg	2026_05_15_11_25_24_50_smallSize.jpg
img_7788.jpg	2026_05_15_11_25_24_50_mediumSize.jpg
680012394_942293701990004_4190212990582118514_n.jpg	2026_05_15_12_26_29_21_smallSize.jpg
680012394_942293701990004_4190212990582118514_n.jpg	2026_05_15_12_26_29_21_mediumSize.jpg
z7831075052934_fba40fafb8768f64d1f4beecf09c2015.jpg	2026_05_16_10_09_22_05.jpg
z7831075052934_fba40fafb8768f64d1f4beecf09c2015.jpg	2026_05_16_10_09_22_05_smallSize.jpg
z7831075052934_fba40fafb8768f64d1f4beecf09c2015.jpg	2026_05_16_10_09_22_05_mediumSize.jpg
z7809771659032_c15038c9e18d1511ab6469525be72185 (5).jpg	2026_05_16_10_28_27_72.jpg
z7809771659032_c15038c9e18d1511ab6469525be72185 (5).jpg	2026_05_16_10_28_27_72_smallSize.jpg
z7809771659032_c15038c9e18d1511ab6469525be72185 (5).jpg	2026_05_16_10_28_27_72_mediumSize.jpg
679425141_939898565562851_7994984684649455785_n.jpg	2026_05_16_10_44_05_55.jpg
679425141_939898565562851_7994984684649455785_n.jpg	2026_05_16_10_44_05_55_smallSize.jpg
679425141_939898565562851_7994984684649455785_n.jpg	2026_05_16_10_44_05_55_mediumSize.jpg
screenshot_1778907183.jpeg	2026_05_16_11_59_10_89.jpeg
screenshot_1778907183.jpeg	2026_05_16_11_59_10_89_smallSize.jpeg
screenshot_1778907183.jpeg	2026_05_16_11_59_10_89_mediumSize.jpeg
4.jpeg	2026_05_16_12_45_38_49.jpeg
4.jpeg	2026_05_16_12_45_38_49_smallSize.jpeg
4.jpeg	2026_05_16_12_45_38_49_mediumSize.jpeg
screenshot_1779075907.jpeg	2026_05_18_10_52_02_36.jpeg
screenshot_1779075907.jpeg	2026_05_18_10_52_02_36_smallSize.jpeg
screenshot_1779075907.jpeg	2026_05_18_10_52_02_36_mediumSize.jpeg
screenshot_1779087046.jpeg	2026_05_18_14_01_29_73.jpeg
screenshot_1779087046.jpeg	2026_05_18_14_01_29_73_smallSize.jpeg
screenshot_1779087046.jpeg	2026_05_18_14_01_29_73_mediumSize.jpeg
7b47132a-4bcd-4eeb-820c-1124fb22b32b.jpeg	2026_05_18_14_21_39_14.jpeg
7b47132a-4bcd-4eeb-820c-1124fb22b32b.jpeg	2026_05_18_14_21_39_14_smallSize.jpeg
7b47132a-4bcd-4eeb-820c-1124fb22b32b.jpeg	2026_05_18_14_21_39_14_mediumSize.jpeg
wm_6_dsc_2657.jpg	2026_05_18_14_44_37_68_smallSize.jpg
wm_6_dsc_2657.jpg	2026_05_18_14_44_37_68_mediumSize.jpg
wm_1_dsc_2654.jpg	2026_05_18_14_45_24_94.jpg
wm_1_dsc_2654.jpg	2026_05_18_14_45_24_94_smallSize.jpg
wm_1_dsc_2654.jpg	2026_05_18_14_45_24_94_mediumSize.jpg
screenshot_1779093481.jpeg	2026_05_18_15_46_00_20.jpeg
screenshot_1779093481.jpeg	2026_05_18_15_46_00_20_smallSize.jpeg
screenshot_1779093481.jpeg	2026_05_18_15_46_00_20_mediumSize.jpeg
868.jpg	2026_05_19_09_54_31_72.jpg
868.jpg	2026_05_19_09_54_31_72_smallSize.jpg
868.jpg	2026_05_19_09_54_31_72_mediumSize.jpg
z7480529758736_0161f5ff9bd74e84d61489ad9dbc167e.jpg	2026_05_19_10_32_17_83.jpg
z7480529758736_0161f5ff9bd74e84d61489ad9dbc167e.jpg	2026_05_19_10_32_17_83_smallSize.jpg
z7480529758736_0161f5ff9bd74e84d61489ad9dbc167e.jpg	2026_05_19_10_32_17_83_mediumSize.jpg
a4_1.jpg	2026_05_19_10_41_03_60.jpg
a4_1.jpg	2026_05_19_10_41_03_60_smallSize.jpg
a4_1.jpg	2026_05_19_10_41_03_60_mediumSize.jpg
a5_2.jpg	2026_05_19_10_47_01_79.jpg
a5_2.jpg	2026_05_19_10_47_01_79_smallSize.jpg
a5_2.jpg	2026_05_19_10_47_01_79_mediumSize.jpg
12-2.jpg	2026_05_19_14_06_26_01.jpg
12-2.jpg	2026_05_19_14_06_26_01_smallSize.jpg
12-2.jpg	2026_05_19_14_06_26_01_mediumSize.jpg
2.jpeg	2026_05_19_15_21_26_89.jpeg
2.jpeg	2026_05_19_15_21_26_89_smallSize.jpeg
2.jpeg	2026_05_19_15_21_26_89_mediumSize.jpeg
screenshot_1779180107.jpeg	2026_05_19_15_42_35_12.jpeg
screenshot_1779180107.jpeg	2026_05_19_15_42_35_12_smallSize.jpeg
screenshot_1779180107.jpeg	2026_05_19_15_42_35_12_mediumSize.jpeg
123-dd77.jpg	2026_05_19_15_55_50_75.jpg
123-dd77.jpg	2026_05_19_15_55_50_75_smallSize.jpg
123-dd77.jpg	2026_05_19_15_55_50_75_mediumSize.jpg
100007285820260313212507.jpg	2026_05_19_16_14_28_95.jpg
100007285820260313212507.jpg	2026_05_19_16_14_28_95_smallSize.jpg
100007285820260313212507.jpg	2026_05_19_16_14_28_95_mediumSize.jpg
5a1-6010.jpg	2026_05_19_16_25_10_58.jpg
5a1-6010.jpg	2026_05_19_16_25_10_58_smallSize.jpg
5a1-6010.jpg	2026_05_19_16_25_10_58_mediumSize.jpg
6a-2.jpg	2026_05_19_16_35_14_26.jpg
6a-2.jpg	2026_05_19_16_35_14_26_smallSize.jpg
6a-2.jpg	2026_05_19_16_35_14_26_mediumSize.jpg
bna_giai-ngan-tai-diem-giao-dich-xa-chau-khe-con-cuong.jpg	2026_05_19_16_47_05_97.jpg
bna_giai-ngan-tai-diem-giao-dich-xa-chau-khe-con-cuong.jpg	2026_05_19_16_47_05_97_smallSize.jpg
bna_giai-ngan-tai-diem-giao-dich-xa-chau-khe-con-cuong.jpg	2026_05_19_16_47_05_97_mediumSize.jpg
screenshot_1779245709.jpeg	2026_05_20_10_03_53_18.jpeg
screenshot_1779245709.jpeg	2026_05_20_10_03_53_18_smallSize.jpeg
screenshot_1779245709.jpeg	2026_05_20_10_03_53_18_mediumSize.jpeg
screenshot_1779246377.jpeg	2026_05_20_10_18_03_34.jpeg
screenshot_1779246377.jpeg	2026_05_20_10_18_03_34_smallSize.jpeg
screenshot_1779246377.jpeg	2026_05_20_10_18_03_34_mediumSize.jpeg
12.jpeg	2026_05_20_11_09_34_23.jpeg
12.jpeg	2026_05_20_11_09_34_23_smallSize.jpeg
12.jpeg	2026_05_20_11_09_34_23_mediumSize.jpeg
11_20260415233315.jpg	2026_05_20_14_16_50_71.jpg
11_20260415233315.jpg	2026_05_20_14_16_50_71_smallSize.jpg
11_20260415233315.jpg	2026_05_20_14_16_50_71_mediumSize.jpg
pth_20260320114409-2_20260323202137.jpg	2026_05_20_14_25_55_03.jpg
pth_20260320114409-2_20260323202137.jpg	2026_05_20_14_25_55_03_smallSize.jpg
pth_20260320114409-2_20260323202137.jpg	2026_05_20_14_25_55_03_mediumSize.jpg
screenshot_1779262283.jpeg	2026_05_20_14_33_33_79.jpeg
screenshot_1779262283.jpeg	2026_05_20_14_33_33_79_smallSize.jpeg
screenshot_1779262283.jpeg	2026_05_20_14_33_33_79_mediumSize.jpeg
screenshot_1779262642.jpeg	2026_05_20_14_48_58_29.jpeg
screenshot_1779262642.jpeg	2026_05_20_14_48_58_29_smallSize.jpeg
screenshot_1779262642.jpeg	2026_05_20_14_48_58_29_mediumSize.jpeg
8fa193b03300bd5ee411.jpg	2026_05_20_15_11_55_21.jpg
8fa193b03300bd5ee411.jpg	2026_05_20_15_11_55_21_smallSize.jpg
8fa193b03300bd5ee411.jpg	2026_05_20_15_11_55_21_mediumSize.jpg
12-2025-anh-2tuyen-truyen-ve-phap-luat-thahs.jpg	2026_05_20_15_28_09_34.jpg
12-2025-anh-2tuyen-truyen-ve-phap-luat-thahs.jpg	2026_05_20_15_28_09_34_smallSize.jpg
12-2025-anh-2tuyen-truyen-ve-phap-luat-thahs.jpg	2026_05_20_15_28_09_34_mediumSize.jpg
cc2.jpg	2026_05_20_15_40_19_41.jpg
cc2.jpg	2026_05_20_15_40_19_41_smallSize.jpg
cc2.jpg	2026_05_20_15_40_19_41_mediumSize.jpg
12_20260420231743.jpg	2026_05_20_15_56_55_16.jpg
12_20260420231743.jpg	2026_05_20_15_56_55_16_smallSize.jpg
12_20260420231743.jpg	2026_05_20_15_56_55_16_mediumSize.jpg
dghhhh.jpg	2026_05_20_16_10_54_47.jpg
dghhhh.jpg	2026_05_20_16_10_54_47_smallSize.jpg
dghhhh.jpg	2026_05_20_16_10_54_47_mediumSize.jpg
ky-ket-quy-che-ok.jpg	2026_05_21_08_36_13_42.jpg
ky-ket-quy-che-ok.jpg	2026_05_21_08_36_13_42_smallSize.jpg
ky-ket-quy-che-ok.jpg	2026_05_21_08_36_13_42_mediumSize.jpg
DSC04765_9_3_2026_15_48_54_746_CH.jpg	2026_05_21_10_06_01_32.jpg
DSC04765_9_3_2026_15_48_54_746_CH.jpg	2026_05_21_10_06_01_32_smallSize.jpg
DSC04765_9_3_2026_15_48_54_746_CH.jpg	2026_05_21_10_06_01_32_mediumSize.jpg
screenshot_1779333282.jpeg	2026_05_21_10_19_39_36.jpeg
screenshot_1779333282.jpeg	2026_05_21_10_19_39_36_smallSize.jpeg
screenshot_1779333282.jpeg	2026_05_21_10_19_39_36_mediumSize.jpeg
5.jpg	2026_05_21_11_28_11_42.jpg
5.jpg	2026_05_21_11_28_11_42_smallSize.jpg
5.jpg	2026_05_21_11_28_11_42_mediumSize.jpg
image-20260517203815-1.jpeg	2026_05_21_13_58_38_08.jpeg
image-20260517203815-1.jpeg	2026_05_21_13_58_38_08_smallSize.jpeg
image-20260517203815-1.jpeg	2026_05_21_13_58_38_08_mediumSize.jpeg
screenshot_1779347006.jpeg	2026_05_21_14_04_44_59.jpeg
screenshot_1779347006.jpeg	2026_05_21_14_04_44_59_smallSize.jpeg
screenshot_1779347006.jpeg	2026_05_21_14_04_44_59_mediumSize.jpeg
z7782560291669_cacbe0aec6ac834cf8e8889f6f599a41-1.jpg	2026_05_21_14_14_27_02.jpg
z7782560291669_cacbe0aec6ac834cf8e8889f6f599a41-1.jpg	2026_05_21_14_14_27_02_smallSize.jpg
z7782560291669_cacbe0aec6ac834cf8e8889f6f599a41-1.jpg	2026_05_21_14_14_27_02_mediumSize.jpg
screenshot_1779348594.jpeg	2026_05_21_14_42_12_03.jpeg
screenshot_1779348594.jpeg	2026_05_21_14_42_12_03_smallSize.jpeg
screenshot_1779348594.jpeg	2026_05_21_14_42_12_03_mediumSize.jpeg
5-7.jpg	2026_05_21_16_00_33_84.jpg
5-7.jpg	2026_05_21_16_00_33_84_smallSize.jpg
5-7.jpg	2026_05_21_16_00_33_84_mediumSize.jpg
13.jpg	2026_05_21_16_12_46_63.jpg
13.jpg	2026_05_21_16_12_46_63_smallSize.jpg
13.jpg	2026_05_21_16_12_46_63_mediumSize.jpg
1.jpeg	2026_05_21_20_55_13_51.jpeg
1.jpeg	2026_05_21_20_55_13_51_smallSize.jpeg
1.jpeg	2026_05_21_20_55_13_51_mediumSize.jpeg
screenshot_1779371964.jpeg	2026_05_21_21_07_12_35.jpeg
screenshot_1779371964.jpeg	2026_05_21_21_07_12_35_smallSize.jpeg
screenshot_1779371964.jpeg	2026_05_21_21_07_12_35_mediumSize.jpeg
screenshot_1779373292.jpeg	2026_05_21_21_43_16_78_smallSize.jpeg
screenshot_1779373292.jpeg	2026_05_21_21_43_16_78_mediumSize.jpeg
screenshot_1779373446.jpeg	2026_05_21_21_43_38_65.jpeg
screenshot_1779373446.jpeg	2026_05_21_21_43_38_65_smallSize.jpeg
screenshot_1779373446.jpeg	2026_05_21_21_43_38_65_mediumSize.jpeg
screenshot_1779375837.jpeg	2026_05_21_22_18_19_81.jpeg
screenshot_1779375837.jpeg	2026_05_21_22_18_19_81_smallSize.jpeg
screenshot_1779375837.jpeg	2026_05_21_22_18_19_81_mediumSize.jpeg
screenshot_1779413133.jpeg	2026_05_22_08_27_40_40.jpeg
screenshot_1779413133.jpeg	2026_05_22_08_27_40_40_smallSize.jpeg
screenshot_1779413133.jpeg	2026_05_22_08_27_40_40_mediumSize.jpeg
ANH1-732329.jpg	2026_05_22_10_05_58_73.jpg
ANH1-732329.jpg	2026_05_22_10_05_58_73_smallSize.jpg
ANH1-732329.jpg	2026_05_22_10_05_58_73_mediumSize.jpg
screenshot_1779419974.jpeg	2026_05_22_10_21_47_93.jpeg
screenshot_1779419974.jpeg	2026_05_22_10_21_47_93_smallSize.jpeg
screenshot_1779419974.jpeg	2026_05_22_10_21_47_93_mediumSize.jpeg
668775121_1691739391982372_750287232539081416_n.jpg	2026_05_22_10_46_19_10.jpg
668775121_1691739391982372_750287232539081416_n.jpg	2026_05_22_10_46_19_10_smallSize.jpg
668775121_1691739391982372_750287232539081416_n.jpg	2026_05_22_10_46_19_10_mediumSize.jpg
01_9.jpg	2026_05_22_10_56_47_26.jpg
01_9.jpg	2026_05_22_10_56_47_26_smallSize.jpg
01_9.jpg	2026_05_22_10_56_47_26_mediumSize.jpg
0ef1e10c00f88ea6d7e9.jpg	2026_05_22_11_48_29_53.jpg
0ef1e10c00f88ea6d7e9.jpg	2026_05_22_11_48_29_53_smallSize.jpg
0ef1e10c00f88ea6d7e9.jpg	2026_05_22_11_48_29_53_mediumSize.jpg
gen-n-z7593058254538_e0199cda9c7bb11760a9f489fa889672.jpg	2026_05_22_12_02_52_24.jpg
gen-n-z7593058254538_e0199cda9c7bb11760a9f489fa889672.jpg	2026_05_22_12_02_52_24_smallSize.jpg
gen-n-z7593058254538_e0199cda9c7bb11760a9f489fa889672.jpg	2026_05_22_12_02_52_24_mediumSize.jpg
library-20260506162720-6ec806ac-13c6-40e4-b7df-fea73507ccba-2412282068267140812-1.jpg	2026_05_22_13_58_01_96.jpg
library-20260506162720-6ec806ac-13c6-40e4-b7df-fea73507ccba-2412282068267140812-1.jpg	2026_05_22_13_58_01_96_smallSize.jpg
library-20260506162720-6ec806ac-13c6-40e4-b7df-fea73507ccba-2412282068267140812-1.jpg	2026_05_22_13_58_01_96_mediumSize.jpg
a4_2.jpg	2026_05_22_14_15_26_16.jpg
a4_2.jpg	2026_05_22_14_15_26_16_smallSize.jpg
a4_2.jpg	2026_05_22_14_15_26_16_mediumSize.jpg
12a.jpg	2026_05_22_14_21_56_19.jpg
12a.jpg	2026_05_22_14_21_56_19_smallSize.jpg
12a.jpg	2026_05_22_14_21_56_19_mediumSize.jpg
photo-library-20260401195609-28b9a173-43f8-4699-89c9-13ff72c47c7c-mythuan01.jpg	2026_05_22_14_32_26_60.jpg
photo-library-20260401195609-28b9a173-43f8-4699-89c9-13ff72c47c7c-mythuan01.jpg	2026_05_22_14_32_26_60_smallSize.jpg
photo-library-20260401195609-28b9a173-43f8-4699-89c9-13ff72c47c7c-mythuan01.jpg	2026_05_22_14_32_26_60_mediumSize.jpg
screenshot_1779437863.jpeg	2026_05_22_15_17_59_66.jpeg
screenshot_1779437863.jpeg	2026_05_22_15_17_59_66_smallSize.jpeg
screenshot_1779437863.jpeg	2026_05_22_15_17_59_66_mediumSize.jpeg
screenshot_1779438244.jpeg	2026_05_22_15_24_37_33.jpeg
screenshot_1779438244.jpeg	2026_05_22_15_24_37_33_smallSize.jpeg
screenshot_1779438244.jpeg	2026_05_22_15_24_37_33_mediumSize.jpeg
screenshot_1779439196.jpeg	2026_05_22_15_40_31_24.jpeg
screenshot_1779439196.jpeg	2026_05_22_15_40_31_24_smallSize.jpeg
screenshot_1779439196.jpeg	2026_05_22_15_40_31_24_mediumSize.jpeg
z7856380339930_86f6fe6e33bd6965476301b6e00968e6.jpg	2026_05_23_14_15_49_69.jpg
z7856380339930_86f6fe6e33bd6965476301b6e00968e6.jpg	2026_05_23_14_15_49_69_smallSize.jpg
z7856380339930_86f6fe6e33bd6965476301b6e00968e6.jpg	2026_05_23_14_15_49_69_mediumSize.jpg
z7857117323501_0a963fb35ff9b84ac955058724367703.jpg	2026_05_24_02_04_04_78.jpg
z7857117323501_0a963fb35ff9b84ac955058724367703.jpg	2026_05_24_02_04_04_78_smallSize.jpg
z7857117323501_0a963fb35ff9b84ac955058724367703.jpg	2026_05_24_02_04_04_78_mediumSize.jpg
z7861308705384_3c7ff95066c0f68d4be466bcdc07c6ff.jpg	2026_05_24_23_55_26_84.jpg
z7861308705384_3c7ff95066c0f68d4be466bcdc07c6ff.jpg	2026_05_24_23_55_26_84_smallSize.jpg
z7861308705384_3c7ff95066c0f68d4be466bcdc07c6ff.jpg	2026_05_24_23_55_26_84_mediumSize.jpg
z7861311160803_fbce2e568e94b74222bcb327953b1c89.jpg	2026_05_25_00_05_26_90.jpg
z7861311160803_fbce2e568e94b74222bcb327953b1c89.jpg	2026_05_25_00_05_26_90_smallSize.jpg
z7861311160803_fbce2e568e94b74222bcb327953b1c89.jpg	2026_05_25_00_05_26_90_mediumSize.jpg
z7861312955759_5e0a739d42e19fe140f80cf48a117614.jpg	2026_05_25_00_13_30_09.jpg
z7861312955759_5e0a739d42e19fe140f80cf48a117614.jpg	2026_05_25_00_13_30_09_smallSize.jpg
z7861312955759_5e0a739d42e19fe140f80cf48a117614.jpg	2026_05_25_00_13_30_09_mediumSize.jpg
Di ve huong binh minh_Cat phat song.00_00_27_17.Still002.jpg	2026_05_25_00_32_08_12.jpg
Di ve huong binh minh_Cat phat song.00_00_27_17.Still002.jpg	2026_05_25_00_32_08_12_smallSize.jpg
Di ve huong binh minh_Cat phat song.00_00_27_17.Still002.jpg	2026_05_25_00_32_08_12_mediumSize.jpg
image-20260521002221-1.jpeg	2026_05_25_10_13_35_08.jpeg
image-20260521002221-1.jpeg	2026_05_25_10_13_35_08_smallSize.jpeg
image-20260521002221-1.jpeg	2026_05_25_10_13_35_08_mediumSize.jpeg
z7633470652411_5548d40bd8fdcd08e7f6f53d6ab81223.jpg	2026_05_25_10_28_53_75_smallSize.jpg
z7633470652411_5548d40bd8fdcd08e7f6f53d6ab81223.jpg	2026_05_25_10_28_53_75_mediumSize.jpg
z7633470652411_5548d40bd8fdcd08e7f6f53d6ab81223.jpg	2026_05_25_10_29_59_35.jpg
z7633470652411_5548d40bd8fdcd08e7f6f53d6ab81223.jpg	2026_05_25_10_29_59_35_smallSize.jpg
z7633470652411_5548d40bd8fdcd08e7f6f53d6ab81223.jpg	2026_05_25_10_29_59_35_mediumSize.jpg
cong-an2_20260320162630.jpg	2026_05_25_10_42_08_74.jpg
cong-an2_20260320162630.jpg	2026_05_25_10_42_08_74_smallSize.jpg
cong-an2_20260320162630.jpg	2026_05_25_10_42_08_74_mediumSize.jpg
screenshot_1779680874.jpeg	2026_05_25_10_49_42_91.jpeg
screenshot_1779680874.jpeg	2026_05_25_10_49_42_91_smallSize.jpeg
screenshot_1779680874.jpeg	2026_05_25_10_49_42_91_mediumSize.jpeg
8.jpg	2026_05_25_10_58_33_86.jpg
8.jpg	2026_05_25_10_58_33_86_smallSize.jpg
8.jpg	2026_05_25_10_58_33_86_mediumSize.jpg
21.jpg	2026_05_25_11_50_39_31.jpg
21.jpg	2026_05_25_11_50_39_31_smallSize.jpg
21.jpg	2026_05_25_11_50_39_31_mediumSize.jpg
cong-an2_20260320162630.jpg	2026_05_25_12_00_01_33.jpg
cong-an2_20260320162630.jpg	2026_05_25_12_00_01_33_smallSize.jpg
cong-an2_20260320162630.jpg	2026_05_25_12_00_01_33_mediumSize.jpg
screenshot_1779685868.jpeg	2026_05_25_12_12_55_40.jpeg
screenshot_1779685868.jpeg	2026_05_25_12_12_55_40_smallSize.jpeg
screenshot_1779685868.jpeg	2026_05_25_12_12_55_40_mediumSize.jpeg
screenshot_1779686041.jpeg	2026_05_25_12_15_45_58.jpeg
screenshot_1779686041.jpeg	2026_05_25_12_15_45_58_smallSize.jpeg
screenshot_1779686041.jpeg	2026_05_25_12_15_45_58_mediumSize.jpeg
bbt_10033.jpg	2026_05_25_14_01_16_13.jpg
bbt_10033.jpg	2026_05_25_14_01_16_13_smallSize.jpg
bbt_10033.jpg	2026_05_25_14_01_16_13_mediumSize.jpg
screenshot_1779693131.jpeg	2026_05_25_14_13_42_01.jpeg
screenshot_1779693131.jpeg	2026_05_25_14_13_42_01_smallSize.jpeg
screenshot_1779693131.jpeg	2026_05_25_14_13_42_01_mediumSize.jpeg
screenshot_1779694523.jpeg	2026_05_25_14_36_12_65.jpeg
screenshot_1779694523.jpeg	2026_05_25_14_36_12_65_smallSize.jpeg
screenshot_1779694523.jpeg	2026_05_25_14_36_12_65_mediumSize.jpeg
678514409_2806884369647359_1429753134207153753_n.jpg	2026_05_25_14_53_35_95.jpg
678514409_2806884369647359_1429753134207153753_n.jpg	2026_05_25_14_53_35_95_smallSize.jpg
678514409_2806884369647359_1429753134207153753_n.jpg	2026_05_25_14_53_35_95_mediumSize.jpg
670351074_122150802908970720_4718014064011095083_n.jpg	2026_05_25_15_43_59_79.jpg
670351074_122150802908970720_4718014064011095083_n.jpg	2026_05_25_15_43_59_79_smallSize.jpg
670351074_122150802908970720_4718014064011095083_n.jpg	2026_05_25_15_43_59_79_mediumSize.jpg
nb__600x450.jpg	2026_05_25_15_52_47_71.jpg
nb__600x450.jpg	2026_05_25_15_52_47_71_smallSize.jpg
nb__600x450.jpg	2026_05_25_15_52_47_71_mediumSize.jpg
95751_youtube_03_22_53_21_still11047_15011208.jpg	2026_05_25_15_59_18_84_smallSize.jpg
95751_youtube_03_22_53_21_still11047_15011208.jpg	2026_05_25_15_59_18_84_mediumSize.jpg
z7320086936807_cee7c94cb7606cd99ba70fe5cd312ac9.jpg	2026_05_25_16_10_13_44.jpg
z7320086936807_cee7c94cb7606cd99ba70fe5cd312ac9.jpg	2026_05_25_16_10_13_44_smallSize.jpg
z7320086936807_cee7c94cb7606cd99ba70fe5cd312ac9.jpg	2026_05_25_16_10_13_44_mediumSize.jpg
photo-library-20260206134258-e826d699-4e86-4154-b96f-91608a36fbd9-anh2.jpg	2026_05_25_16_26_48_19.jpg
photo-library-20260206134258-e826d699-4e86-4154-b96f-91608a36fbd9-anh2.jpg	2026_05_25_16_26_48_19_smallSize.jpg
photo-library-20260206134258-e826d699-4e86-4154-b96f-91608a36fbd9-anh2.jpg	2026_05_25_16_26_48_19_mediumSize.jpg
THA0.jpg	2026_05_25_16_33_37_85.jpg
THA0.jpg	2026_05_25_16_33_37_85_smallSize.jpg
THA0.jpg	2026_05_25_16_33_37_85_mediumSize.jpg
tg01.jpg	2026_05_25_16_38_48_13.jpg
tg01.jpg	2026_05_25_16_38_48_13_smallSize.jpg
tg01.jpg	2026_05_25_16_38_48_13_mediumSize.jpg
ramt.jpg	2026_05_26_08_56_16_87.jpg
ramt.jpg	2026_05_26_08_56_16_87_smallSize.jpg
ramt.jpg	2026_05_26_08_56_16_87_mediumSize.jpg
z7497342474612_e997cc18fac16412b8d41d2dfc9a189a.jpg	2026_05_26_09_08_12_88.jpg
z7497342474612_e997cc18fac16412b8d41d2dfc9a189a.jpg	2026_05_26_09_08_12_88_smallSize.jpg
z7497342474612_e997cc18fac16412b8d41d2dfc9a189a.jpg	2026_05_26_09_08_12_88_mediumSize.jpg
photo-library-20260104223545-5956f382-6610-4d7f-8507-7fcaa0cc4451-1.jpg	2026_05_26_09_30_31_90.jpg
photo-library-20260104223545-5956f382-6610-4d7f-8507-7fcaa0cc4451-1.jpg	2026_05_26_09_30_31_90_smallSize.jpg
photo-library-20260104223545-5956f382-6610-4d7f-8507-7fcaa0cc4451-1.jpg	2026_05_26_09_30_31_90_mediumSize.jpg
screenshot_1779763064.jpeg	2026_05_26_09_40_17_14.jpeg
screenshot_1779763064.jpeg	2026_05_26_09_40_17_14_smallSize.jpeg
screenshot_1779763064.jpeg	2026_05_26_09_40_17_14_mediumSize.jpeg
screenshot_1779766702.jpeg	2026_05_26_10_39_03_39.jpeg
screenshot_1779766702.jpeg	2026_05_26_10_39_03_39_smallSize.jpeg
screenshot_1779766702.jpeg	2026_05_26_10_39_03_39_mediumSize.jpeg
gen-h-z7829475980594_59ac9178bccfc7e4ff037731fcb6e9a0.jpg	2026_05_26_10_47_10_27.jpg
gen-h-z7829475980594_59ac9178bccfc7e4ff037731fcb6e9a0.jpg	2026_05_26_10_47_10_27_smallSize.jpg
gen-h-z7829475980594_59ac9178bccfc7e4ff037731fcb6e9a0.jpg	2026_05_26_10_47_10_27_mediumSize.jpg
screenshot_1779767715.jpeg	2026_05_26_10_57_02_42.jpeg
screenshot_1779767715.jpeg	2026_05_26_10_57_02_42_smallSize.jpeg
screenshot_1779767715.jpeg	2026_05_26_10_57_02_42_mediumSize.jpeg
screenshot_1779780061.jpeg	2026_05_26_14_24_04_50.jpeg
screenshot_1779780061.jpeg	2026_05_26_14_24_04_50_smallSize.jpeg
screenshot_1779780061.jpeg	2026_05_26_14_24_04_50_mediumSize.jpeg
tt01.jpg	2026_05_26_14_28_26_93.jpg
tt01.jpg	2026_05_26_14_28_26_93_smallSize.jpg
tt01.jpg	2026_05_26_14_28_26_93_mediumSize.jpg
11.jpg	2026_05_26_14_36_58_27.jpg
11.jpg	2026_05_26_14_36_58_27_smallSize.jpg
11.jpg	2026_05_26_14_36_58_27_mediumSize.jpg
z7792031669236_45821c087da5d3a4d7849591859ef019.jpg	2026_05_26_14_48_03_62.jpg
z7792031669236_45821c087da5d3a4d7849591859ef019.jpg	2026_05_26_14_48_03_62_smallSize.jpg
z7792031669236_45821c087da5d3a4d7849591859ef019.jpg	2026_05_26_14_48_03_62_mediumSize.jpg
VQV_6459-b0e7df635d604fa48cbb9a850b9ed32f.jpg	2026_05_26_15_41_13_64_smallSize.jpg
VQV_6459-b0e7df635d604fa48cbb9a850b9ed32f.jpg	2026_05_26_15_41_13_64_mediumSize.jpg
0109. Hội nghị tập huấn công tác thi hành án hình sự tại cộng đồng.jpg	2026_05_26_15_47_03_07_smallSize.jpg
0109. Hội nghị tập huấn công tác thi hành án hình sự tại cộng đồng.jpg	2026_05_26_15_47_03_07_mediumSize.jpg
screenshot_1779785212.jpeg	2026_05_26_15_47_46_45.jpeg
screenshot_1779785212.jpeg	2026_05_26_15_47_46_45_smallSize.jpeg
screenshot_1779785212.jpeg	2026_05_26_15_47_46_45_mediumSize.jpeg
1 - 2026-05-25T161035_333.jpg	2026_05_26_15_54_42_92.jpg
1 - 2026-05-25T161035_333.jpg	2026_05_26_15_54_42_92_smallSize.jpg
1 - 2026-05-25T161035_333.jpg	2026_05_26_15_54_42_92_mediumSize.jpg
screenshot_1779786343.jpeg	2026_05_26_16_17_39_53.jpeg
screenshot_1779786343.jpeg	2026_05_26_16_17_39_53_smallSize.jpeg
screenshot_1779786343.jpeg	2026_05_26_16_17_39_53_mediumSize.jpeg
th6645564.jpg	2026_05_26_16_24_17_48.jpg
th6645564.jpg	2026_05_26_16_24_17_48_smallSize.jpg
th6645564.jpg	2026_05_26_16_24_17_48_mediumSize.jpg
img_20260522_171105.jpg	2026_05_26_23_04_45_40_smallSize.jpg
img_20260522_171105.jpg	2026_05_26_23_04_45_40_mediumSize.jpg
z7868620324803_04ec0f130d39f227d77073634e866886.jpg	2026_05_26_23_08_32_49.jpg
z7868620324803_04ec0f130d39f227d77073634e866886.jpg	2026_05_26_23_08_32_49_smallSize.jpg
z7868620324803_04ec0f130d39f227d77073634e866886.jpg	2026_05_26_23_08_32_49_mediumSize.jpg
screenshot_1779846764.jpeg	2026_05_27_08_56_25_80.jpeg
screenshot_1779846764.jpeg	2026_05_27_08_56_25_80_smallSize.jpeg
screenshot_1779846764.jpeg	2026_05_27_08_56_25_80_mediumSize.jpeg
screenshot_1779847444.jpeg	2026_05_27_09_05_38_29.jpeg
screenshot_1779847444.jpeg	2026_05_27_09_05_38_29_smallSize.jpeg
screenshot_1779847444.jpeg	2026_05_27_09_05_38_29_mediumSize.jpeg
photo-library-20260324220137-22a8183d-b33a-4bfd-a194-f317a51fa426-1.jpg	2026_05_27_10_15_59_19_smallSize.jpg
photo-library-20260324220137-22a8183d-b33a-4bfd-a194-f317a51fa426-1.jpg	2026_05_27_10_15_59_19_mediumSize.jpg
photo-library-20260324220137-22a8183d-b33a-4bfd-a194-f317a51fa426-1.jpg	2026_05_27_10_20_13_22.jpg
photo-library-20260324220137-22a8183d-b33a-4bfd-a194-f317a51fa426-1.jpg	2026_05_27_10_20_13_22_smallSize.jpg
photo-library-20260324220137-22a8183d-b33a-4bfd-a194-f317a51fa426-1.jpg	2026_05_27_10_20_13_22_mediumSize.jpg
screenshot_1779852303.jpeg	2026_05_27_10_37_25_61.jpeg
screenshot_1779852303.jpeg	2026_05_27_10_37_25_61_smallSize.jpeg
screenshot_1779852303.jpeg	2026_05_27_10_37_25_61_mediumSize.jpeg
4 - 2026-05-27T151448_176.jpg	2026_05_27_17_08_36_93.jpg
4 - 2026-05-27T151448_176.jpg	2026_05_27_17_08_36_93_smallSize.jpg
4 - 2026-05-27T151448_176.jpg	2026_05_27_17_08_36_93_mediumSize.jpg
VQV_6459-b0e7df635d604fa48cbb9a850b9ed32f.jpg	2026_05_27_19_04_15_91_smallSize.jpg
VQV_6459-b0e7df635d604fa48cbb9a850b9ed32f.jpg	2026_05_27_19_04_15_91_mediumSize.jpg
VQV_6459-b0e7df635d604fa48cbb9a850b9ed32f.jpg	2026_05_27_19_06_42_66.jpg
VQV_6459-b0e7df635d604fa48cbb9a850b9ed32f.jpg	2026_05_27_19_06_42_66_smallSize.jpg
VQV_6459-b0e7df635d604fa48cbb9a850b9ed32f.jpg	2026_05_27_19_06_42_66_mediumSize.jpg
1 - 2026-05-27T151417_673.jpg	2026_05_27_19_24_30_32.jpg
1 - 2026-05-27T151417_673.jpg	2026_05_27_19_24_30_32_smallSize.jpg
1 - 2026-05-27T151417_673.jpg	2026_05_27_19_24_30_32_mediumSize.jpg
VQV_6459-b0e7df635d604fa48cbb9a850b9ed32f.jpg	2026_05_28_09_12_32_79.jpg
VQV_6459-b0e7df635d604fa48cbb9a850b9ed32f.jpg	2026_05_28_09_12_32_79_smallSize.jpg
VQV_6459-b0e7df635d604fa48cbb9a850b9ed32f.jpg	2026_05_28_09_12_32_79_mediumSize.jpg
screenshot_1779938110.jpeg	2026_05_28_10_15_40_66.jpeg
screenshot_1779938110.jpeg	2026_05_28_10_15_40_66_smallSize.jpeg
screenshot_1779938110.jpeg	2026_05_28_10_15_40_66_mediumSize.jpeg
screenshot_1779938708.jpeg	2026_05_28_10_25_34_96_smallSize.jpeg
screenshot_1779938708.jpeg	2026_05_28_10_25_34_96_mediumSize.jpeg
708854097_1399847045509642_3498795177722237125_n.jpg	2026_05_29_00_24_42_45.jpg
708854097_1399847045509642_3498795177722237125_n.jpg	2026_05_29_00_24_42_45_smallSize.jpg
708854097_1399847045509642_3498795177722237125_n.jpg	2026_05_29_00_24_42_45_mediumSize.jpg
z7866477286391_102ed367f2e33097d1f9656e8cb8ec93.jpg	2026_05_29_00_31_02_51.jpg
z7866477286391_102ed367f2e33097d1f9656e8cb8ec93.jpg	2026_05_29_00_31_02_51_smallSize.jpg
z7866477286391_102ed367f2e33097d1f9656e8cb8ec93.jpg	2026_05_29_00_31_02_51_mediumSize.jpg
1fafsda.jpg	2026_05_29_08_49_22_80.jpg
1fafsda.jpg	2026_05_29_08_49_22_80_smallSize.jpg
1fafsda.jpg	2026_05_29_08_49_22_80_mediumSize.jpg
screenshot_1780024431.jpeg	2026_05_29_10_22_18_08.jpeg
screenshot_1780024431.jpeg	2026_05_29_10_22_18_08_smallSize.jpeg
screenshot_1780024431.jpeg	2026_05_29_10_22_18_08_mediumSize.jpeg
screenshot_1780025400.jpeg	2026_05_29_10_30_53_48.jpeg
screenshot_1780025400.jpeg	2026_05_29_10_30_53_48_smallSize.jpeg
screenshot_1780025400.jpeg	2026_05_29_10_30_53_48_mediumSize.jpeg
screenshot_1780025523.jpeg	2026_05_29_10_35_40_07.jpeg
screenshot_1780025523.jpeg	2026_05_29_10_35_40_07_smallSize.jpeg
screenshot_1780025523.jpeg	2026_05_29_10_35_40_07_mediumSize.jpeg
162117_162116_pho_chu_tich_ubnd_tinh_hoang_van_thach_tang_bang_khen_cho_cac_tap_the_10485126_10494126.jpg	2026_05_29_10_56_51_05.jpg
162117_162116_pho_chu_tich_ubnd_tinh_hoang_van_thach_tang_bang_khen_cho_cac_tap_the_10485126_10494126.jpg	2026_05_29_10_56_51_05_smallSize.jpg
162117_162116_pho_chu_tich_ubnd_tinh_hoang_van_thach_tang_bang_khen_cho_cac_tap_the_10485126_10494126.jpg	2026_05_29_10_56_51_05_mediumSize.jpg
screenshot_1780027316.jpeg	2026_05_29_11_05_03_69.jpeg
screenshot_1780027316.jpeg	2026_05_29_11_05_03_69_smallSize.jpeg
screenshot_1780027316.jpeg	2026_05_29_11_05_03_69_mediumSize.jpeg
screenshot_1780038913.jpeg	2026_05_29_14_24_10_83.jpeg
screenshot_1780038913.jpeg	2026_05_29_14_24_10_83_smallSize.jpeg
screenshot_1780038913.jpeg	2026_05_29_14_24_10_83_mediumSize.jpeg
tai-hoa-nhap-cong-dong.jpg	2026_05_29_14_37_26_88.jpg
tai-hoa-nhap-cong-dong.jpg	2026_05_29_14_37_26_88_smallSize.jpg
tai-hoa-nhap-cong-dong.jpg	2026_05_29_14_37_26_88_mediumSize.jpg
gen-h-z7868164219289_234dc9f5a2610f72c2624069af9ddcc9.jpg	2026_05_29_14_43_56_38.jpg
gen-h-z7868164219289_234dc9f5a2610f72c2624069af9ddcc9.jpg	2026_05_29_14_43_56_38_smallSize.jpg
gen-h-z7868164219289_234dc9f5a2610f72c2624069af9ddcc9.jpg	2026_05_29_14_43_56_38_mediumSize.jpg
screenshot_1780040763.jpeg	2026_05_29_14_53_25_20.jpeg
screenshot_1780040763.jpeg	2026_05_29_14_53_25_20_smallSize.jpeg
screenshot_1780040763.jpeg	2026_05_29_14_53_25_20_mediumSize.jpeg
1cb1f2bdc92e2e4fdddda7484300975e.jpg	2026_05_29_14_58_31_40.jpg
1cb1f2bdc92e2e4fdddda7484300975e.jpg	2026_05_29_14_58_31_40_smallSize.jpg
1cb1f2bdc92e2e4fdddda7484300975e.jpg	2026_05_29_14_58_31_40_mediumSize.jpg
screenshot_1780041764.jpeg	2026_05_29_15_05_23_18.jpeg
screenshot_1780041764.jpeg	2026_05_29_15_05_23_18_smallSize.jpeg
screenshot_1780041764.jpeg	2026_05_29_15_05_23_18_mediumSize.jpeg
screenshot_1780043717.jpeg	2026_05_29_15_37_39_92.jpeg
screenshot_1780043717.jpeg	2026_05_29_15_37_39_92_smallSize.jpeg
screenshot_1780043717.jpeg	2026_05_29_15_37_39_92_mediumSize.jpeg
screenshot_1780278797.jpeg	2026_06_01_09_00_57_73.jpeg
screenshot_1780278797.jpeg	2026_06_01_09_00_57_73_smallSize.jpeg
screenshot_1780278797.jpeg	2026_06_01_09_00_57_73_mediumSize.jpeg
screenshot_1780279721.jpeg	2026_06_01_09_16_33_45.jpeg
screenshot_1780279721.jpeg	2026_06_01_09_16_33_45_smallSize.jpeg
screenshot_1780279721.jpeg	2026_06_01_09_16_33_45_mediumSize.jpeg
z7877609940023_5b615438b6d7af501d73be411767c4c5.jpg	2026_06_01_10_01_19_95.jpg
z7877609940023_5b615438b6d7af501d73be411767c4c5.jpg	2026_06_01_10_01_19_95_smallSize.jpg
z7877609940023_5b615438b6d7af501d73be411767c4c5.jpg	2026_06_01_10_01_19_95_mediumSize.jpg
screenshot_1780283126.jpeg	2026_06_01_10_09_05_79.jpeg
screenshot_1780283126.jpeg	2026_06_01_10_09_05_79_smallSize.jpeg
screenshot_1780283126.jpeg	2026_06_01_10_09_05_79_mediumSize.jpeg
screenshot_1780283467.jpeg	2026_06_01_10_19_45_62.jpeg
screenshot_1780283467.jpeg	2026_06_01_10_19_45_62_smallSize.jpeg
screenshot_1780283467.jpeg	2026_06_01_10_19_45_62_mediumSize.jpeg
dai-bieu-chup-hinh-luu-niem-tai-buoi-le-ra-mat.jpg	2026_06_01_10_48_45_09.jpg
dai-bieu-chup-hinh-luu-niem-tai-buoi-le-ra-mat.jpg	2026_06_01_10_48_45_09_smallSize.jpg
dai-bieu-chup-hinh-luu-niem-tai-buoi-le-ra-mat.jpg	2026_06_01_10_48_45_09_mediumSize.jpg
z7866115087990_dc6334b9f3ee9b68733fa800c3ea8d99.jpg	2026_06_01_10_57_50_70.jpg
z7866115087990_dc6334b9f3ee9b68733fa800c3ea8d99.jpg	2026_06_01_10_57_50_70_smallSize.jpg
z7866115087990_dc6334b9f3ee9b68733fa800c3ea8d99.jpg	2026_06_01_10_57_50_70_mediumSize.jpg
screenshot_1780297931.jpeg	2026_06_01_14_20_38_20.jpeg
screenshot_1780297931.jpeg	2026_06_01_14_20_38_20_smallSize.jpeg
screenshot_1780297931.jpeg	2026_06_01_14_20_38_20_mediumSize.jpeg
image-20260530205540-1.jpeg	2026_06_01_14_34_56_87.jpeg
image-20260530205540-1.jpeg	2026_06_01_14_34_56_87_smallSize.jpeg
image-20260530205540-1.jpeg	2026_06_01_14_34_56_87_mediumSize.jpeg
screenshot_1780299829.jpeg	2026_06_01_14_44_36_47.jpeg
screenshot_1780299829.jpeg	2026_06_01_14_44_36_47_smallSize.jpeg
screenshot_1780299829.jpeg	2026_06_01_14_44_36_47_mediumSize.jpeg
48.jpg	2026_06_01_14_55_44_00.jpg
48.jpg	2026_06_01_14_55_44_00_smallSize.jpg
48.jpg	2026_06_01_14_55_44_00_mediumSize.jpg
library-20260601125611-8acb9105-4a5b-4473-9cec-140bee9967a3-atx-9893.jpg	2026_06_01_15_50_45_93.jpg
library-20260601125611-8acb9105-4a5b-4473-9cec-140bee9967a3-atx-9893.jpg	2026_06_01_15_50_45_93_smallSize.jpg
library-20260601125611-8acb9105-4a5b-4473-9cec-140bee9967a3-atx-9893.jpg	2026_06_01_15_50_45_93_mediumSize.jpg
screenshot_1780304123.jpeg	2026_06_01_16_07_34_19.jpeg
screenshot_1780304123.jpeg	2026_06_01_16_07_34_19_smallSize.jpeg
screenshot_1780304123.jpeg	2026_06_01_16_07_34_19_mediumSize.jpeg
z7889432186108_fab21494ad7b159077c6202b0ccaaea3.jpg	2026_06_01_17_14_03_88.jpg
z7889432186108_fab21494ad7b159077c6202b0ccaaea3.jpg	2026_06_01_17_14_03_88_smallSize.jpg
z7889432186108_fab21494ad7b159077c6202b0ccaaea3.jpg	2026_06_01_17_14_03_88_mediumSize.jpg
710749233_1305784758387033_7986900089095925418_n.jpg	2026_06_01_22_15_14_97.jpg
710749233_1305784758387033_7986900089095925418_n.jpg	2026_06_01_22_15_14_97_smallSize.jpg
710749233_1305784758387033_7986900089095925418_n.jpg	2026_06_01_22_15_14_97_mediumSize.jpg
z7889579340908_1bb2fb7ba501fd93dcfe1ad3059a6fe9.jpg	2026_06_01_22_56_30_06.jpg
z7889579340908_1bb2fb7ba501fd93dcfe1ad3059a6fe9.jpg	2026_06_01_22_56_30_06_smallSize.jpg
z7889579340908_1bb2fb7ba501fd93dcfe1ad3059a6fe9.jpg	2026_06_01_22_56_30_06_mediumSize.jpg
z7891619874738_62e.jpg	2026_06_02_10_34_04_66.jpg
z7891619874738_62e.jpg	2026_06_02_10_34_04_66_smallSize.jpg
z7891619874738_62e.jpg	2026_06_02_10_34_04_66_mediumSize.jpg
screenshot_1780371714.jpeg	2026_06_02_10_43_03_19.jpeg
screenshot_1780371714.jpeg	2026_06_02_10_43_03_19_smallSize.jpeg
screenshot_1780371714.jpeg	2026_06_02_10_43_03_19_mediumSize.jpeg
screenshot_1780372395.jpeg	2026_06_02_10_53_41_74.jpeg
screenshot_1780372395.jpeg	2026_06_02_10_53_41_74_smallSize.jpeg
screenshot_1780372395.jpeg	2026_06_02_10_53_41_74_mediumSize.jpeg
screenshot_1780372904.jpeg	2026_06_02_11_02_28_74.jpeg
screenshot_1780372904.jpeg	2026_06_02_11_02_28_74_smallSize.jpeg
screenshot_1780372904.jpeg	2026_06_02_11_02_28_74_mediumSize.jpeg
z7877211977847_92387a86d19bf787e74678a4344e1af6.jpg	2026_06_02_11_44_42_31.jpg
z7877211977847_92387a86d19bf787e74678a4344e1af6.jpg	2026_06_02_11_44_42_31_smallSize.jpg
z7877211977847_92387a86d19bf787e74678a4344e1af6.jpg	2026_06_02_11_44_42_31_mediumSize.jpg
screenshot_1780384534.jpeg	2026_06_02_14_20_14_30.jpeg
screenshot_1780384534.jpeg	2026_06_02_14_20_14_30_smallSize.jpeg
screenshot_1780384534.jpeg	2026_06_02_14_20_14_30_mediumSize.jpeg
screenshot_1780384992.jpeg	2026_06_02_14_28_33_67.jpeg
screenshot_1780384992.jpeg	2026_06_02_14_28_33_67_smallSize.jpeg
screenshot_1780384992.jpeg	2026_06_02_14_28_33_67_mediumSize.jpeg
library-20260601145116-b61e2136-491c-4f54-b155-d1ca3bf90b65-2aoboqasaszunnsv71zf67acyaly9sgfp4lwztri.jpg	2026_06_02_14_46_34_72.jpg
library-20260601145116-b61e2136-491c-4f54-b155-d1ca3bf90b65-2aoboqasaszunnsv71zf67acyaly9sgfp4lwztri.jpg	2026_06_02_14_46_34_72_smallSize.jpg
library-20260601145116-b61e2136-491c-4f54-b155-d1ca3bf90b65-2aoboqasaszunnsv71zf67acyaly9sgfp4lwztri.jpg	2026_06_02_14_46_34_72_mediumSize.jpg
screenshot_1780390420.jpeg	2026_06_02_16_00_13_32.jpeg
screenshot_1780390420.jpeg	2026_06_02_16_00_13_32_smallSize.jpeg
screenshot_1780390420.jpeg	2026_06_02_16_00_13_32_mediumSize.jpeg
83c70e4f-385e-4292-aacf-420f33736b45.jpeg	2026_06_02_16_07_29_95.jpeg
83c70e4f-385e-4292-aacf-420f33736b45.jpeg	2026_06_02_16_07_29_95_smallSize.jpeg
83c70e4f-385e-4292-aacf-420f33736b45.jpeg	2026_06_02_16_07_29_95_mediumSize.jpeg
z7771692769844_d995890e4b79617a90389d622863932a.jpg	2026_06_02_16_15_45_33.jpg
z7771692769844_d995890e4b79617a90389d622863932a.jpg	2026_06_02_16_15_45_33_smallSize.jpg
z7771692769844_d995890e4b79617a90389d622863932a.jpg	2026_06_02_16_15_45_33_mediumSize.jpg
photo-library-20260326193847-cef408cf-90d9-4949-adf0-dc2d3d9e16cb-hhg-7431.jpg	2026_06_02_16_53_59_61.jpg
photo-library-20260326193847-cef408cf-90d9-4949-adf0-dc2d3d9e16cb-hhg-7431.jpg	2026_06_02_16_53_59_61_smallSize.jpg
photo-library-20260326193847-cef408cf-90d9-4949-adf0-dc2d3d9e16cb-hhg-7431.jpg	2026_06_02_16_53_59_61_mediumSize.jpg
700w_20260402194357.jpg	2026_06_02_17_06_01_84.jpg
700w_20260402194357.jpg	2026_06_02_17_06_01_84_smallSize.jpg
700w_20260402194357.jpg	2026_06_02_17_06_01_84_mediumSize.jpg
screenshot_1780451815.jpeg	2026_06_03_09_53_01_40.jpeg
screenshot_1780451815.jpeg	2026_06_03_09_53_01_40_smallSize.jpeg
screenshot_1780451815.jpeg	2026_06_03_09_53_01_40_mediumSize.jpeg
a84faba1-28b0-426d-8bc8-9f09f4db648c.jpeg	2026_06_03_10_36_44_88.jpeg
a84faba1-28b0-426d-8bc8-9f09f4db648c.jpeg	2026_06_03_10_36_44_88_smallSize.jpeg
a84faba1-28b0-426d-8bc8-9f09f4db648c.jpeg	2026_06_03_10_36_44_88_mediumSize.jpeg
screenshot_1780458770.jpeg	2026_06_03_10_53_17_12.jpeg
screenshot_1780458770.jpeg	2026_06_03_10_53_17_12_smallSize.jpeg
screenshot_1780458770.jpeg	2026_06_03_10_53_17_12_mediumSize.jpeg
nang-cao-hieu-qua-cong-tac-tai-hoa-nhap-cong-dong-tren-dia-ban-tinh-bac-ninh-giai-doan-2026-2031.jpg	2026_06_03_14_13_40_67.jpg
nang-cao-hieu-qua-cong-tac-tai-hoa-nhap-cong-dong-tren-dia-ban-tinh-bac-ninh-giai-doan-2026-2031.jpg	2026_06_03_14_13_40_67_smallSize.jpg
nang-cao-hieu-qua-cong-tac-tai-hoa-nhap-cong-dong-tren-dia-ban-tinh-bac-ninh-giai-doan-2026-2031.jpg	2026_06_03_14_13_40_67_mediumSize.jpg
screenshot_1780471341.jpeg	2026_06_03_14_22_47_33.jpeg
screenshot_1780471341.jpeg	2026_06_03_14_22_47_33_smallSize.jpeg
screenshot_1780471341.jpeg	2026_06_03_14_22_47_33_mediumSize.jpeg
screenshot_1780471782.jpeg	2026_06_03_14_37_15_85.jpeg
screenshot_1780471782.jpeg	2026_06_03_14_37_15_85_smallSize.jpeg
screenshot_1780471782.jpeg	2026_06_03_14_37_15_85_mediumSize.jpeg
screenshot_1780472986.jpeg	2026_06_03_14_53_19_94.jpeg
screenshot_1780472986.jpeg	2026_06_03_14_53_19_94_smallSize.jpeg
screenshot_1780472986.jpeg	2026_06_03_14_53_19_94_mediumSize.jpeg
tg01.jpg	2026_06_03_15_02_52_71.jpg
tg01.jpg	2026_06_03_15_02_52_71_smallSize.jpg
tg01.jpg	2026_06_03_15_02_52_71_mediumSize.jpg
ramt.jpg	2026_06_03_15_44_51_95_smallSize.jpg
ramt.jpg	2026_06_03_15_44_51_95_mediumSize.jpg
screenshot_1780477030.jpeg	2026_06_03_16_01_21_88.jpeg
screenshot_1780477030.jpeg	2026_06_03_16_01_21_88_smallSize.jpeg
screenshot_1780477030.jpeg	2026_06_03_16_01_21_88_mediumSize.jpeg
screenshot_1780477698.jpeg	2026_06_03_16_10_57_28.jpeg
screenshot_1780477698.jpeg	2026_06_03_16_10_57_28_smallSize.jpeg
screenshot_1780477698.jpeg	2026_06_03_16_10_57_28_mediumSize.jpeg
65d88b4f-2274-48da-90cc-6bafaad825da-8d602d2f23284c628ca73c131300c474.jpg	2026_06_03_16_16_57_03.jpg
65d88b4f-2274-48da-90cc-6bafaad825da-8d602d2f23284c628ca73c131300c474.jpg	2026_06_03_16_16_57_03_smallSize.jpg
65d88b4f-2274-48da-90cc-6bafaad825da-8d602d2f23284c628ca73c131300c474.jpg	2026_06_03_16_16_57_03_mediumSize.jpg
screenshot_1780497467.jpeg	2026_06_03_21_38_17_74.jpeg
screenshot_1780497467.jpeg	2026_06_03_21_38_17_74_smallSize.jpeg
screenshot_1780497467.jpeg	2026_06_03_21_38_17_74_mediumSize.jpeg
2aoboqapex1elqsgdsvalbhxgucr7c0sfdyqutpg.jpg	2026_06_03_21_59_45_20.jpg
2aoboqapex1elqsgdsvalbhxgucr7c0sfdyqutpg.jpg	2026_06_03_21_59_45_20_smallSize.jpg
2aoboqapex1elqsgdsvalbhxgucr7c0sfdyqutpg.jpg	2026_06_03_21_59_45_20_mediumSize.jpg
phien-cho-xanh-lai-uoc-mo-noi-niem-tin-va-sinh-ke-duoc-thap-7cb6.jpg	2026_06_03_22_22_52_87.jpg
phien-cho-xanh-lai-uoc-mo-noi-niem-tin-va-sinh-ke-duoc-thap-7cb6.jpg	2026_06_03_22_22_52_87_smallSize.jpg
phien-cho-xanh-lai-uoc-mo-noi-niem-tin-va-sinh-ke-duoc-thap-7cb6.jpg	2026_06_03_22_22_52_87_mediumSize.jpg
image_328.jpeg	2026_06_03_22_29_04_88.jpeg
image_328.jpeg	2026_06_03_22_29_04_88_smallSize.jpeg
image_328.jpeg	2026_06_03_22_29_04_88_mediumSize.jpeg
z7892900561833_ed842e5b9a00a2ff29d0460b5d2535ba.jpg	2026_06_03_22_34_27_24.jpg
z7892900561833_ed842e5b9a00a2ff29d0460b5d2535ba.jpg	2026_06_03_22_34_27_24_smallSize.jpg
z7892900561833_ed842e5b9a00a2ff29d0460b5d2535ba.jpg	2026_06_03_22_34_27_24_mediumSize.jpg
screenshot_1780501528.jpeg	2026_06_03_22_46_06_60.jpeg
screenshot_1780501528.jpeg	2026_06_03_22_46_06_60_smallSize.jpeg
screenshot_1780501528.jpeg	2026_06_03_22_46_06_60_mediumSize.jpeg
screenshot_1780537353.jpeg	2026_06_04_08_46_17_55.jpeg
screenshot_1780537353.jpeg	2026_06_04_08_46_17_55_smallSize.jpeg
screenshot_1780537353.jpeg	2026_06_04_08_46_17_55_mediumSize.jpeg
3.jpeg	2026_06_04_08_52_39_10.jpeg
3.jpeg	2026_06_04_08_52_39_10_smallSize.jpeg
3.jpeg	2026_06_04_08_52_39_10_mediumSize.jpeg
screenshot_1780538654.jpeg	2026_06_04_09_06_02_15.jpeg
screenshot_1780538654.jpeg	2026_06_04_09_06_02_15_smallSize.jpeg
screenshot_1780538654.jpeg	2026_06_04_09_06_02_15_mediumSize.jpeg
screenshot_1780539170.jpeg	2026_06_04_09_13_51_58.jpeg
screenshot_1780539170.jpeg	2026_06_04_09_13_51_58_smallSize.jpeg
screenshot_1780539170.jpeg	2026_06_04_09_13_51_58_mediumSize.jpeg
screenshot_1780542810.jpeg	2026_06_04_10_19_31_83.jpeg
screenshot_1780542810.jpeg	2026_06_04_10_19_31_83_smallSize.jpeg
screenshot_1780542810.jpeg	2026_06_04_10_19_31_83_mediumSize.jpeg
screenshot_1780543757.jpeg	2026_06_04_10_30_44_80.jpeg
screenshot_1780543757.jpeg	2026_06_04_10_30_44_80_smallSize.jpeg
screenshot_1780543757.jpeg	2026_06_04_10_30_44_80_mediumSize.jpeg
screenshot_1780544433.jpeg	2026_06_04_10_40_59_27.jpeg
screenshot_1780544433.jpeg	2026_06_04_10_40_59_27_smallSize.jpeg
screenshot_1780544433.jpeg	2026_06_04_10_40_59_27_mediumSize.jpeg
photo-library-20260506153125-4c7b628d-5e65-4a1d-a0c3-f9b35b8a709c-8cc0db795877d9298066.jpg	2026_06_04_10_52_06_37.jpg
photo-library-20260506153125-4c7b628d-5e65-4a1d-a0c3-f9b35b8a709c-8cc0db795877d9298066.jpg	2026_06_04_10_52_06_37_smallSize.jpg
photo-library-20260506153125-4c7b628d-5e65-4a1d-a0c3-f9b35b8a709c-8cc0db795877d9298066.jpg	2026_06_04_10_52_06_37_mediumSize.jpg
screenshot_1780545575.jpeg	2026_06_04_11_01_23_00.jpeg
screenshot_1780545575.jpeg	2026_06_04_11_01_23_00_smallSize.jpeg
screenshot_1780545575.jpeg	2026_06_04_11_01_23_00_mediumSize.jpeg
screenshot_1780557856.jpeg	2026_06_04_14_26_05_41.jpeg
screenshot_1780557856.jpeg	2026_06_04_14_26_05_41_smallSize.jpeg
screenshot_1780557856.jpeg	2026_06_04_14_26_05_41_mediumSize.jpeg
screenshot_1780558740.jpeg	2026_06_04_14_44_42_94.jpeg
screenshot_1780558740.jpeg	2026_06_04_14_44_42_94_smallSize.jpeg
screenshot_1780558740.jpeg	2026_06_04_14_44_42_94_mediumSize.jpeg
truong-phong-pc10-bao-cao-ve-cong-tac-phoi-hop-voi-ngan-hang-chinh-sach-trong-viec-cap-von-cho-nguoi-tai-hoa-nhap-cong-dong.jpg	2026_06_04_15_45_01_73.jpg
truong-phong-pc10-bao-cao-ve-cong-tac-phoi-hop-voi-ngan-hang-chinh-sach-trong-viec-cap-von-cho-nguoi-tai-hoa-nhap-cong-dong.jpg	2026_06_04_15_45_01_73_smallSize.jpg
truong-phong-pc10-bao-cao-ve-cong-tac-phoi-hop-voi-ngan-hang-chinh-sach-trong-viec-cap-von-cho-nguoi-tai-hoa-nhap-cong-dong.jpg	2026_06_04_15_45_01_73_mediumSize.jpg
8.jpeg	2026_06_04_16_04_42_77.jpeg
8.jpeg	2026_06_04_16_04_42_77_smallSize.jpeg
8.jpeg	2026_06_04_16_04_42_77_mediumSize.jpeg
screenshot_1780564492.jpeg	2026_06_04_16_18_59_20.jpeg
screenshot_1780564492.jpeg	2026_06_04_16_18_59_20_smallSize.jpeg
screenshot_1780564492.jpeg	2026_06_04_16_18_59_20_mediumSize.jpeg
z7774985728059_bdfbadebcebd1d66bcd5bc4c88c6633a__578277fda2.jpg	2026_06_04_22_06_12_25.jpg
z7774985728059_bdfbadebcebd1d66bcd5bc4c88c6633a__578277fda2.jpg	2026_06_04_22_06_12_25_smallSize.jpg
z7774985728059_bdfbadebcebd1d66bcd5bc4c88c6633a__578277fda2.jpg	2026_06_04_22_06_12_25_mediumSize.jpg
screenshot_1780585949.jpeg	2026_06_04_22_12_48_13.jpeg
screenshot_1780585949.jpeg	2026_06_04_22_12_48_13_smallSize.jpeg
screenshot_1780585949.jpeg	2026_06_04_22_12_48_13_mediumSize.jpeg
screenshot_1780586246.jpeg	2026_06_04_22_20_08_60.jpeg
screenshot_1780586246.jpeg	2026_06_04_22_20_08_60_smallSize.jpeg
screenshot_1780586246.jpeg	2026_06_04_22_20_08_60_mediumSize.jpeg
dong-chi-trung-ta-do-thanh-chau-pho-doi-truong-phong-pc10-trien-khai-ke-hoach-huong-dan-kiem-tra-cong-tac-thi-hanh-an-hinh-su-va-tai-hoa-nhap-cong-don	2026_06_04_22_31_36_09.jpg
dong-chi-trung-ta-do-thanh-chau-pho-doi-truong-phong-pc10-trien-khai-ke-hoach-huong-dan-kiem-tra-cong-tac-thi-hanh-an-hinh-su-va-tai-hoa-nhap-cong-don	2026_06_04_22_31_36_09_smallSize.jpg
dong-chi-trung-ta-do-thanh-chau-pho-doi-truong-phong-pc10-trien-khai-ke-hoach-huong-dan-kiem-tra-cong-tac-thi-hanh-an-hinh-su-va-tai-hoa-nhap-cong-don	2026_06_04_22_31_36_09_mediumSize.jpg
screenshot_1780587393.jpeg	2026_06_04_22_40_42_84.jpeg
screenshot_1780587393.jpeg	2026_06_04_22_40_42_84_smallSize.jpeg
screenshot_1780587393.jpeg	2026_06_04_22_40_42_84_mediumSize.jpeg
a2.jpg	2026_06_05_10_55_04_44.jpg
a2.jpg	2026_06_05_10_55_04_44_smallSize.jpg
a2.jpg	2026_06_05_10_55_04_44_mediumSize.jpg
a3.jpg	2026_06_05_11_01_09_89.jpg
a3.jpg	2026_06_05_11_01_09_89_smallSize.jpg
a3.jpg	2026_06_05_11_01_09_89_mediumSize.jpg
screenshot_1780657391.jpeg	2026_06_05_18_05_41_85.jpeg
screenshot_1780657391.jpeg	2026_06_05_18_05_41_85_smallSize.jpeg
screenshot_1780657391.jpeg	2026_06_05_18_05_41_85_mediumSize.jpeg
screenshot_1780737555.jpeg	2026_06_06_16_20_24_91.jpeg
screenshot_1780737555.jpeg	2026_06_06_16_20_24_91_smallSize.jpeg
screenshot_1780737555.jpeg	2026_06_06_16_20_24_91_mediumSize.jpeg
screenshot_1780737933.jpeg	2026_06_06_16_30_12_14.jpeg
screenshot_1780737933.jpeg	2026_06_06_16_30_12_14_smallSize.jpeg
screenshot_1780737933.jpeg	2026_06_06_16_30_12_14_mediumSize.jpeg
lanh-dao-phong-pc10-cong-an-tinh-gia-lai-thong-qua-ket-qua-kiem-tra-tai-cong-an-cap-xa_1.jpg	2026_06_06_16_42_05_13.jpg
lanh-dao-phong-pc10-cong-an-tinh-gia-lai-thong-qua-ket-qua-kiem-tra-tai-cong-an-cap-xa_1.jpg	2026_06_06_16_42_05_13_smallSize.jpg
lanh-dao-phong-pc10-cong-an-tinh-gia-lai-thong-qua-ket-qua-kiem-tra-tai-cong-an-cap-xa_1.jpg	2026_06_06_16_42_05_13_mediumSize.jpg
vg__600x450.jpg	2026_06_06_16_46_28_43.jpg
vg__600x450.jpg	2026_06_06_16_46_28_43_smallSize.jpg
vg__600x450.jpg	2026_06_06_16_46_28_43_mediumSize.jpg
screenshot_1780739406.jpeg	2026_06_06_17_00_38_46.jpeg
screenshot_1780739406.jpeg	2026_06_06_17_00_38_46_smallSize.jpeg
screenshot_1780739406.jpeg	2026_06_06_17_00_38_46_mediumSize.jpeg
screenshot_1780744574.jpeg	2026_06_06_18_16_53_96.jpeg
screenshot_1780744574.jpeg	2026_06_06_18_16_53_96_smallSize.jpeg
screenshot_1780744574.jpeg	2026_06_06_18_16_53_96_mediumSize.jpeg
2514867_lanh_dao_co_quan_thi_hanh_an_hinh_su_cong_an_tinh_phat_bieu_tai_hoi_nghi_18022003.jpg	2026_06_06_18_22_19_10.jpg
2514867_lanh_dao_co_quan_thi_hanh_an_hinh_su_cong_an_tinh_phat_bieu_tai_hoi_nghi_18022003.jpg	2026_06_06_18_22_19_10_smallSize.jpg
2514867_lanh_dao_co_quan_thi_hanh_an_hinh_su_cong_an_tinh_phat_bieu_tai_hoi_nghi_18022003.jpg	2026_06_06_18_22_19_10_mediumSize.jpg
134007-vna_potal_le_cong_bo_quyet_dinh_dac_xa_nam_2026_cua_chu_tich_nuoc_tai_trai_giam_thanh_xuan_stand.jpg	2026_06_06_18_36_01_37.jpg
134007-vna_potal_le_cong_bo_quyet_dinh_dac_xa_nam_2026_cua_chu_tich_nuoc_tai_trai_giam_thanh_xuan_stand.jpg	2026_06_06_18_36_01_37_smallSize.jpg
134007-vna_potal_le_cong_bo_quyet_dinh_dac_xa_nam_2026_cua_chu_tich_nuoc_tai_trai_giam_thanh_xuan_stand.jpg	2026_06_06_18_36_01_37_mediumSize.jpg
picture20_3.jpg	2026_06_06_18_43_49_38.jpg
picture20_3.jpg	2026_06_06_18_43_49_38_smallSize.jpg
picture20_3.jpg	2026_06_06_18_43_49_38_mediumSize.jpg
screenshot_1780749749.jpeg	2026_06_06_19_44_37_42.jpeg
screenshot_1780749749.jpeg	2026_06_06_19_44_37_42_smallSize.jpeg
screenshot_1780749749.jpeg	2026_06_06_19_44_37_42_mediumSize.jpeg
63b7a0e169f2e8acb1e31.jpg	2026_06_06_20_22_44_92.jpg
63b7a0e169f2e8acb1e31.jpg	2026_06_06_20_22_44_92_smallSize.jpg
63b7a0e169f2e8acb1e31.jpg	2026_06_06_20_22_44_92_mediumSize.jpg
13.jpg	2026_06_06_20_31_22_15.jpg
13.jpg	2026_06_06_20_31_22_15_smallSize.jpg
13.jpg	2026_06_06_20_31_22_15_mediumSize.jpg
screenshot_1780753249.jpeg	2026_06_06_20_45_58_47.jpeg
screenshot_1780753249.jpeg	2026_06_06_20_45_58_47_smallSize.jpeg
screenshot_1780753249.jpeg	2026_06_06_20_45_58_47_mediumSize.jpeg
screenshot_1780753901.jpeg	2026_06_06_20_52_59_42.jpeg
screenshot_1780753901.jpeg	2026_06_06_20_52_59_42_smallSize.jpeg
screenshot_1780753901.jpeg	2026_06_06_20_52_59_42_mediumSize.jpeg
fc07ede2-e0dd-423a-b58f-3664b609593f-0e313cbe1f3f42358a2f86e744869e25.jpg	2026_06_06_21_02_17_06.jpg
fc07ede2-e0dd-423a-b58f-3664b609593f-0e313cbe1f3f42358a2f86e744869e25.jpg	2026_06_06_21_02_17_06_smallSize.jpg
fc07ede2-e0dd-423a-b58f-3664b609593f-0e313cbe1f3f42358a2f86e744869e25.jpg	2026_06_06_21_02_17_06_mediumSize.jpg
screenshot_1780754721.jpeg	2026_06_06_21_08_44_88.jpeg
screenshot_1780754721.jpeg	2026_06_06_21_08_44_88_smallSize.jpeg
screenshot_1780754721.jpeg	2026_06_06_21_08_44_88_mediumSize.jpeg
screenshot_1780755236.jpeg	2026_06_06_21_17_32_25.jpeg
screenshot_1780755236.jpeg	2026_06_06_21_17_32_25_smallSize.jpeg
screenshot_1780755236.jpeg	2026_06_06_21_17_32_25_mediumSize.jpeg
123-dd77.jpg	2026_06_06_21_23_10_55.jpg
123-dd77.jpg	2026_06_06_21_23_10_55_smallSize.jpg
123-dd77.jpg	2026_06_06_21_23_10_55_mediumSize.jpg
ho-tro-viec-lam-cho-nguoi-tai-hoa-nhap-cong-dong-1778209355.jpg	2026_06_06_21_33_13_10.jpg
ho-tro-viec-lam-cho-nguoi-tai-hoa-nhap-cong-dong-1778209355.jpg	2026_06_06_21_33_13_10_smallSize.jpg
ho-tro-viec-lam-cho-nguoi-tai-hoa-nhap-cong-dong-1778209355.jpg	2026_06_06_21_33_13_10_mediumSize.jpg
screenshot_1780756874.jpeg	2026_06_06_21_43_43_23.jpeg
screenshot_1780756874.jpeg	2026_06_06_21_43_43_23_smallSize.jpeg
screenshot_1780756874.jpeg	2026_06_06_21_43_43_23_mediumSize.jpeg
screenshot_1780757611.jpeg	2026_06_06_21_54_52_17_smallSize.jpeg
screenshot_1780757611.jpeg	2026_06_06_21_54_52_17_mediumSize.jpeg
screenshot_1780762057.jpeg	2026_06_06_23_08_15_75.jpeg
screenshot_1780762057.jpeg	2026_06_06_23_08_15_75_smallSize.jpeg
screenshot_1780762057.jpeg	2026_06_06_23_08_15_75_mediumSize.jpeg
anh-2-2.jpg	2026_06_07_08_56_50_11.jpg
anh-2-2.jpg	2026_06_07_08_56_50_11_smallSize.jpg
anh-2-2.jpg	2026_06_07_08_56_50_11_mediumSize.jpg
screenshot_1780798144.jpeg	2026_06_07_09_23_42_18.jpeg
screenshot_1780798144.jpeg	2026_06_07_09_23_42_18_smallSize.jpeg
screenshot_1780798144.jpeg	2026_06_07_09_23_42_18_mediumSize.jpeg
screenshot_1780800094.jpeg	2026_06_07_09_49_13_19.jpeg
screenshot_1780800094.jpeg	2026_06_07_09_49_13_19_smallSize.jpeg
screenshot_1780800094.jpeg	2026_06_07_09_49_13_19_mediumSize.jpeg
z7684023106027_19d2969dc662710b4be54b27bfd1207f.jpg	2026_06_07_10_01_17_27.jpg
z7684023106027_19d2969dc662710b4be54b27bfd1207f.jpg	2026_06_07_10_01_17_27_smallSize.jpg
z7684023106027_19d2969dc662710b4be54b27bfd1207f.jpg	2026_06_07_10_01_17_27_mediumSize.jpg
image001.jpg	2026_06_07_10_13_14_60.jpg
image001.jpg	2026_06_07_10_13_14_60_smallSize.jpg
image001.jpg	2026_06_07_10_13_14_60_mediumSize.jpg
screenshot_1780816530.jpeg	2026_06_07_14_19_32_10.jpeg
screenshot_1780816530.jpeg	2026_06_07_14_19_32_10_smallSize.jpeg
screenshot_1780816530.jpeg	2026_06_07_14_19_32_10_mediumSize.jpeg
screenshot_1780817497.jpeg	2026_06_07_14_49_42_60.jpeg
screenshot_1780817497.jpeg	2026_06_07_14_49_42_60_smallSize.jpeg
screenshot_1780817497.jpeg	2026_06_07_14_49_42_60_mediumSize.jpeg
screenshot_1780818846.jpeg	2026_06_07_14_56_39_41.jpeg
screenshot_1780818846.jpeg	2026_06_07_14_56_39_41_smallSize.jpeg
screenshot_1780818846.jpeg	2026_06_07_14_56_39_41_mediumSize.jpeg
screenshot_1780819780.jpeg	2026_06_07_15_12_41_70.jpeg
screenshot_1780819780.jpeg	2026_06_07_15_12_41_70_smallSize.jpeg
screenshot_1780819780.jpeg	2026_06_07_15_12_41_70_mediumSize.jpeg
screenshot_1780820364.jpeg	2026_06_07_15_27_39_52.jpeg
screenshot_1780820364.jpeg	2026_06_07_15_27_39_52_smallSize.jpeg
screenshot_1780820364.jpeg	2026_06_07_15_27_39_52_mediumSize.jpeg
nxt1410-1-17750143837521054459696.jpg	2026_06_07_15_46_57_03.jpg
nxt1410-1-17750143837521054459696.jpg	2026_06_07_15_46_57_03_smallSize.jpg
nxt1410-1-17750143837521054459696.jpg	2026_06_07_15_46_57_03_mediumSize.jpg
screenshot_1780823685.jpeg	2026_06_07_16_17_52_17.jpeg
screenshot_1780823685.jpeg	2026_06_07_16_17_52_17_smallSize.jpeg
screenshot_1780823685.jpeg	2026_06_07_16_17_52_17_mediumSize.jpeg
1-556213.jpg	2026_06_07_16_36_20_48.jpg
1-556213.jpg	2026_06_07_16_36_20_48_smallSize.jpg
1-556213.jpg	2026_06_07_16_36_20_48_mediumSize.jpg
screenshot_1780837328.jpeg	2026_06_07_20_04_56_40.jpeg
screenshot_1780837328.jpeg	2026_06_07_20_04_56_40_smallSize.jpeg
screenshot_1780837328.jpeg	2026_06_07_20_04_56_40_mediumSize.jpeg
z7904224845111_3e791d96364b2d4e14fd8a4f58b09f73.jpg	2026_06_07_20_20_52_73_smallSize.jpg
z7904224845111_3e791d96364b2d4e14fd8a4f58b09f73.jpg	2026_06_07_20_20_52_73_mediumSize.jpg
screenshot_1780838849.jpeg	2026_06_07_20_29_57_20.jpeg
screenshot_1780838849.jpeg	2026_06_07_20_29_57_20_smallSize.jpeg
screenshot_1780838849.jpeg	2026_06_07_20_29_57_20_mediumSize.jpeg
a8fb4e04-1089-4bc4-b15c-45282ec34c47.jpg	2026_06_07_20_49_24_98.jpg
a8fb4e04-1089-4bc4-b15c-45282ec34c47.jpg	2026_06_07_20_49_24_98_smallSize.jpg
a8fb4e04-1089-4bc4-b15c-45282ec34c47.jpg	2026_06_07_20_49_24_98_mediumSize.jpg
screenshot_1780840625.jpeg	2026_06_07_20_57_40_15.jpeg
screenshot_1780840625.jpeg	2026_06_07_20_57_40_15_smallSize.jpeg
screenshot_1780840625.jpeg	2026_06_07_20_57_40_15_mediumSize.jpeg
screenshot_1780841607.jpeg	2026_06_07_21_32_43_16_smallSize.jpeg
screenshot_1780841607.jpeg	2026_06_07_21_32_43_16_mediumSize.jpeg
loi.jpg	2026_06_07_21_47_45_15.jpg
loi.jpg	2026_06_07_21_47_45_15_smallSize.jpg
loi.jpg	2026_06_07_21_47_45_15_mediumSize.jpg
screenshot_1780884739.jpeg	2026_06_08_09_15_04_43.jpeg
screenshot_1780884739.jpeg	2026_06_08_09_15_04_43_smallSize.jpeg
screenshot_1780884739.jpeg	2026_06_08_09_15_04_43_mediumSize.jpeg
screenshot_1780885208.jpeg	2026_06_08_10_51_46_39.jpeg
screenshot_1780885208.jpeg	2026_06_08_10_51_46_39_smallSize.jpeg
screenshot_1780885208.jpeg	2026_06_08_10_51_46_39_mediumSize.jpeg
2aOboQbZCvKGKQyyk5pt16oVW0fGH8z7oxt6gaQq.jpg	2026_06_08_11_10_20_84.jpg
2aOboQbZCvKGKQyyk5pt16oVW0fGH8z7oxt6gaQq.jpg	2026_06_08_11_10_20_84_smallSize.jpg
2aOboQbZCvKGKQyyk5pt16oVW0fGH8z7oxt6gaQq.jpg	2026_06_08_11_10_20_84_mediumSize.jpg
4 - 2026-06-08T194920_615.jpg	2026_06_09_08_27_26_71.jpg
4 - 2026-06-08T194920_615.jpg	2026_06_09_08_27_26_71_smallSize.jpg
4 - 2026-06-08T194920_615.jpg	2026_06_09_08_27_26_71_mediumSize.jpg
65ebf4c2-17b9-48a9-9932-3a13a75de065.jpeg	2026_06_09_08_36_15_21.jpeg
65ebf4c2-17b9-48a9-9932-3a13a75de065.jpeg	2026_06_09_08_36_15_21_smallSize.jpeg
65ebf4c2-17b9-48a9-9932-3a13a75de065.jpeg	2026_06_09_08_36_15_21_mediumSize.jpeg
image_145.jpeg	2026_06_09_08_44_10_66.jpeg
image_145.jpeg	2026_06_09_08_44_10_66_smallSize.jpeg
image_145.jpeg	2026_06_09_08_44_10_66_mediumSize.jpeg
screenshot_1780969921.jpeg	2026_06_09_08_52_26_00.jpeg
screenshot_1780969921.jpeg	2026_06_09_08_52_26_00_smallSize.jpeg
screenshot_1780969921.jpeg	2026_06_09_08_52_26_00_mediumSize.jpeg
thanh-vien-ban-dieu-hanh-mo-hinh-ra-mat-nhan-nhiem-vu.jpg	2026_06_09_09_07_17_47.jpg
thanh-vien-ban-dieu-hanh-mo-hinh-ra-mat-nhan-nhiem-vu.jpg	2026_06_09_09_07_17_47_smallSize.jpg
thanh-vien-ban-dieu-hanh-mo-hinh-ra-mat-nhan-nhiem-vu.jpg	2026_06_09_09_07_17_47_mediumSize.jpg
z7904224845111_3e791d96364b2d4e14fd8a4f58b09f73.jpg	2026_06_09_10_13_46_24.jpg
z7904224845111_3e791d96364b2d4e14fd8a4f58b09f73.jpg	2026_06_09_10_13_46_24_smallSize.jpg
z7904224845111_3e791d96364b2d4e14fd8a4f58b09f73.jpg	2026_06_09_10_13_46_24_mediumSize.jpg
screenshot_1780975407.jpeg	2026_06_09_10_23_43_22.jpeg
screenshot_1780975407.jpeg	2026_06_09_10_23_43_22_smallSize.jpeg
screenshot_1780975407.jpeg	2026_06_09_10_23_43_22_mediumSize.jpeg
screenshot_1780976665.jpeg	2026_06_09_10_45_28_63.jpeg
screenshot_1780976665.jpeg	2026_06_09_10_45_28_63_smallSize.jpeg
screenshot_1780976665.jpeg	2026_06_09_10_45_28_63_mediumSize.jpeg
screenshot_1780977442.jpeg	2026_06_09_11_00_03_93.jpeg
screenshot_1780977442.jpeg	2026_06_09_11_00_03_93_smallSize.jpeg
screenshot_1780977442.jpeg	2026_06_09_11_00_03_93_mediumSize.jpeg
z7879442917947_373917b458d35a8dc08d39a3fbb551ef.jpg	2026_06_09_14_37_06_48.jpg
z7879442917947_373917b458d35a8dc08d39a3fbb551ef.jpg	2026_06_09_14_37_06_48_smallSize.jpg
z7879442917947_373917b458d35a8dc08d39a3fbb551ef.jpg	2026_06_09_14_37_06_48_mediumSize.jpg
screenshot_1780991216.jpeg	2026_06_09_14_55_34_52.jpeg
screenshot_1780991216.jpeg	2026_06_09_14_55_34_52_smallSize.jpeg
screenshot_1780991216.jpeg	2026_06_09_14_55_34_52_mediumSize.jpeg
screenshot_1780994233.jpeg	2026_06_09_15_37_26_93.jpeg
screenshot_1780994233.jpeg	2026_06_09_15_37_26_93_smallSize.jpeg
screenshot_1780994233.jpeg	2026_06_09_15_37_26_93_mediumSize.jpeg
screenshot_1780994516.jpeg	2026_06_09_15_44_51_11.jpeg
screenshot_1780994516.jpeg	2026_06_09_15_44_51_11_smallSize.jpeg
screenshot_1780994516.jpeg	2026_06_09_15_44_51_11_mediumSize.jpeg
CA-PCT.jpg	2026_06_09_16_02_40_90.jpg
CA-PCT.jpg	2026_06_09_16_02_40_90_smallSize.jpg
CA-PCT.jpg	2026_06_09_16_02_40_90_mediumSize.jpg
screenshot_1780996685.jpeg	2026_06_09_16_19_18_94.jpeg
screenshot_1780996685.jpeg	2026_06_09_16_19_18_94_smallSize.jpeg
screenshot_1780996685.jpeg	2026_06_09_16_19_18_94_mediumSize.jpeg
screenshot_1780998086.jpeg	2026_06_09_16_42_00_84.jpeg
screenshot_1780998086.jpeg	2026_06_09_16_42_00_84_smallSize.jpeg
screenshot_1780998086.jpeg	2026_06_09_16_42_00_84_mediumSize.jpeg
a5_4.jpg	2026_06_09_22_18_25_94.jpg
a5_4.jpg	2026_06_09_22_18_25_94_smallSize.jpg
a5_4.jpg	2026_06_09_22_18_25_94_mediumSize.jpg
111.jpg	2026_06_09_22_22_56_06.jpg
111.jpg	2026_06_09_22_22_56_06_smallSize.jpg
111.jpg	2026_06_09_22_22_56_06_mediumSize.jpg
z7538155300655_d04fe2390416737a315c6fe00ceffab1.jpg	2026_06_10_09_09_46_37.jpg
z7538155300655_d04fe2390416737a315c6fe00ceffab1.jpg	2026_06_10_09_09_46_37_smallSize.jpg
z7538155300655_d04fe2390416737a315c6fe00ceffab1.jpg	2026_06_10_09_09_46_37_mediumSize.jpg
photo-library-20260316093012-d31c2e27-0281-487c-adf9-22ca6eeae272-cong-an-tinh-va-chinh-quyen-ia-phuong-tang-qua-chuc-mung-gia-inh-ong-kim-khu-2.jpg	2026_06_10_09_16_57_23.jpg
photo-library-20260316093012-d31c2e27-0281-487c-adf9-22ca6eeae272-cong-an-tinh-va-chinh-quyen-ia-phuong-tang-qua-chuc-mung-gia-inh-ong-kim-khu-2.jpg	2026_06_10_09_16_57_23_smallSize.jpg
photo-library-20260316093012-d31c2e27-0281-487c-adf9-22ca6eeae272-cong-an-tinh-va-chinh-quyen-ia-phuong-tang-qua-chuc-mung-gia-inh-ong-kim-khu-2.jpg	2026_06_10_09_16_57_23_mediumSize.jpg
2.jpeg	2026_06_10_09_28_02_23.jpeg
2.jpeg	2026_06_10_09_28_02_23_smallSize.jpeg
2.jpeg	2026_06_10_09_28_02_23_mediumSize.jpeg
2222_48.jpg	2026_06_10_09_35_59_84.jpg
2222_48.jpg	2026_06_10_09_35_59_84_smallSize.jpg
2222_48.jpg	2026_06_10_09_35_59_84_mediumSize.jpg
screenshot_1781059121.jpeg	2026_06_10_09_42_33_79.jpeg
screenshot_1781059121.jpeg	2026_06_10_09_42_33_79_smallSize.jpeg
screenshot_1781059121.jpeg	2026_06_10_09_42_33_79_mediumSize.jpeg
thuong-truc-dang-uy-ubnd-xa-trao-quyet-dinh-thanh-lap-mo-hinh-va-tang-hoa-chuc-mung-ban-chi-dao-mo-hinh.jpg	2026_06_10_09_57_25_56.jpg
thuong-truc-dang-uy-ubnd-xa-trao-quyet-dinh-thanh-lap-mo-hinh-va-tang-hoa-chuc-mung-ban-chi-dao-mo-hinh.jpg	2026_06_10_09_57_25_56_smallSize.jpg
thuong-truc-dang-uy-ubnd-xa-trao-quyet-dinh-thanh-lap-mo-hinh-va-tang-hoa-chuc-mung-ban-chi-dao-mo-hinh.jpg	2026_06_10_09_57_25_56_mediumSize.jpg
screenshot_1781061004.jpeg	2026_06_10_10_10_39_31.jpeg
screenshot_1781061004.jpeg	2026_06_10_10_10_39_31_smallSize.jpeg
screenshot_1781061004.jpeg	2026_06_10_10_10_39_31_mediumSize.jpeg
123-jpg.jpg	2026_06_10_14_16_14_09.jpg
123-jpg.jpg	2026_06_10_14_16_14_09_smallSize.jpg
123-jpg.jpg	2026_06_10_14_16_14_09_mediumSize.jpg
picture3.jpeg	2026_06_10_14_27_32_63.jpeg
picture3.jpeg	2026_06_10_14_27_32_63_smallSize.jpeg
picture3.jpeg	2026_06_10_14_27_32_63_mediumSize.jpeg
1111_63.jpg	2026_06_10_14_55_44_65.jpg
1111_63.jpg	2026_06_10_14_55_44_65_smallSize.jpg
1111_63.jpg	2026_06_10_14_55_44_65_mediumSize.jpg
screenshot_1781078294.jpeg	2026_06_10_15_01_39_40.jpeg
screenshot_1781078294.jpeg	2026_06_10_15_01_39_40_smallSize.jpeg
screenshot_1781078294.jpeg	2026_06_10_15_01_39_40_mediumSize.jpeg
screenshot_1781078637.jpeg	2026_06_10_15_09_35_26.jpeg
screenshot_1781078637.jpeg	2026_06_10_15_09_35_26_smallSize.jpeg
screenshot_1781078637.jpeg	2026_06_10_15_09_35_26_mediumSize.jpeg
dong-chi-mai-le-hoai-bao-thuong-xuyen-tham-hoi-dong-vien-lang-nghe-tam-tu-nguyen-vong-va-dinh-huong-tu-tuong-cho-anh-h-2-.jpg	2026_06_10_15_16_18_46.jpg
dong-chi-mai-le-hoai-bao-thuong-xuyen-tham-hoi-dong-vien-lang-nghe-tam-tu-nguyen-vong-va-dinh-huong-tu-tuong-cho-anh-h-2-.jpg	2026_06_10_15_16_18_46_smallSize.jpg
dong-chi-mai-le-hoai-bao-thuong-xuyen-tham-hoi-dong-vien-lang-nghe-tam-tu-nguyen-vong-va-dinh-huong-tu-tuong-cho-anh-h-2-.jpg	2026_06_10_15_16_18_46_mediumSize.jpg
CD2.jpg	2026_06_10_16_18_09_71.jpg
CD2.jpg	2026_06_10_16_18_09_71_smallSize.jpg
CD2.jpg	2026_06_10_16_18_09_71_mediumSize.jpg
screenshot_1781083415.jpeg	2026_06_10_16_27_51_34.jpeg
screenshot_1781083415.jpeg	2026_06_10_16_27_51_34_smallSize.jpeg
screenshot_1781083415.jpeg	2026_06_10_16_27_51_34_mediumSize.jpeg
153198_lanh_dao_ubnd_xa_da_trao_tang_4_con_bo_giong_cho_2_cong_dan_da_chap_hanh_xong_an_phat_tu_tro_ve_dia_phuong_17105630.jpg	2026_06_10_16_32_12_16.jpg
153198_lanh_dao_ubnd_xa_da_trao_tang_4_con_bo_giong_cho_2_cong_dan_da_chap_hanh_xong_an_phat_tu_tro_ve_dia_phuong_17105630.jpg	2026_06_10_16_32_12_16_smallSize.jpg
153198_lanh_dao_ubnd_xa_da_trao_tang_4_con_bo_giong_cho_2_cong_dan_da_chap_hanh_xong_an_phat_tu_tro_ve_dia_phuong_17105630.jpg	2026_06_10_16_32_12_16_mediumSize.jpg
z7212599377016_05f05f1777969fcfd0567f663e41cbff.jpg	2026_06_10_16_39_53_24.jpg
z7212599377016_05f05f1777969fcfd0567f663e41cbff.jpg	2026_06_10_16_39_53_24_smallSize.jpg
z7212599377016_05f05f1777969fcfd0567f663e41cbff.jpg	2026_06_10_16_39_53_24_mediumSize.jpg
screenshot_1781143100.jpeg	2026_06_11_09_02_35_52_smallSize.jpeg
screenshot_1781143100.jpeg	2026_06_11_09_02_35_52_mediumSize.jpeg
screenshot_1781143100.jpeg	2026_06_11_09_03_13_66_smallSize.jpeg
screenshot_1781143100.jpeg	2026_06_11_09_03_13_66_mediumSize.jpeg
1-yyyyMMddHHmmssfff.png	2026_06_11_09_10_07_81.png
1-yyyyMMddHHmmssfff.png	2026_06_11_09_10_07_81_smallSize.png
1-yyyyMMddHHmmssfff.png	2026_06_11_09_10_07_81_mediumSize.png
z7923561605807_8d15162e80a3460b2cea9bfcfe370100.jpg	2026_06_11_10_10_13_51.jpg
z7923561605807_8d15162e80a3460b2cea9bfcfe370100.jpg	2026_06_11_10_10_13_51_smallSize.jpg
z7923561605807_8d15162e80a3460b2cea9bfcfe370100.jpg	2026_06_11_10_10_13_51_mediumSize.jpg
720282372_1412528434241503_3728776850265618360_n.jpg	2026_06_11_10_24_19_07.jpg
720282372_1412528434241503_3728776850265618360_n.jpg	2026_06_11_10_24_19_07_smallSize.jpg
720282372_1412528434241503_3728776850265618360_n.jpg	2026_06_11_10_24_19_07_mediumSize.jpg
z7921637914467_685a8bbba0377c0f3b8e0c9b6c467cfe.jpg	2026_06_11_10_31_22_33.jpg
z7921637914467_685a8bbba0377c0f3b8e0c9b6c467cfe.jpg	2026_06_11_10_31_22_33_smallSize.jpg
z7921637914467_685a8bbba0377c0f3b8e0c9b6c467cfe.jpg	2026_06_11_10_31_22_33_mediumSize.jpg
screenshot_1781162289.jpeg	2026_06_11_14_18_25_52.jpeg
screenshot_1781162289.jpeg	2026_06_11_14_18_25_52_smallSize.jpeg
screenshot_1781162289.jpeg	2026_06_11_14_18_25_52_mediumSize.jpeg
714840598_122324374376008362_1483864801527440820_n.jpg	2026_06_11_14_36_23_70.jpg
714840598_122324374376008362_1483864801527440820_n.jpg	2026_06_11_14_36_23_70_smallSize.jpg
714840598_122324374376008362_1483864801527440820_n.jpg	2026_06_11_14_36_23_70_mediumSize.jpg
screenshot_1781164058.jpeg	2026_06_11_14_50_08_75.jpeg
screenshot_1781164058.jpeg	2026_06_11_14_50_08_75_smallSize.jpeg
screenshot_1781164058.jpeg	2026_06_11_14_50_08_75_mediumSize.jpeg
2aOboQcKRhpbKXGH6HwP9BjfKwuz2odH2IKnivxY.jpg	2026_06_11_14_55_36_62.jpg
2aOboQcKRhpbKXGH6HwP9BjfKwuz2odH2IKnivxY.jpg	2026_06_11_14_55_36_62_smallSize.jpg
2aOboQcKRhpbKXGH6HwP9BjfKwuz2odH2IKnivxY.jpg	2026_06_11_14_55_36_62_mediumSize.jpg
screenshot_1781165034.jpeg	2026_06_11_15_06_41_24.jpeg
screenshot_1781165034.jpeg	2026_06_11_15_06_41_24_smallSize.jpeg
screenshot_1781165034.jpeg	2026_06_11_15_06_41_24_mediumSize.jpeg
z7160248370577_be75731ba9073ed0f63123e26a1cbaee.jpg	2026_06_11_15_44_36_82.jpg
z7160248370577_be75731ba9073ed0f63123e26a1cbaee.jpg	2026_06_11_15_44_36_82_smallSize.jpg
z7160248370577_be75731ba9073ed0f63123e26a1cbaee.jpg	2026_06_11_15_44_36_82_mediumSize.jpg
706020745_935058972902014_1446187011629139948_n.jpg	2026_06_11_15_51_04_95.jpg
706020745_935058972902014_1446187011629139948_n.jpg	2026_06_11_15_51_04_95_smallSize.jpg
706020745_935058972902014_1446187011629139948_n.jpg	2026_06_11_15_51_04_95_mediumSize.jpg
dsadsa.jpg	2026_06_11_16_00_09_42.jpg
dsadsa.jpg	2026_06_11_16_00_09_42_smallSize.jpg
dsadsa.jpg	2026_06_11_16_00_09_42_mediumSize.jpg
screenshot_1781169589.jpeg	2026_06_11_16_22_41_93.jpeg
screenshot_1781169589.jpeg	2026_06_11_16_22_41_93_smallSize.jpeg
screenshot_1781169589.jpeg	2026_06_11_16_22_41_93_mediumSize.jpeg
screenshot_1781229262.jpeg	2026_06_12_08_56_23_52.jpeg
screenshot_1781229262.jpeg	2026_06_12_08_56_23_52_smallSize.jpeg
screenshot_1781229262.jpeg	2026_06_12_08_56_23_52_mediumSize.jpeg
screenshot_1781230548.jpeg	2026_06_12_09_17_17_10.jpeg
screenshot_1781230548.jpeg	2026_06_12_09_17_17_10_smallSize.jpeg
screenshot_1781230548.jpeg	2026_06_12_09_17_17_10_mediumSize.jpeg
PGĐS_TV_Projects Mẫu 2024- tách kênh.00_02_13_18.Still016.jpg	2026_06_12_15_39_19_06.jpg
PGĐS_TV_Projects Mẫu 2024- tách kênh.00_02_13_18.Still016.jpg	2026_06_12_15_39_19_06_smallSize.jpg
PGĐS_TV_Projects Mẫu 2024- tách kênh.00_02_13_18.Still016.jpg	2026_06_12_15_39_19_06_mediumSize.jpg
screenshot_1781448170.jpeg	2026_06_14_21_44_33_16.jpeg
screenshot_1781448170.jpeg	2026_06_14_21_44_33_16_smallSize.jpeg
screenshot_1781448170.jpeg	2026_06_14_21_44_33_16_mediumSize.jpeg
124235_nguoi_chap_hanh_xong_an_phat_tu_duoc_ho_tro_vay_von_de_phat_trien_kinh_te_trong_anh_mo_hinh_kinh_te_cua_anh_n_q_v_nguoi_thu_hai_tu_phai_sang_o_	2026_06_14_21_53_05_59.jpg
124235_nguoi_chap_hanh_xong_an_phat_tu_duoc_ho_tro_vay_von_de_phat_trien_kinh_te_trong_anh_mo_hinh_kinh_te_cua_anh_n_q_v_nguoi_thu_hai_tu_phai_sang_o_	2026_06_14_21_53_05_59_smallSize.jpg
124235_nguoi_chap_hanh_xong_an_phat_tu_duoc_ho_tro_vay_von_de_phat_trien_kinh_te_trong_anh_mo_hinh_kinh_te_cua_anh_n_q_v_nguoi_thu_hai_tu_phai_sang_o_	2026_06_14_21_53_05_59_mediumSize.jpg
screenshot_1781449190.jpeg	2026_06_14_22_03_40_38.jpeg
screenshot_1781449190.jpeg	2026_06_14_22_03_40_38_smallSize.jpeg
screenshot_1781449190.jpeg	2026_06_14_22_03_40_38_mediumSize.jpeg
screenshot_1781449567.jpeg	2026_06_14_22_09_49_12.jpeg
screenshot_1781449567.jpeg	2026_06_14_22_09_49_12_smallSize.jpeg
screenshot_1781449567.jpeg	2026_06_14_22_09_49_12_mediumSize.jpeg
screenshot_1781495421.jpeg	2026_06_15_10_53_11_26.jpeg
screenshot_1781495421.jpeg	2026_06_15_10_53_11_26_smallSize.jpeg
screenshot_1781495421.jpeg	2026_06_15_10_53_11_26_mediumSize.jpeg
screenshot_1781495817.jpeg	2026_06_15_11_01_01_84.jpeg
screenshot_1781495817.jpeg	2026_06_15_11_01_01_84_smallSize.jpeg
screenshot_1781495817.jpeg	2026_06_15_11_01_01_84_mediumSize.jpeg
a5_1.jpg	2026_06_15_11_17_13_62.jpg
a5_1.jpg	2026_06_15_11_17_13_62_smallSize.jpg
a5_1.jpg	2026_06_15_11_17_13_62_mediumSize.jpg
5.jpg	2026_06_15_11_37_05_29.jpg
5.jpg	2026_06_15_11_37_05_29_smallSize.jpg
5.jpg	2026_06_15_11_37_05_29_mediumSize.jpg
screenshot_1781510581.jpeg	2026_06_15_15_24_41_99.jpeg
screenshot_1781510581.jpeg	2026_06_15_15_24_41_99_smallSize.jpeg
screenshot_1781510581.jpeg	2026_06_15_15_24_41_99_mediumSize.jpeg
624880724_122157679694932977_2689358452213506808_n.jpg	2026_06_15_15_54_00_12.jpg
624880724_122157679694932977_2689358452213506808_n.jpg	2026_06_15_15_54_00_12_smallSize.jpg
624880724_122157679694932977_2689358452213506808_n.jpg	2026_06_15_15_54_00_12_mediumSize.jpg
screenshot_1781514532.jpeg	2026_06_15_16_22_11_97.jpeg
screenshot_1781514532.jpeg	2026_06_15_16_22_11_97_smallSize.jpeg
screenshot_1781514532.jpeg	2026_06_15_16_22_11_97_mediumSize.jpeg
image-20260615141453-3.jpeg	2026_06_15_16_49_48_06.jpeg
image-20260615141453-3.jpeg	2026_06_15_16_49_48_06_smallSize.jpeg
image-20260615141453-3.jpeg	2026_06_15_16_49_48_06_mediumSize.jpeg
anh-1-3.jpg	2026_06_15_20_38_27_24.jpg
anh-1-3.jpg	2026_06_15_20_38_27_24_smallSize.jpg
anh-1-3.jpg	2026_06_15_20_38_27_24_mediumSize.jpg
z7938437919099_daba4ab8d5a34ba5f5228c3681813584.jpg	2026_06_15_20_45_25_70.jpg
z7938437919099_daba4ab8d5a34ba5f5228c3681813584.jpg	2026_06_15_20_45_25_70_smallSize.jpg
z7938437919099_daba4ab8d5a34ba5f5228c3681813584.jpg	2026_06_15_20_45_25_70_mediumSize.jpg
screenshot_1781531670.jpeg	2026_06_15_20_55_28_11.jpeg
screenshot_1781531670.jpeg	2026_06_15_20_55_28_11_smallSize.jpeg
screenshot_1781531670.jpeg	2026_06_15_20_55_28_11_mediumSize.jpeg
5.jpg	2026_06_15_21_03_48_41.jpg
5.jpg	2026_06_15_21_03_48_41_smallSize.jpg
5.jpg	2026_06_15_21_03_48_41_mediumSize.jpg
z7939803848978_0ad31a6c05fd1fd66c0bac7dedeac062.jpg	2026_06_15_23_26_39_38.jpg
z7939803848978_0ad31a6c05fd1fd66c0bac7dedeac062.jpg	2026_06_15_23_26_39_38_smallSize.jpg
z7939803848978_0ad31a6c05fd1fd66c0bac7dedeac062.jpg	2026_06_15_23_26_39_38_mediumSize.jpg
screenshot_1781580575.jpeg	2026_06_16_10_30_03_68.jpeg
screenshot_1781580575.jpeg	2026_06_16_10_30_03_68_smallSize.jpeg
screenshot_1781580575.jpeg	2026_06_16_10_30_03_68_mediumSize.jpeg
screenshot_1781581011.jpeg	2026_06_16_10_38_49_59.jpeg
screenshot_1781581011.jpeg	2026_06_16_10_38_49_59_smallSize.jpeg
screenshot_1781581011.jpeg	2026_06_16_10_38_49_59_mediumSize.jpeg
5(14).jpg	2026_06_16_16_51_32_30_smallSize.jpg
5(14).jpg	2026_06_16_16_51_32_30_mediumSize.jpg
screenshot_1781603596.jpeg	2026_06_16_17_05_58_73_smallSize.jpeg
screenshot_1781603596.jpeg	2026_06_16_17_05_58_73_mediumSize.jpeg
ninh-binh-160626.jpg	2026_06_16_17_16_21_28_smallSize.jpg
ninh-binh-160626.jpg	2026_06_16_17_16_21_28_mediumSize.jpg
screenshot_1781603818.jpeg	2026_06_16_17_17_00_50.jpeg
screenshot_1781603818.jpeg	2026_06_16_17_17_00_50_smallSize.jpeg
screenshot_1781603818.jpeg	2026_06_16_17_17_00_50_mediumSize.jpeg
screenshot_1781605382.jpeg	2026_06_16_17_23_42_18.jpeg
screenshot_1781605382.jpeg	2026_06_16_17_23_42_18_smallSize.jpeg
screenshot_1781605382.jpeg	2026_06_16_17_23_42_18_mediumSize.jpeg
screenshot_1781605753.jpeg	2026_06_16_17_31_06_60.jpeg
screenshot_1781605753.jpeg	2026_06_16_17_31_06_60_smallSize.jpeg
screenshot_1781605753.jpeg	2026_06_16_17_31_06_60_mediumSize.jpeg
1-2.jpg	2026_06_16_17_38_55_00.jpg
1-2.jpg	2026_06_16_17_38_55_00_smallSize.jpg
1-2.jpg	2026_06_16_17_38_55_00_mediumSize.jpg
image-20260404150527-2.jpeg	2026_06_16_17_49_45_28.jpeg
image-20260404150527-2.jpeg	2026_06_16_17_49_45_28_smallSize.jpeg
image-20260404150527-2.jpeg	2026_06_16_17_49_45_28_mediumSize.jpeg
Di ve huong binh minh.00_00_20_23.Still008.jpg	2026_06_16_18_40_38_08.jpg
Di ve huong binh minh.00_00_20_23.Still008.jpg	2026_06_16_18_40_38_08_smallSize.jpg
Di ve huong binh minh.00_00_20_23.Still008.jpg	2026_06_16_18_40_38_08_mediumSize.jpg
2f526e14-e56d-4178-add1-6e36a12ed0f1.jpeg	2026_06_16_22_19_02_00.jpeg
2f526e14-e56d-4178-add1-6e36a12ed0f1.jpeg	2026_06_16_22_19_02_00_smallSize.jpeg
2f526e14-e56d-4178-add1-6e36a12ed0f1.jpeg	2026_06_16_22_19_02_00_mediumSize.jpeg
screenshot_1781663059.jpeg	2026_06_17_09_29_52_36.jpeg
screenshot_1781663059.jpeg	2026_06_17_09_29_52_36_smallSize.jpeg
screenshot_1781663059.jpeg	2026_06_17_09_29_52_36_mediumSize.jpeg
screenshot_1781663773.jpeg	2026_06_17_09_46_24_81.jpeg
screenshot_1781663773.jpeg	2026_06_17_09_46_24_81_smallSize.jpeg
screenshot_1781663773.jpeg	2026_06_17_09_46_24_81_mediumSize.jpeg
screenshot_1781665033.jpeg	2026_06_17_10_00_42_85.jpeg
screenshot_1781665033.jpeg	2026_06_17_10_00_42_85_smallSize.jpeg
screenshot_1781665033.jpeg	2026_06_17_10_00_42_85_mediumSize.jpeg
screenshot_1781666777.jpeg	2026_06_17_10_27_08_29.jpeg
screenshot_1781666777.jpeg	2026_06_17_10_27_08_29_smallSize.jpeg
screenshot_1781666777.jpeg	2026_06_17_10_27_08_29_mediumSize.jpeg
screenshot_1781667404.jpeg	2026_06_17_10_36_59_17.jpeg
screenshot_1781667404.jpeg	2026_06_17_10_36_59_17_smallSize.jpeg
screenshot_1781667404.jpeg	2026_06_17_10_36_59_17_mediumSize.jpeg
z7945381629132_65d1446a1d246aa35c55ab6ddd49f28a.jpg	2026_06_17_11_12_34_85.jpg
z7945381629132_65d1446a1d246aa35c55ab6ddd49f28a.jpg	2026_06_17_11_12_34_85_smallSize.jpg
z7945381629132_65d1446a1d246aa35c55ab6ddd49f28a.jpg	2026_06_17_11_12_34_85_mediumSize.jpg
z7945475762052_c36e70a078683993e2ddd3b6286d1977.jpg	2026_06_17_17_31_22_01.jpg
z7945475762052_c36e70a078683993e2ddd3b6286d1977.jpg	2026_06_17_17_31_22_01_smallSize.jpg
z7945475762052_c36e70a078683993e2ddd3b6286d1977.jpg	2026_06_17_17_31_22_01_mediumSize.jpg
z7948898218955_32977c7a17fe786e9e8f1dcc881b018b.jpg	2026_06_18_17_52_39_15.jpg
z7948898218955_32977c7a17fe786e9e8f1dcc881b018b.jpg	2026_06_18_17_52_39_15_smallSize.jpg
z7948898218955_32977c7a17fe786e9e8f1dcc881b018b.jpg	2026_06_18_17_52_39_15_mediumSize.jpg
z7948899316039_ce2a0014bd28da2ec5aef08992956623.jpg	2026_06_18_18_00_23_60.jpg
z7948899316039_ce2a0014bd28da2ec5aef08992956623.jpg	2026_06_18_18_00_23_60_smallSize.jpg
z7948899316039_ce2a0014bd28da2ec5aef08992956623.jpg	2026_06_18_18_00_23_60_mediumSize.jpg
z7948900175667_5ac325b90bdbaf2d98ce8d63a82447d4.jpg	2026_06_18_18_06_32_66.jpg
z7948900175667_5ac325b90bdbaf2d98ce8d63a82447d4.jpg	2026_06_18_18_06_32_66_smallSize.jpg
z7948900175667_5ac325b90bdbaf2d98ce8d63a82447d4.jpg	2026_06_18_18_06_32_66_mediumSize.jpg
727408126_2783969955305420_7340438173779177246_n.jpg	2026_06_21_10_21_49_96_smallSize.jpg
727408126_2783969955305420_7340438173779177246_n.jpg	2026_06_21_10_21_49_96_mediumSize.jpg
727408126_2783969955305420_7340438173779177246_n.jpg	2026_06_21_10_30_23_82_smallSize.jpg
727408126_2783969955305420_7340438173779177246_n.jpg	2026_06_21_10_30_23_82_mediumSize.jpg
screenshot_1782099239.png	2026_06_22_10_37_20_19_smallSize.png
screenshot_1782099239.png	2026_06_22_10_37_20_19_mediumSize.png
screenshot_1782112667.jpeg	2026_06_22_14_20_29_53.jpeg
screenshot_1782112667.jpeg	2026_06_22_14_20_29_53_smallSize.jpeg
screenshot_1782112667.jpeg	2026_06_22_14_20_29_53_mediumSize.jpeg
tc2__600x402.jpg	2026_06_22_14_25_25_93.jpg
tc2__600x402.jpg	2026_06_22_14_25_25_93_smallSize.jpg
tc2__600x402.jpg	2026_06_22_14_25_25_93_mediumSize.jpg
screenshot_1782113458.jpeg	2026_06_22_14_42_59_17.jpeg
screenshot_1782113458.jpeg	2026_06_22_14_42_59_17_smallSize.jpeg
screenshot_1782113458.jpeg	2026_06_22_14_42_59_17_mediumSize.jpeg
z7964779079806_51fc886e847a489ad673022417f0475e.jpg	2026_06_23_04_15_50_04.jpg
z7964779079806_51fc886e847a489ad673022417f0475e.jpg	2026_06_23_04_15_50_04_smallSize.jpg
z7964779079806_51fc886e847a489ad673022417f0475e.jpg	2026_06_23_04_15_50_04_mediumSize.jpg
screenshot_1782178350.jpeg	2026_06_23_08_36_50_12.jpeg
screenshot_1782178350.jpeg	2026_06_23_08_36_50_12_smallSize.jpeg
screenshot_1782178350.jpeg	2026_06_23_08_36_50_12_mediumSize.jpeg
z7649230979148_9dd2f8f27f6a88f12693871366c25542.jpg	2026_06_23_08_57_52_95.jpg
z7649230979148_9dd2f8f27f6a88f12693871366c25542.jpg	2026_06_23_08_57_52_95_smallSize.jpg
z7649230979148_9dd2f8f27f6a88f12693871366c25542.jpg	2026_06_23_08_57_52_95_mediumSize.jpg
image-20260526092241-2.jpeg	2026_06_23_09_53_17_44.jpeg
image-20260526092241-2.jpeg	2026_06_23_09_53_17_44_smallSize.jpeg
image-20260526092241-2.jpeg	2026_06_23_09_53_17_44_mediumSize.jpeg
NH2PHC_1.jpg	2026_06_23_09_59_52_34.jpg
NH2PHC_1.jpg	2026_06_23_09_59_52_34_smallSize.jpg
NH2PHC_1.jpg	2026_06_23_09_59_52_34_mediumSize.jpg
1WUpukaWn3pbs24gebkwJuL0DscRrcnp7Yd6VH4iBD0UcMovBk1qBv5hggSMYdWyvlp.jpg	2026_06_23_10_11_37_71.jpg
1WUpukaWn3pbs24gebkwJuL0DscRrcnp7Yd6VH4iBD0UcMovBk1qBv5hggSMYdWyvlp.jpg	2026_06_23_10_11_37_71_smallSize.jpg
1WUpukaWn3pbs24gebkwJuL0DscRrcnp7Yd6VH4iBD0UcMovBk1qBv5hggSMYdWyvlp.jpg	2026_06_23_10_11_37_71_mediumSize.jpg
38.jpg	2026_06_23_14_05_24_92.jpg
38.jpg	2026_06_23_14_05_24_92_smallSize.jpg
38.jpg	2026_06_23_14_05_24_92_mediumSize.jpg
IMG_7882.jpg	2026_06_23_15_36_25_60.jpg
IMG_7882.jpg	2026_06_23_15_36_25_60_smallSize.jpg
IMG_7882.jpg	2026_06_23_15_36_25_60_mediumSize.jpg
15d8c1445c96ddc88487.jpg	2026_06_23_15_46_12_45.jpg
15d8c1445c96ddc88487.jpg	2026_06_23_15_46_12_45_smallSize.jpg
15d8c1445c96ddc88487.jpg	2026_06_23_15_46_12_45_mediumSize.jpg
2aOboQZZAGSlhxYrYjwCsTviMYe7jgJ9P052sz7A.jpg	2026_06_23_15_51_54_86.jpg
2aOboQZZAGSlhxYrYjwCsTviMYe7jgJ9P052sz7A.jpg	2026_06_23_15_51_54_86_smallSize.jpg
2aOboQZZAGSlhxYrYjwCsTviMYe7jgJ9P052sz7A.jpg	2026_06_23_15_51_54_86_mediumSize.jpg
20260623155931311.jpg	2026_06_23_17_18_35_87.jpg
20260623155931311.jpg	2026_06_23_17_18_35_87_smallSize.jpg
20260623155931311.jpg	2026_06_23_17_18_35_87_mediumSize.jpg
screenshot_1782211595.jpeg	2026_06_23_17_47_57_53.jpeg
screenshot_1782211595.jpeg	2026_06_23_17_47_57_53_smallSize.jpeg
screenshot_1782211595.jpeg	2026_06_23_17_47_57_53_mediumSize.jpeg
z7940958798209_1c9941647140a5311c0fbce33df2bf2b.jpg	2026_06_23_17_57_32_62.jpg
z7940958798209_1c9941647140a5311c0fbce33df2bf2b.jpg	2026_06_23_17_57_32_62_smallSize.jpg
z7940958798209_1c9941647140a5311c0fbce33df2bf2b.jpg	2026_06_23_17_57_32_62_mediumSize.jpg
screenshot_1782213204.jpeg	2026_06_23_18_16_03_47.jpeg
screenshot_1782213204.jpeg	2026_06_23_18_16_03_47_smallSize.jpeg
screenshot_1782213204.jpeg	2026_06_23_18_16_03_47_mediumSize.jpeg
2520924_cong_an_phuong_quang_yen_trao_doi_voi_doanh_nghiep_tiep_nhan_lao_dong_tung_co_qua_khu_lam_loi_de_nam_tinh_hinh_01440321.jpg	2026_06_24_10_28_16_83.jpg
2520924_cong_an_phuong_quang_yen_trao_doi_voi_doanh_nghiep_tiep_nhan_lao_dong_tung_co_qua_khu_lam_loi_de_nam_tinh_hinh_01440321.jpg	2026_06_24_10_28_16_83_smallSize.jpg
2520924_cong_an_phuong_quang_yen_trao_doi_voi_doanh_nghiep_tiep_nhan_lao_dong_tung_co_qua_khu_lam_loi_de_nam_tinh_hinh_01440321.jpg	2026_06_24_10_28_16_83_mediumSize.jpg
1 - 2026-06-24T135140_643.jpg	2026_06_24_15_33_58_94_smallSize.jpg
1 - 2026-06-24T135140_643.jpg	2026_06_24_15_33_58_94_mediumSize.jpg
z7724660112014_a47b9c77ce1b3faca3b7677e41d5de1a.jpg	2026_06_24_15_43_29_41.jpg
z7724660112014_a47b9c77ce1b3faca3b7677e41d5de1a.jpg	2026_06_24_15_43_29_41_smallSize.jpg
z7724660112014_a47b9c77ce1b3faca3b7677e41d5de1a.jpg	2026_06_24_15_43_29_41_mediumSize.jpg
screenshot_1782291293.jpeg	2026_06_24_15_55_12_83.jpeg
screenshot_1782291293.jpeg	2026_06_24_15_55_12_83_smallSize.jpeg
screenshot_1782291293.jpeg	2026_06_24_15_55_12_83_mediumSize.jpeg
screenshot_1782291894.jpeg	2026_06_24_16_05_11_65.jpeg
screenshot_1782291894.jpeg	2026_06_24_16_05_11_65_smallSize.jpeg
screenshot_1782291894.jpeg	2026_06_24_16_05_11_65_mediumSize.jpeg
1360110822709274207.jpg	2026_06_24_16_12_43_37.jpg
1360110822709274207.jpg	2026_06_24_16_12_43_37_smallSize.jpg
1360110822709274207.jpg	2026_06_24_16_12_43_37_mediumSize.jpg
z7967955467364_f8e664bfd7178258d94527cabe6d00cd.jpg	2026_06_24_16_20_02_09.jpg
z7967955467364_f8e664bfd7178258d94527cabe6d00cd.jpg	2026_06_24_16_20_02_09_smallSize.jpg
z7967955467364_f8e664bfd7178258d94527cabe6d00cd.jpg	2026_06_24_16_20_02_09_mediumSize.jpg
61.jpg	2026_06_25_09_05_16_78.jpg
61.jpg	2026_06_25_09_05_16_78_smallSize.jpg
61.jpg	2026_06_25_09_05_16_78_mediumSize.jpg
z7988487146326_50e9a53d97e39df58c4e91da9c352566.jpg	2026_06_30_10_52_11_06.jpg
z7988487146326_50e9a53d97e39df58c4e91da9c352566.jpg	2026_06_30_10_52_11_06_smallSize.jpg
z7988487146326_50e9a53d97e39df58c4e91da9c352566.jpg	2026_06_30_10_52_11_06_mediumSize.jpg
z7987543633345_563c11c8c3b5f877899cb831bb7fcc9e.jpg	2026_06_30_11_04_55_35.jpg
z7987543633345_563c11c8c3b5f877899cb831bb7fcc9e.jpg	2026_06_30_11_04_55_35_smallSize.jpg
z7987543633345_563c11c8c3b5f877899cb831bb7fcc9e.jpg	2026_06_30_11_04_55_35_mediumSize.jpg
z7982456690050_c554f68eab53704ce9c9792cb32f48a4.jpg	2026_06_30_11_16_41_15.jpg
z7982456690050_c554f68eab53704ce9c9792cb32f48a4.jpg	2026_06_30_11_16_41_15_smallSize.jpg
z7982456690050_c554f68eab53704ce9c9792cb32f48a4.jpg	2026_06_30_11_16_41_15_mediumSize.jpg
1 - 2026-06-24T135140_643.jpg	2026_06_30_11_20_41_08.jpg
1 - 2026-06-24T135140_643.jpg	2026_06_30_11_20_41_08_smallSize.jpg
1 - 2026-06-24T135140_643.jpg	2026_06_30_11_20_41_08_mediumSize.jpg
z7992408865781_668a6e960e3a566f44d847b9095295dd.jpg	2026_06_30_16_49_38_80.jpg
z7992408865781_668a6e960e3a566f44d847b9095295dd.jpg	2026_06_30_16_49_38_80_smallSize.jpg
z7992408865781_668a6e960e3a566f44d847b9095295dd.jpg	2026_06_30_16_49_38_80_mediumSize.jpg
screenshot_1782815744.jpeg	2026_06_30_17_41_11_56_smallSize.jpeg
screenshot_1782815744.jpeg	2026_06_30_17_41_11_56_mediumSize.jpeg
z7994131423122_ccabfa37422f8d1d0a1de89ef317dade.jpg	2026_07_01_08_27_09_66.jpg
z7994131423122_ccabfa37422f8d1d0a1de89ef317dade.jpg	2026_07_01_08_27_09_66_smallSize.jpg
z7994131423122_ccabfa37422f8d1d0a1de89ef317dade.jpg	2026_07_01_08_27_09_66_mediumSize.jpg
screenshot_1782870418.jpeg	2026_07_01_08_49_56_05.jpeg
screenshot_1782870418.jpeg	2026_07_01_08_49_56_05_smallSize.jpeg
screenshot_1782870418.jpeg	2026_07_01_08_49_56_05_mediumSize.jpeg
111_43.jpg	2026_07_01_15_39_23_96.jpg
111_43.jpg	2026_07_01_15_39_23_96_smallSize.jpg
111_43.jpg	2026_07_01_15_39_23_96_mediumSize.jpg
screenshot_1782895342.jpeg	2026_07_01_15_44_17_24.jpeg
screenshot_1782895342.jpeg	2026_07_01_15_44_17_24_smallSize.jpeg
screenshot_1782895342.jpeg	2026_07_01_15_44_17_24_mediumSize.jpeg
screenshot_1782895761.jpeg	2026_07_01_15_50_22_61.jpeg
screenshot_1782895761.jpeg	2026_07_01_15_50_22_61_smallSize.jpeg
screenshot_1782895761.jpeg	2026_07_01_15_50_22_61_mediumSize.jpeg
screenshot_1782896333.jpeg	2026_07_01_16_03_04_07.jpeg
screenshot_1782896333.jpeg	2026_07_01_16_03_04_07_smallSize.jpeg
screenshot_1782896333.jpeg	2026_07_01_16_03_04_07_mediumSize.jpeg
z7996201354402_618f90279dc14c00ec5394219d101c21.jpg	2026_07_01_16_14_00_98.jpg
z7996201354402_618f90279dc14c00ec5394219d101c21.jpg	2026_07_01_16_14_00_98_smallSize.jpg
z7996201354402_618f90279dc14c00ec5394219d101c21.jpg	2026_07_01_16_14_00_98_mediumSize.jpg
z7996469172717_5e8ccf4a76b9e5557e5593122571bbcf.jpg	2026_07_01_17_22_07_13.jpg
z7996469172717_5e8ccf4a76b9e5557e5593122571bbcf.jpg	2026_07_01_17_22_07_13_smallSize.jpg
z7996469172717_5e8ccf4a76b9e5557e5593122571bbcf.jpg	2026_07_01_17_22_07_13_mediumSize.jpg
screenshot_1782961223.jpeg	2026_07_02_10_01_58_80.jpeg
screenshot_1782961223.jpeg	2026_07_02_10_01_58_80_smallSize.jpeg
screenshot_1782961223.jpeg	2026_07_02_10_01_58_80_mediumSize.jpeg
screenshot_1782961561.jpeg	2026_07_02_10_07_34_42.jpeg
screenshot_1782961561.jpeg	2026_07_02_10_07_34_42_smallSize.jpeg
screenshot_1782961561.jpeg	2026_07_02_10_07_34_42_mediumSize.jpeg
12.jpg	2026_07_02_10_12_28_07.jpg
12.jpg	2026_07_02_10_12_28_07_smallSize.jpg
12.jpg	2026_07_02_10_12_28_07_mediumSize.jpg
z7994413396816_0df7128b4afaa8640a8bc4f8f3382c8f.jpg	2026_07_02_10_20_10_06.jpg
z7994413396816_0df7128b4afaa8640a8bc4f8f3382c8f.jpg	2026_07_02_10_20_10_06_smallSize.jpg
z7994413396816_0df7128b4afaa8640a8bc4f8f3382c8f.jpg	2026_07_02_10_20_10_06_mediumSize.jpg
20260630_094339_520a7ade3d.jpg	2026_07_02_10_24_47_12.jpg
20260630_094339_520a7ade3d.jpg	2026_07_02_10_24_47_12_smallSize.jpg
20260630_094339_520a7ade3d.jpg	2026_07_02_10_24_47_12_mediumSize.jpg
screenshot_1782963267.jpeg	2026_07_02_10_35_13_07.jpeg
screenshot_1782963267.jpeg	2026_07_02_10_35_13_07_smallSize.jpeg
screenshot_1782963267.jpeg	2026_07_02_10_35_13_07_mediumSize.jpeg
z7988598057176_a1ad11c671d62d0f5cb55f522dae37b0.jpg	2026_07_02_10_42_58_83.jpg
z7988598057176_a1ad11c671d62d0f5cb55f522dae37b0.jpg	2026_07_02_10_42_58_83_smallSize.jpg
z7988598057176_a1ad11c671d62d0f5cb55f522dae37b0.jpg	2026_07_02_10_42_58_83_mediumSize.jpg
1.jpg	2026_07_02_10_56_57_18.jpg
1.jpg	2026_07_02_10_56_57_18_smallSize.jpg
1.jpg	2026_07_02_10_56_57_18_mediumSize.jpg
wm_7_dsc_3430.jpg	2026_07_02_14_05_56_24.jpg
wm_7_dsc_3430.jpg	2026_07_02_14_05_56_24_smallSize.jpg
wm_7_dsc_3430.jpg	2026_07_02_14_05_56_24_mediumSize.jpg
71.jpg	2026_07_02_14_10_51_10.jpg
71.jpg	2026_07_02_14_10_51_10_smallSize.jpg
71.jpg	2026_07_02_14_10_51_10_mediumSize.jpg
screenshot_1782976376.jpeg	2026_07_02_14_17_31_92.jpeg
screenshot_1782976376.jpeg	2026_07_02_14_17_31_92_smallSize.jpeg
screenshot_1782976376.jpeg	2026_07_02_14_17_31_92_mediumSize.jpeg
screenshot_1782976955.jpeg	2026_07_02_14_24_51_31.jpeg
screenshot_1782976955.jpeg	2026_07_02_14_24_51_31_smallSize.jpeg
screenshot_1782976955.jpeg	2026_07_02_14_24_51_31_mediumSize.jpeg
z7989327723579_c0081e66d3fe467d866229d17adb832f.jpg	2026_07_02_14_30_37_22.jpg
z7989327723579_c0081e66d3fe467d866229d17adb832f.jpg	2026_07_02_14_30_37_22_smallSize.jpg
z7989327723579_c0081e66d3fe467d866229d17adb832f.jpg	2026_07_02_14_30_37_22_mediumSize.jpg
tha02.jpeg	2026_07_02_14_34_53_25.jpeg
tha02.jpeg	2026_07_02_14_34_53_25_smallSize.jpeg
tha02.jpeg	2026_07_02_14_34_53_25_mediumSize.jpeg
picture7_17.jpg	2026_07_02_14_45_16_28.jpg
picture7_17.jpg	2026_07_02_14_45_16_28_smallSize.jpg
picture7_17.jpg	2026_07_02_14_45_16_28_mediumSize.jpg
screenshot_1782978659.jpeg	2026_07_02_14_54_28_33.jpeg
screenshot_1782978659.jpeg	2026_07_02_14_54_28_33_smallSize.jpeg
screenshot_1782978659.jpeg	2026_07_02_14_54_28_33_mediumSize.jpeg
22b93114af1901eeeeb4525626c87013d842a73614.jpg	2026_07_02_14_59_00_20.jpg
22b93114af1901eeeeb4525626c87013d842a73614.jpg	2026_07_02_14_59_00_20_smallSize.jpg
22b93114af1901eeeeb4525626c87013d842a73614.jpg	2026_07_02_14_59_00_20_mediumSize.jpg
screenshot_1783054056.jpeg	2026_07_03_11_47_55_63.jpeg
screenshot_1783054056.jpeg	2026_07_03_11_47_55_63_smallSize.jpeg
screenshot_1783054056.jpeg	2026_07_03_11_47_55_63_mediumSize.jpeg
screenshot_1783329381.jpeg	2026_07_06_16_17_37_11.jpeg
screenshot_1783329381.jpeg	2026_07_06_16_17_37_11_smallSize.jpeg
screenshot_1783329381.jpeg	2026_07_06_16_17_37_11_mediumSize.jpeg
screenshot_1783331015.jpeg	2026_07_06_16_48_10_73.jpeg
screenshot_1783331015.jpeg	2026_07_06_16_48_10_73_smallSize.jpeg
screenshot_1783331015.jpeg	2026_07_06_16_48_10_73_mediumSize.jpeg
37.jpg	2026_07_06_16_54_03_24.jpg
37.jpg	2026_07_06_16_54_03_24_smallSize.jpg
37.jpg	2026_07_06_16_54_03_24_mediumSize.jpg
2aOboQhWohGDZ5tnwFwTHXazBG8fKtKbNKVQ7eQC-ab455c184d9549fa8623e43b362e56fa.jpg	2026_07_06_16_58_56_03.jpg
2aOboQhWohGDZ5tnwFwTHXazBG8fKtKbNKVQ7eQC-ab455c184d9549fa8623e43b362e56fa.jpg	2026_07_06_16_58_56_03_smallSize.jpg
2aOboQhWohGDZ5tnwFwTHXazBG8fKtKbNKVQ7eQC-ab455c184d9549fa8623e43b362e56fa.jpg	2026_07_06_16_58_56_03_mediumSize.jpg
screenshot_1783332258.jpeg	2026_07_06_17_18_36_26.jpeg
screenshot_1783332258.jpeg	2026_07_06_17_18_36_26_smallSize.jpeg
screenshot_1783332258.jpeg	2026_07_06_17_18_36_26_mediumSize.jpeg
photo-library-20250918101347-a10ce89f-a387-4657-b655-e7ddebf9548b-luc-luong-cong-an-tham-hoi-gia-inh-uoc-vay-von-theo-quyet-inh-22-1783075961230335997	2026_07_06_17_24_39_29.jpg
photo-library-20250918101347-a10ce89f-a387-4657-b655-e7ddebf9548b-luc-luong-cong-an-tham-hoi-gia-inh-uoc-vay-von-theo-quyet-inh-22-1783075961230335997	2026_07_06_17_24_39_29_smallSize.jpg
photo-library-20250918101347-a10ce89f-a387-4657-b655-e7ddebf9548b-luc-luong-cong-an-tham-hoi-gia-inh-uoc-vay-von-theo-quyet-inh-22-1783075961230335997	2026_07_06_17_24_39_29_mediumSize.jpg
kc2__600x451.jpg	2026_07_06_17_29_21_64.jpg
kc2__600x451.jpg	2026_07_06_17_29_21_64_smallSize.jpg
kc2__600x451.jpg	2026_07_06_17_29_21_64_mediumSize.jpg
screenshot_1783334320.jpeg	2026_07_06_17_39_09_40.jpeg
screenshot_1783334320.jpeg	2026_07_06_17_39_09_40_smallSize.jpeg
screenshot_1783334320.jpeg	2026_07_06_17_39_09_40_mediumSize.jpeg
733747114_1355415690023671_1442957826085079366_n.jpg	2026_07_07_09_52_38_08.jpg
733747114_1355415690023671_1442957826085079366_n.jpg	2026_07_07_09_52_38_08_smallSize.jpg
733747114_1355415690023671_1442957826085079366_n.jpg	2026_07_07_09_52_38_08_mediumSize.jpg
screenshot_1783393053.jpeg	2026_07_07_09_58_48_51.jpeg
screenshot_1783393053.jpeg	2026_07_07_09_58_48_51_smallSize.jpeg
screenshot_1783393053.jpeg	2026_07_07_09_58_48_51_mediumSize.jpeg
screenshot_1783393589.jpeg	2026_07_07_10_06_55_29.jpeg
screenshot_1783393589.jpeg	2026_07_07_10_06_55_29_smallSize.jpeg
screenshot_1783393589.jpeg	2026_07_07_10_06_55_29_mediumSize.jpeg
z7967772918015_8cea23eb75d5135a1e2bdcfd90fa8825.jpg	2026_07_07_10_14_36_79.jpg
z7967772918015_8cea23eb75d5135a1e2bdcfd90fa8825.jpg	2026_07_07_10_14_36_79_smallSize.jpg
z7967772918015_8cea23eb75d5135a1e2bdcfd90fa8825.jpg	2026_07_07_10_14_36_79_mediumSize.jpg
screenshot_1783394638.jpeg	2026_07_07_10_24_37_72.jpeg
screenshot_1783394638.jpeg	2026_07_07_10_24_37_72_smallSize.jpeg
screenshot_1783394638.jpeg	2026_07_07_10_24_37_72_mediumSize.jpeg
IMG_84157.jpg	2026_07_07_10_35_29_22.jpg
IMG_84157.jpg	2026_07_07_10_35_29_22_smallSize.jpg
IMG_84157.jpg	2026_07_07_10_35_29_22_mediumSize.jpg
screenshot_1783398506.jpeg	2026_07_07_11_29_30_90.jpeg
screenshot_1783398506.jpeg	2026_07_07_11_29_30_90_smallSize.jpeg
screenshot_1783398506.jpeg	2026_07_07_11_29_30_90_mediumSize.jpeg
screenshot_1783399001.jpeg	2026_07_07_11_37_41_37.jpeg
screenshot_1783399001.jpeg	2026_07_07_11_37_41_37_smallSize.jpeg
screenshot_1783399001.jpeg	2026_07_07_11_37_41_37_mediumSize.jpeg
screenshot_1783406638.jpeg	2026_07_07_13_44_43_19.jpeg
screenshot_1783406638.jpeg	2026_07_07_13_44_43_19_smallSize.jpeg
screenshot_1783406638.jpeg	2026_07_07_13_44_43_19_mediumSize.jpeg
screenshot_1783406992.jpeg	2026_07_07_13_50_40_10.jpeg
screenshot_1783406992.jpeg	2026_07_07_13_50_40_10_smallSize.jpeg
screenshot_1783406992.jpeg	2026_07_07_13_50_40_10_mediumSize.jpeg
screenshot_1783407747.jpeg	2026_07_07_14_02_53_87.jpeg
screenshot_1783407747.jpeg	2026_07_07_14_02_53_87_smallSize.jpeg
screenshot_1783407747.jpeg	2026_07_07_14_02_53_87_mediumSize.jpeg
screenshot_1783408443.jpeg	2026_07_07_14_14_38_23.jpeg
screenshot_1783408443.jpeg	2026_07_07_14_14_38_23_smallSize.jpeg
screenshot_1783408443.jpeg	2026_07_07_14_14_38_23_mediumSize.jpeg
screenshot_1783410106.jpeg	2026_07_07_14_48_56_38.jpeg
screenshot_1783410106.jpeg	2026_07_07_14_48_56_38_smallSize.jpeg
screenshot_1783410106.jpeg	2026_07_07_14_48_56_38_mediumSize.jpeg
cong-an-dac-khu-van-don-huong-dan-cong-dan-dac-xa-hoan-thien-ho-so-vay-von.jpg	2026_07_07_14_52_53_00.jpg
cong-an-dac-khu-van-don-huong-dan-cong-dan-dac-xa-hoan-thien-ho-so-vay-von.jpg	2026_07_07_14_52_53_00_smallSize.jpg
cong-an-dac-khu-van-don-huong-dan-cong-dan-dac-xa-hoan-thien-ho-so-vay-von.jpg	2026_07_07_14_52_53_00_mediumSize.jpg
1781581567236_6676510140116152968_6676510140116152968_55e158b097a31c92409a7ac33546ec4e.jpg	2026_07_07_15_01_19_34.jpg
1781581567236_6676510140116152968_6676510140116152968_55e158b097a31c92409a7ac33546ec4e.jpg	2026_07_07_15_01_19_34_smallSize.jpg
1781581567236_6676510140116152968_6676510140116152968_55e158b097a31c92409a7ac33546ec4e.jpg	2026_07_07_15_01_19_34_mediumSize.jpg
anh-so-01-hinh-anh-tiep-nhan-1.jpg	2026_07_07_15_09_49_52.jpg
anh-so-01-hinh-anh-tiep-nhan-1.jpg	2026_07_07_15_09_49_52_smallSize.jpg
anh-so-01-hinh-anh-tiep-nhan-1.jpg	2026_07_07_15_09_49_52_mediumSize.jpg
2aOboQXvck3iylapGmu99IgAaOhYVGYpFGPnRn2e.jpg	2026_07_07_16_33_49_69.jpg
2aOboQXvck3iylapGmu99IgAaOhYVGYpFGPnRn2e.jpg	2026_07_07_16_33_49_69_smallSize.jpg
2aOboQXvck3iylapGmu99IgAaOhYVGYpFGPnRn2e.jpg	2026_07_07_16_33_49_69_mediumSize.jpg
2aoboqgtifqrpwbx67skn8wcs2mcwylidsyq9xtm.jpg	2026_07_08_13_59_00_93.jpg
2aoboqgtifqrpwbx67skn8wcs2mcwylidsyq9xtm.jpg	2026_07_08_13_59_00_93_smallSize.jpg
2aoboqgtifqrpwbx67skn8wcs2mcwylidsyq9xtm.jpg	2026_07_08_13_59_00_93_mediumSize.jpg
ttg-so-1-chieu-phim.jpg	2026_07_08_14_03_20_71.jpg
ttg-so-1-chieu-phim.jpg	2026_07_08_14_03_20_71_smallSize.jpg
ttg-so-1-chieu-phim.jpg	2026_07_08_14_03_20_71_mediumSize.jpg
2aoboqc1lkndzjaieehgzabjfruh3j5wyqtrbcdc.jpg	2026_07_08_15_03_01_41.jpg
2aoboqc1lkndzjaieehgzabjfruh3j5wyqtrbcdc.jpg	2026_07_08_15_03_01_41_smallSize.jpg
2aoboqc1lkndzjaieehgzabjfruh3j5wyqtrbcdc.jpg	2026_07_08_15_03_01_41_mediumSize.jpg
ac8923e9441cc29c15d9cd5cb9c698aa.jpg	2026_07_08_15_14_32_05.jpg
ac8923e9441cc29c15d9cd5cb9c698aa.jpg	2026_07_08_15_14_32_05_smallSize.jpg
ac8923e9441cc29c15d9cd5cb9c698aa.jpg	2026_07_08_15_14_32_05_mediumSize.jpg
screenshot_1783499889.jpeg	2026_07_08_15_39_02_51.jpeg
screenshot_1783499889.jpeg	2026_07_08_15_39_02_51_smallSize.jpeg
screenshot_1783499889.jpeg	2026_07_08_15_39_02_51_mediumSize.jpeg
screenshot_1782097853.jpeg	2026_07_08_15_52_32_08_smallSize.jpeg
screenshot_1782097853.jpeg	2026_07_08_15_52_32_08_mediumSize.jpeg
screenshot_1782097853.jpeg	2026_07_08_16_01_29_37.jpeg
screenshot_1782097853.jpeg	2026_07_08_16_01_29_37_smallSize.jpeg
screenshot_1782097853.jpeg	2026_07_08_16_01_29_37_mediumSize.jpeg
screenshot_1783499889.jpeg	2026_07_08_16_02_40_30_smallSize.jpeg
screenshot_1783499889.jpeg	2026_07_08_16_02_40_30_mediumSize.jpeg
z7967153924353_d17b3c075192aad47ae784267ac9633a.jpg	2026_07_08_16_04_55_34.jpg
z7967153924353_d17b3c075192aad47ae784267ac9633a.jpg	2026_07_08_16_04_55_34_smallSize.jpg
z7967153924353_d17b3c075192aad47ae784267ac9633a.jpg	2026_07_08_16_04_55_34_mediumSize.jpg
z8024017563694_78af7e4cf03f96e69f73e6d68fdbb698.jpg	2026_07_09_14_42_31_50.jpg
z8024017563694_78af7e4cf03f96e69f73e6d68fdbb698.jpg	2026_07_09_14_42_31_50_smallSize.jpg
z8024017563694_78af7e4cf03f96e69f73e6d68fdbb698.jpg	2026_07_09_14_42_31_50_mediumSize.jpg
07IMG_08367.jpg	2026_07_09_15_37_54_15_smallSize.jpg
07IMG_08367.jpg	2026_07_09_15_37_54_15_mediumSize.jpg
images2099699_IMG_2481.jpg	2026_07_09_15_54_48_60_smallSize.jpg
images2099699_IMG_2481.jpg	2026_07_09_15_54_48_60_mediumSize.jpg
images2099696_IMG_2359.jpg	2026_07_09_15_55_12_68.jpg
images2099696_IMG_2359.jpg	2026_07_09_15_55_12_68_smallSize.jpg
images2099696_IMG_2359.jpg	2026_07_09_15_55_12_68_mediumSize.jpg
images2101753_1.jpg	2026_07_09_15_59_16_36.jpg
images2101753_1.jpg	2026_07_09_15_59_16_36_smallSize.jpg
images2101753_1.jpg	2026_07_09_15_59_16_36_mediumSize.jpg
images2103053_01.jpg	2026_07_09_16_03_03_47.jpg
images2103053_01.jpg	2026_07_09_16_03_03_47_smallSize.jpg
images2103053_01.jpg	2026_07_09_16_03_03_47_mediumSize.jpg
TRAN-KHOI-1.jpg	2026_07_09_16_23_31_64.jpg
TRAN-KHOI-1.jpg	2026_07_09_16_23_31_64_smallSize.jpg
TRAN-KHOI-1.jpg	2026_07_09_16_23_31_64_mediumSize.jpg
z7652112039862_244b4e47a1f4dd886a86823d158d6bc9.jpg	2026_07_10_10_41_00_98.jpg
z7652112039862_244b4e47a1f4dd886a86823d158d6bc9.jpg	2026_07_10_10_41_00_98_smallSize.jpg
z7652112039862_244b4e47a1f4dd886a86823d158d6bc9.jpg	2026_07_10_10_41_00_98_mediumSize.jpg
z7656543185269_afb254dba931dc06e798629e1a852097.jpg	2026_07_10_10_45_39_54.jpg
z7656543185269_afb254dba931dc06e798629e1a852097.jpg	2026_07_10_10_45_39_54_smallSize.jpg
z7656543185269_afb254dba931dc06e798629e1a852097.jpg	2026_07_10_10_45_39_54_mediumSize.jpg
z7702434378649_a1f3801e6399d7680cd1666b3997ae86.jpg	2026_07_10_10_52_04_29.jpg
z7702434378649_a1f3801e6399d7680cd1666b3997ae86.jpg	2026_07_10_10_52_04_29_smallSize.jpg
z7702434378649_a1f3801e6399d7680cd1666b3997ae86.jpg	2026_07_10_10_52_04_29_mediumSize.jpg
z7827775186217_5fd3bf04ff33856e29de008aa4039091.jpg	2026_07_10_11_00_35_79.jpg
z7827775186217_5fd3bf04ff33856e29de008aa4039091.jpg	2026_07_10_11_00_35_79_smallSize.jpg
z7827775186217_5fd3bf04ff33856e29de008aa4039091.jpg	2026_07_10_11_00_35_79_mediumSize.jpg
z8028415815314_fded07e2ca15b2c65034d35518adc7a4.jpg	2026_07_10_17_09_49_16.jpg
z8028415815314_fded07e2ca15b2c65034d35518adc7a4.jpg	2026_07_10_17_09_49_16_smallSize.jpg
z8028415815314_fded07e2ca15b2c65034d35518adc7a4.jpg	2026_07_10_17_09_49_16_mediumSize.jpg
743541157_1002833625793420_2347801713032941149_n.jpg	2026_07_10_20_57_41_54.jpg
743541157_1002833625793420_2347801713032941149_n.jpg	2026_07_10_20_57_41_54_smallSize.jpg
743541157_1002833625793420_2347801713032941149_n.jpg	2026_07_10_20_57_41_54_mediumSize.jpg
library-20260709144715-241dd371-129e-4d62-85f6-c01af0fbdadd-dsc-7476.jpg	2026_07_10_21_13_24_86.jpg
library-20260709144715-241dd371-129e-4d62-85f6-c01af0fbdadd-dsc-7476.jpg	2026_07_10_21_13_24_86_smallSize.jpg
library-20260709144715-241dd371-129e-4d62-85f6-c01af0fbdadd-dsc-7476.jpg	2026_07_10_21_13_24_86_mediumSize.jpg
screenshot_1783692942.jpeg	2026_07_10_21_17_52_41.jpeg
screenshot_1783692942.jpeg	2026_07_10_21_17_52_41_smallSize.jpeg
screenshot_1783692942.jpeg	2026_07_10_21_17_52_41_mediumSize.jpeg
screenshot_1783695556.jpeg	2026_07_10_21_59_33_88.jpeg
screenshot_1783695556.jpeg	2026_07_10_21_59_33_88_smallSize.jpeg
screenshot_1783695556.jpeg	2026_07_10_21_59_33_88_mediumSize.jpeg
screenshot_1783907924.jpeg	2026_07_13_09_02_39_23_smallSize.jpeg
screenshot_1783907924.jpeg	2026_07_13_09_02_39_23_mediumSize.jpeg
screenshot_1783907898.jpeg	2026_07_13_09_03_44_05.jpeg
screenshot_1783907898.jpeg	2026_07_13_09_03_44_05_smallSize.jpeg
screenshot_1783907898.jpeg	2026_07_13_09_03_44_05_mediumSize.jpeg
1783568609084_4283803272048740685_42838_c7e5.jpg	2026_07_13_09_13_38_35.jpg
1783568609084_4283803272048740685_42838_c7e5.jpg	2026_07_13_09_13_38_35_smallSize.jpg
1783568609084_4283803272048740685_42838_c7e5.jpg	2026_07_13_09_13_38_35_mediumSize.jpg
5a.jpg	2026_07_13_09_51_14_73.jpg
5a.jpg	2026_07_13_09_51_14_73_smallSize.jpg
5a.jpg	2026_07_13_09_51_14_73_mediumSize.jpg
screenshot_1783912647.jpeg	2026_07_13_10_19_34_33.jpeg
screenshot_1783912647.jpeg	2026_07_13_10_19_34_33_smallSize.jpeg
screenshot_1783912647.jpeg	2026_07_13_10_19_34_33_mediumSize.jpeg
screenshot_1783913228.jpeg	2026_07_13_10_27_35_25.jpeg
screenshot_1783913228.jpeg	2026_07_13_10_27_35_25_smallSize.jpeg
screenshot_1783913228.jpeg	2026_07_13_10_27_35_25_mediumSize.jpeg
screenshot_1783913331.jpeg	2026_07_13_10_29_20_67.jpeg
screenshot_1783913331.jpeg	2026_07_13_10_29_20_67_smallSize.jpeg
screenshot_1783913331.jpeg	2026_07_13_10_29_20_67_mediumSize.jpeg
IMG_5977.jpg	2026_07_13_16_19_54_66.jpg
IMG_5977.jpg	2026_07_13_16_19_54_66_smallSize.jpg
IMG_5977.jpg	2026_07_13_16_19_54_66_mediumSize.jpg
screenshot_1783935207.jpeg	2026_07_13_16_33_50_66.jpeg
screenshot_1783935207.jpeg	2026_07_13_16_33_50_66_smallSize.jpeg
screenshot_1783935207.jpeg	2026_07_13_16_33_50_66_mediumSize.jpeg
2aOboQYOljNSRU1J1EzVRceHzOfXgOFsHBDaSi5Q.jpg	2026_07_13_16_46_00_62.jpg
2aOboQYOljNSRU1J1EzVRceHzOfXgOFsHBDaSi5Q.jpg	2026_07_13_16_46_00_62_smallSize.jpg
2aOboQYOljNSRU1J1EzVRceHzOfXgOFsHBDaSi5Q.jpg	2026_07_13_16_46_00_62_mediumSize.jpg
screenshot_1783936242.jpeg	2026_07_13_16_51_14_64.jpeg
screenshot_1783936242.jpeg	2026_07_13_16_51_14_64_smallSize.jpeg
screenshot_1783936242.jpeg	2026_07_13_16_51_14_64_mediumSize.jpeg
screenshot_1783936949.jpeg	2026_07_13_17_02_48_98.jpeg
screenshot_1783936949.jpeg	2026_07_13_17_02_48_98_smallSize.jpeg
screenshot_1783936949.jpeg	2026_07_13_17_02_48_98_mediumSize.jpeg
z8038512448033_0e22c99c513dc2906af5a29aeed650e2.jpg	2026_07_13_18_01_40_27.jpg
z8038512448033_0e22c99c513dc2906af5a29aeed650e2.jpg	2026_07_13_18_01_40_27_smallSize.jpg
z8038512448033_0e22c99c513dc2906af5a29aeed650e2.jpg	2026_07_13_18_01_40_27_mediumSize.jpg
screenshot_1783996456.png	2026_07_14_09_34_43_65_smallSize.png
screenshot_1783996456.png	2026_07_14_09_34_43_65_mediumSize.png
screenshot_1783996655.jpeg	2026_07_14_09_43_33_52.jpeg
screenshot_1783996655.jpeg	2026_07_14_09_43_33_52_smallSize.jpeg
screenshot_1783996655.jpeg	2026_07_14_09_43_33_52_mediumSize.jpeg
screenshot_1783996994.jpeg	2026_07_14_09_44_55_56.jpeg
screenshot_1783996994.jpeg	2026_07_14_09_44_55_56_smallSize.jpeg
screenshot_1783996994.jpeg	2026_07_14_09_44_55_56_mediumSize.jpeg
screenshot_1783997270.jpeg	2026_07_14_09_49_14_95.jpeg
screenshot_1783997270.jpeg	2026_07_14_09_49_14_95_smallSize.jpeg
screenshot_1783997270.jpeg	2026_07_14_09_49_14_95_mediumSize.jpeg
screenshot_1783997960.jpeg	2026_07_14_09_59_47_27.jpeg
screenshot_1783997960.jpeg	2026_07_14_09_59_47_27_smallSize.jpeg
screenshot_1783997960.jpeg	2026_07_14_09_59_47_27_mediumSize.jpeg
screenshot_1783998851.jpeg	2026_07_14_10_15_59_37.jpeg
screenshot_1783998851.jpeg	2026_07_14_10_15_59_37_smallSize.jpeg
screenshot_1783998851.jpeg	2026_07_14_10_15_59_37_mediumSize.jpeg
screenshot_1783999409.jpeg	2026_07_14_10_25_05_55.jpeg
screenshot_1783999409.jpeg	2026_07_14_10_25_05_55_smallSize.jpeg
screenshot_1783999409.jpeg	2026_07_14_10_25_05_55_mediumSize.jpeg
screenshot_1783999718.jpeg	2026_07_14_10_30_30_84.jpeg
screenshot_1783999718.jpeg	2026_07_14_10_30_30_84_smallSize.jpeg
screenshot_1783999718.jpeg	2026_07_14_10_30_30_84_mediumSize.jpeg
screenshot_1784000061.jpeg	2026_07_14_10_36_47_33.jpeg
screenshot_1784000061.jpeg	2026_07_14_10_36_47_33_smallSize.jpeg
screenshot_1784000061.jpeg	2026_07_14_10_36_47_33_mediumSize.jpeg
screenshot_1784000349.jpeg	2026_07_14_10_39_46_91.jpeg
screenshot_1784000349.jpeg	2026_07_14_10_39_46_91_smallSize.jpeg
screenshot_1784000349.jpeg	2026_07_14_10_39_46_91_mediumSize.jpeg
screenshot_1784013451.jpeg	2026_07_14_14_21_22_18.jpeg
screenshot_1784013451.jpeg	2026_07_14_14_21_22_18_smallSize.jpeg
screenshot_1784013451.jpeg	2026_07_14_14_21_22_18_mediumSize.jpeg
screenshot_1784013770.jpeg	2026_07_14_14_24_54_67.jpeg
screenshot_1784013770.jpeg	2026_07_14_14_24_54_67_smallSize.jpeg
screenshot_1784013770.jpeg	2026_07_14_14_24_54_67_mediumSize.jpeg
screenshot_1784014241.jpeg	2026_07_14_14_33_37_54.jpeg
screenshot_1784014241.jpeg	2026_07_14_14_33_37_54_smallSize.jpeg
screenshot_1784014241.jpeg	2026_07_14_14_33_37_54_mediumSize.jpeg
screenshot_1784014639.jpeg	2026_07_14_14_40_43_11.jpeg
screenshot_1784014639.jpeg	2026_07_14_14_40_43_11_smallSize.jpeg
screenshot_1784014639.jpeg	2026_07_14_14_40_43_11_mediumSize.jpeg
screenshot_1784015215.jpeg	2026_07_14_14_47_32_57.jpeg
screenshot_1784015215.jpeg	2026_07_14_14_47_32_57_smallSize.jpeg
screenshot_1784015215.jpeg	2026_07_14_14_47_32_57_mediumSize.jpeg
screenshot_1784016244.jpeg	2026_07_14_15_05_47_32.jpeg
screenshot_1784016244.jpeg	2026_07_14_15_05_47_32_smallSize.jpeg
screenshot_1784016244.jpeg	2026_07_14_15_05_47_32_mediumSize.jpeg
screenshot_1784016895.jpeg	2026_07_14_15_15_44_84.jpeg
screenshot_1784016895.jpeg	2026_07_14_15_15_44_84_smallSize.jpeg
screenshot_1784016895.jpeg	2026_07_14_15_15_44_84_mediumSize.jpeg
screenshot_1784018398.jpeg	2026_07_14_15_42_27_53.jpeg
screenshot_1784018398.jpeg	2026_07_14_15_42_27_53_smallSize.jpeg
screenshot_1784018398.jpeg	2026_07_14_15_42_27_53_mediumSize.jpeg
screenshot_1784018889.jpeg	2026_07_14_15_49_55_68.jpeg
screenshot_1784018889.jpeg	2026_07_14_15_49_55_68_smallSize.jpeg
screenshot_1784018889.jpeg	2026_07_14_15_49_55_68_mediumSize.jpeg
screenshot_1784019174.jpeg	2026_07_14_15_53_45_14.jpeg
screenshot_1784019174.jpeg	2026_07_14_15_53_45_14_smallSize.jpeg
screenshot_1784019174.jpeg	2026_07_14_15_53_45_14_mediumSize.jpeg
screenshot_1784019418.jpeg	2026_07_14_15_57_21_67.jpeg
screenshot_1784019418.jpeg	2026_07_14_15_57_21_67_smallSize.jpeg
screenshot_1784019418.jpeg	2026_07_14_15_57_21_67_mediumSize.jpeg
screenshot_1784019505.jpeg	2026_07_14_16_00_16_70.jpeg
screenshot_1784019505.jpeg	2026_07_14_16_00_16_70_smallSize.jpeg
screenshot_1784019505.jpeg	2026_07_14_16_00_16_70_mediumSize.jpeg
screenshot_1784019854.jpeg	2026_07_14_16_04_58_26.jpeg
screenshot_1784019854.jpeg	2026_07_14_16_04_58_26_smallSize.jpeg
screenshot_1784019854.jpeg	2026_07_14_16_04_58_26_mediumSize.jpeg
screenshot_1784020470.jpeg	2026_07_14_16_16_24_10.jpeg
screenshot_1784020470.jpeg	2026_07_14_16_16_24_10_smallSize.jpeg
screenshot_1784020470.jpeg	2026_07_14_16_16_24_10_mediumSize.jpeg
screenshot_1784020733.jpeg	2026_07_14_16_20_35_98.jpeg
screenshot_1784020733.jpeg	2026_07_14_16_20_35_98_smallSize.jpeg
screenshot_1784020733.jpeg	2026_07_14_16_20_35_98_mediumSize.jpeg
screenshot_1784021386.jpeg	2026_07_14_16_30_37_17.jpeg
screenshot_1784021386.jpeg	2026_07_14_16_30_37_17_smallSize.jpeg
screenshot_1784021386.jpeg	2026_07_14_16_30_37_17_mediumSize.jpeg
screenshot_1784033176.jpeg	2026_07_14_19_46_28_86.jpeg
screenshot_1784033176.jpeg	2026_07_14_19_46_28_86_smallSize.jpeg
screenshot_1784033176.jpeg	2026_07_14_19_46_28_86_mediumSize.jpeg
screenshot_1784033772.jpeg	2026_07_14_20_02_45_98.jpeg
screenshot_1784033772.jpeg	2026_07_14_20_02_45_98_smallSize.jpeg
screenshot_1784033772.jpeg	2026_07_14_20_02_45_98_mediumSize.jpeg
377ff8e2-d9fb-4e0a-9c34-b747e46eaf1e_14_7_2026_17_16_48_628_CH.jpg	2026_07_14_20_34_48_51.jpg
377ff8e2-d9fb-4e0a-9c34-b747e46eaf1e_14_7_2026_17_16_48_628_CH.jpg	2026_07_14_20_34_48_51_smallSize.jpg
377ff8e2-d9fb-4e0a-9c34-b747e46eaf1e_14_7_2026_17_16_48_628_CH.jpg	2026_07_14_20_34_48_51_mediumSize.jpg
screenshot_1784036806.jpeg	2026_07_14_20_51_33_82.jpeg
screenshot_1784036806.jpeg	2026_07_14_20_51_33_82_smallSize.jpeg
screenshot_1784036806.jpeg	2026_07_14_20_51_33_82_mediumSize.jpeg
screenshot_1784037632.jpeg	2026_07_14_21_06_02_94.jpeg
screenshot_1784037632.jpeg	2026_07_14_21_06_02_94_smallSize.jpeg
screenshot_1784037632.jpeg	2026_07_14_21_06_02_94_mediumSize.jpeg
Dac-Xa.jpg	2026_07_15_08_11_41_51.jpg
Dac-Xa.jpg	2026_07_15_08_11_41_51_smallSize.jpg
Dac-Xa.jpg	2026_07_15_08_11_41_51_mediumSize.jpg
screenshot_1784082276.jpeg	2026_07_15_10_33_00_17.jpeg
screenshot_1784082276.jpeg	2026_07_15_10_33_00_17_smallSize.jpeg
screenshot_1784082276.jpeg	2026_07_15_10_33_00_17_mediumSize.jpeg
screenshot_1784098214.jpeg	2026_07_15_13_53_13_63.jpeg
screenshot_1784098214.jpeg	2026_07_15_13_53_13_63_smallSize.jpeg
screenshot_1784098214.jpeg	2026_07_15_13_53_13_63_mediumSize.jpeg
screenshot_1784098640.jpeg	2026_07_15_13_58_07_99.jpeg
screenshot_1784098640.jpeg	2026_07_15_13_58_07_99_smallSize.jpeg
screenshot_1784098640.jpeg	2026_07_15_13_58_07_99_mediumSize.jpeg
095711-vna_potal_tin_dung_chinh_sach_tiep_suc_hanh_trinh_hoan_luong_o_ninh_binh_stand.jpg	2026_07_15_14_06_35_46.jpg
095711-vna_potal_tin_dung_chinh_sach_tiep_suc_hanh_trinh_hoan_luong_o_ninh_binh_stand.jpg	2026_07_15_14_06_35_46_smallSize.jpg
095711-vna_potal_tin_dung_chinh_sach_tiep_suc_hanh_trinh_hoan_luong_o_ninh_binh_stand.jpg	2026_07_15_14_06_35_46_mediumSize.jpg
screenshot_1784099498.jpeg	2026_07_15_14_12_56_19.jpeg
screenshot_1784099498.jpeg	2026_07_15_14_12_56_19_smallSize.jpeg
screenshot_1784099498.jpeg	2026_07_15_14_12_56_19_mediumSize.jpeg
IMG_3978.jpg	2026_07_15_14_43_51_22.jpg
IMG_3978.jpg	2026_07_15_14_43_51_22_smallSize.jpg
IMG_3978.jpg	2026_07_15_14_43_51_22_mediumSize.jpg
screenshot_1784101873.jpeg	2026_07_15_14_52_03_65.jpeg
screenshot_1784101873.jpeg	2026_07_15_14_52_03_65_smallSize.jpeg
screenshot_1784101873.jpeg	2026_07_15_14_52_03_65_mediumSize.jpeg
z7938437919099_daba4ab8d5a34ba5f5228c3681813584.jpg	2026_07_15_15_22_08_25.jpg
z7938437919099_daba4ab8d5a34ba5f5228c3681813584.jpg	2026_07_15_15_22_08_25_smallSize.jpg
z7938437919099_daba4ab8d5a34ba5f5228c3681813584.jpg	2026_07_15_15_22_08_25_mediumSize.jpg
111_48.jpg	2026_07_15_15_27_15_63.jpg
111_48.jpg	2026_07_15_15_27_15_63_smallSize.jpg
111_48.jpg	2026_07_15_15_27_15_63_mediumSize.jpg
screenshot_1784104199.jpeg	2026_07_15_15_32_20_34.jpeg
screenshot_1784104199.jpeg	2026_07_15_15_32_20_34_smallSize.jpeg
screenshot_1784104199.jpeg	2026_07_15_15_32_20_34_mediumSize.jpeg
screenshot_1784104550.jpeg	2026_07_15_15_36_53_75.jpeg
screenshot_1784104550.jpeg	2026_07_15_15_36_53_75_smallSize.jpeg
screenshot_1784104550.jpeg	2026_07_15_15_36_53_75_mediumSize.jpeg
screenshot_1784105009.jpeg	2026_07_15_15_47_11_64.jpeg
screenshot_1784105009.jpeg	2026_07_15_15_47_11_64_smallSize.jpeg
screenshot_1784105009.jpeg	2026_07_15_15_47_11_64_mediumSize.jpeg
screenshot_1784105381.jpeg	2026_07_15_15_50_13_60.jpeg
screenshot_1784105381.jpeg	2026_07_15_15_50_13_60_smallSize.jpeg
screenshot_1784105381.jpeg	2026_07_15_15_50_13_60_mediumSize.jpeg
2_12.jpg	2026_07_15_15_58_26_52.jpg
2_12.jpg	2026_07_15_15_58_26_52_smallSize.jpg
2_12.jpg	2026_07_15_15_58_26_52_mediumSize.jpg
cats.jpg	2026_07_15_16_07_47_11.jpg
cats.jpg	2026_07_15_16_07_47_11_smallSize.jpg
cats.jpg	2026_07_15_16_07_47_11_mediumSize.jpg
6a57769559f2759131cbfe9d.jpg	2026_07_16_11_11_08_99.jpg
6a57769559f2759131cbfe9d.jpg	2026_07_16_11_11_08_99_smallSize.jpg
6a57769559f2759131cbfe9d.jpg	2026_07_16_11_11_08_99_mediumSize.jpg
photo-library-20260716100948-78456bfc-0337-4c69-ae9e-4e0cf1996c93-2aoboqk6xni7modpp57j5odyotghixk5sugtkijk.jpg	2026_07_16_11_20_20_19.jpg
photo-library-20260716100948-78456bfc-0337-4c69-ae9e-4e0cf1996c93-2aoboqk6xni7modpp57j5odyotghixk5sugtkijk.jpg	2026_07_16_11_20_20_19_smallSize.jpg
photo-library-20260716100948-78456bfc-0337-4c69-ae9e-4e0cf1996c93-2aoboqk6xni7modpp57j5odyotghixk5sugtkijk.jpg	2026_07_16_11_20_20_19_mediumSize.jpg
screenshot_1784178892.jpeg	2026_07_16_12_15_15_12.jpeg
screenshot_1784178892.jpeg	2026_07_16_12_15_15_12_smallSize.jpeg
screenshot_1784178892.jpeg	2026_07_16_12_15_15_12_mediumSize.jpeg
z8048967271040_18c0fe2fde8bd93982428e0059422adb.jpg	2026_07_16_15_28_43_23.jpg
z8048967271040_18c0fe2fde8bd93982428e0059422adb.jpg	2026_07_16_15_28_43_23_smallSize.jpg
z8048967271040_18c0fe2fde8bd93982428e0059422adb.jpg	2026_07_16_15_28_43_23_mediumSize.jpg
screenshot_1784191010.jpeg	2026_07_16_15_39_12_71.jpeg
screenshot_1784191010.jpeg	2026_07_16_15_39_12_71_smallSize.jpeg
screenshot_1784191010.jpeg	2026_07_16_15_39_12_71_mediumSize.jpeg
z8052745155544_e6c3c8832f3bc122614b95cbd8db4bc2.jpg	2026_07_17_17_12_03_08.jpg
z8052745155544_e6c3c8832f3bc122614b95cbd8db4bc2.jpg	2026_07_17_17_12_03_08_smallSize.jpg
z8052745155544_e6c3c8832f3bc122614b95cbd8db4bc2.jpg	2026_07_17_17_12_03_08_mediumSize.jpg
can-bo-cong-an-dac-khu-van-don-tuyen-truyen-huong-dan-nguoi-chap-hanh-xong-an-phat-tu-nguoi-duoc-dac-xa-tham-gia-tim-viec-lam.jpg	2026_07_17_17_40_32_70.jpg
can-bo-cong-an-dac-khu-van-don-tuyen-truyen-huong-dan-nguoi-chap-hanh-xong-an-phat-tu-nguoi-duoc-dac-xa-tham-gia-tim-viec-lam.jpg	2026_07_17_17_40_32_70_smallSize.jpg
can-bo-cong-an-dac-khu-van-don-tuyen-truyen-huong-dan-nguoi-chap-hanh-xong-an-phat-tu-nguoi-duoc-dac-xa-tham-gia-tim-viec-lam.jpg	2026_07_17_17_40_32_70_mediumSize.jpg
1781581567236_6676510140116152968_6676510140116152968_55e158b097a31c92409a7ac33546ec4e.jpg	2026_07_17_17_44_12_89.jpg
1781581567236_6676510140116152968_6676510140116152968_55e158b097a31c92409a7ac33546ec4e.jpg	2026_07_17_17_44_12_89_smallSize.jpg
1781581567236_6676510140116152968_6676510140116152968_55e158b097a31c92409a7ac33546ec4e.jpg	2026_07_17_17_44_12_89_mediumSize.jpg
z8051680420724_ba3c5217d58deea73467779c58132fa3.jpg	2026_07_17_18_01_18_07.jpg
z8051680420724_ba3c5217d58deea73467779c58132fa3.jpg	2026_07_17_18_01_18_07_smallSize.jpg
z8051680420724_ba3c5217d58deea73467779c58132fa3.jpg	2026_07_17_18_01_18_07_mediumSize.jpg
screenshot_1784520342.jpeg	2026_07_20_14_06_19_42.jpeg
screenshot_1784520342.jpeg	2026_07_20_14_06_19_42_smallSize.jpeg
screenshot_1784520342.jpeg	2026_07_20_14_06_19_42_mediumSize.jpeg
screenshot_1784531536.jpeg	2026_07_20_14_12_32_44.jpeg
screenshot_1784531536.jpeg	2026_07_20_14_12_32_44_smallSize.jpeg
screenshot_1784531536.jpeg	2026_07_20_14_12_32_44_mediumSize.jpeg
screenshot_1784532373.jpeg	2026_07_20_14_29_01_52.jpeg
screenshot_1784532373.jpeg	2026_07_20_14_29_01_52_smallSize.jpeg
screenshot_1784532373.jpeg	2026_07_20_14_29_01_52_mediumSize.jpeg
nb2__600x450.jpg	2026_07_20_14_39_33_88.jpg
nb2__600x450.jpg	2026_07_20_14_39_33_88_smallSize.jpg
nb2__600x450.jpg	2026_07_20_14_39_33_88_mediumSize.jpg
screenshot_1784534195.jpeg	2026_07_20_14_56_48_97.jpeg
screenshot_1784534195.jpeg	2026_07_20_14_56_48_97_smallSize.jpeg
screenshot_1784534195.jpeg	2026_07_20_14_56_48_97_mediumSize.jpeg
screenshot_1784534637.jpeg	2026_07_20_15_04_39_68.jpeg
screenshot_1784534637.jpeg	2026_07_20_15_04_39_68_smallSize.jpeg
screenshot_1784534637.jpeg	2026_07_20_15_04_39_68_mediumSize.jpeg
screenshot_1784535031.jpeg	2026_07_20_15_10_43_23.jpeg
screenshot_1784535031.jpeg	2026_07_20_15_10_43_23_smallSize.jpeg
screenshot_1784535031.jpeg	2026_07_20_15_10_43_23_mediumSize.jpeg
screenshot_1784541343.jpeg	2026_07_20_16_56_16_30.jpeg
screenshot_1784541343.jpeg	2026_07_20_16_56_16_30_smallSize.jpeg
screenshot_1784541343.jpeg	2026_07_20_16_56_16_30_mediumSize.jpeg
screenshot_1784542365.jpeg	2026_07_20_17_13_41_84.jpeg
screenshot_1784542365.jpeg	2026_07_20_17_13_41_84_smallSize.jpeg
screenshot_1784542365.jpeg	2026_07_20_17_13_41_84_mediumSize.jpeg
z7977501803098_95f5733aec0a8ef35a973108b0be4b44.jpg	2026_07_20_20_58_12_73.jpg
z7977501803098_95f5733aec0a8ef35a973108b0be4b44.jpg	2026_07_20_20_58_12_73_smallSize.jpg
z7977501803098_95f5733aec0a8ef35a973108b0be4b44.jpg	2026_07_20_20_58_12_73_mediumSize.jpg
screenshot_1784601039.jpeg	2026_07_21_09_31_08_11.jpeg
screenshot_1784601039.jpeg	2026_07_21_09_31_08_11_smallSize.jpeg
screenshot_1784601039.jpeg	2026_07_21_09_31_08_11_mediumSize.jpeg
screenshot_1784601946.jpeg	2026_07_21_09_53_12_71.jpeg
screenshot_1784601946.jpeg	2026_07_21_09_53_12_71_smallSize.jpeg
screenshot_1784601946.jpeg	2026_07_21_09_53_12_71_mediumSize.jpeg
z8012238026173_bd52cebd8a230cbd1caf2cdc575e11d0.jpg	2026_07_21_10_14_32_67.jpg
z8012238026173_bd52cebd8a230cbd1caf2cdc575e11d0.jpg	2026_07_21_10_14_32_67_smallSize.jpg
z8012238026173_bd52cebd8a230cbd1caf2cdc575e11d0.jpg	2026_07_21_10_14_32_67_mediumSize.jpg
1231.jpg	2026_07_21_10_30_57_11.jpg
1231.jpg	2026_07_21_10_30_57_11_smallSize.jpg
1231.jpg	2026_07_21_10_30_57_11_mediumSize.jpg
z8065941377797_9f53c55e003b0674cb505de7f8a0c015.jpg	2026_07_21_14_48_11_03.jpg
z8065941377797_9f53c55e003b0674cb505de7f8a0c015.jpg	2026_07_21_14_48_11_03_smallSize.jpg
z8065941377797_9f53c55e003b0674cb505de7f8a0c015.jpg	2026_07_21_14_48_11_03_mediumSize.jpg
2aoboqlcuksplf1xnkpaw5euqthjghlwup0mc9sa.jpg	2026_07_21_15_54_06_58.jpg
2aoboqlcuksplf1xnkpaw5euqthjghlwup0mc9sa.jpg	2026_07_21_15_54_06_58_smallSize.jpg
2aoboqlcuksplf1xnkpaw5euqthjghlwup0mc9sa.jpg	2026_07_21_15_54_06_58_mediumSize.jpg
z8072723883730_e82c207efa17c2c5d071ed9068710c8d.jpg	2026_07_23_19_53_48_19.jpg
z8072723883730_e82c207efa17c2c5d071ed9068710c8d.jpg	2026_07_23_19_53_48_19_smallSize.jpg
z8072723883730_e82c207efa17c2c5d071ed9068710c8d.jpg	2026_07_23_19_53_48_19_mediumSize.jpg
screenshot_1784865665.png	2026_07_24_11_22_33_94.png
screenshot_1784865665.png	2026_07_24_11_22_33_94_smallSize.png
screenshot_1784865665.png	2026_07_24_11_22_33_94_mediumSize.png
z8082361949736_807a7fe8ade27c6ad688a783e73a9179.jpg	2026_07_26_09_43_52_51_smallSize.jpg
z8082361949736_807a7fe8ade27c6ad688a783e73a9179.jpg	2026_07_26_09_43_52_51_mediumSize.jpg
screenshot_1785035505.jpeg	2026_07_26_10_12_22_98_smallSize.jpeg
screenshot_1785035505.jpeg	2026_07_26_10_12_22_98_mediumSize.jpeg
z8082904642770_8669562a2f32f249ba8529469f72d059.jpg	2026_07_26_20_03_11_14.jpg
z8082904642770_8669562a2f32f249ba8529469f72d059.jpg	2026_07_26_20_03_11_14_smallSize.jpg
z8082904642770_8669562a2f32f249ba8529469f72d059.jpg	2026_07_26_20_03_11_14_mediumSize.jpg
screenshot_1785119616.jpeg	2026_07_27_09_38_05_99.jpeg
screenshot_1785119616.jpeg	2026_07_27_09_38_05_99_smallSize.jpeg
screenshot_1785119616.jpeg	2026_07_27_09_38_05_99_mediumSize.jpeg
screenshot_1785120855.jpeg	2026_07_27_09_54_37_43.jpeg
screenshot_1785120855.jpeg	2026_07_27_09_54_37_43_smallSize.jpeg
screenshot_1785120855.jpeg	2026_07_27_09_54_37_43_mediumSize.jpeg
753150472_1091089439922339_1156910278544639452_n.jpg	2026_07_27_10_25_36_77.jpg
753150472_1091089439922339_1156910278544639452_n.jpg	2026_07_27_10_25_36_77_smallSize.jpg
753150472_1091089439922339_1156910278544639452_n.jpg	2026_07_27_10_25_36_77_mediumSize.jpg
1.jpg	2026_07_27_10_51_00_67.jpg
1.jpg	2026_07_27_10_51_00_67_smallSize.jpg
1.jpg	2026_07_27_10_51_00_67_mediumSize.jpg
pc10-so-ket-6-thang.jpg	2026_07_27_11_04_58_39.jpg
pc10-so-ket-6-thang.jpg	2026_07_27_11_04_58_39_smallSize.jpg
pc10-so-ket-6-thang.jpg	2026_07_27_11_04_58_39_mediumSize.jpg
753356769_122128605549233852_5229686007622692453_n.jpg	2026_07_27_12_00_36_73.jpg
753356769_122128605549233852_5229686007622692453_n.jpg	2026_07_27_12_00_36_73_smallSize.jpg
753356769_122128605549233852_5229686007622692453_n.jpg	2026_07_27_12_00_36_73_mediumSize.jpg
screenshot_1785129200.jpeg	2026_07_27_12_20_06_39.jpeg
screenshot_1785129200.jpeg	2026_07_27_12_20_06_39_smallSize.jpeg
screenshot_1785129200.jpeg	2026_07_27_12_20_06_39_mediumSize.jpeg
z8086393970647_9cbd749e40c10669418a4aac139ccb7c.jpg	2026_07_27_14_20_17_36.jpg
z8086393970647_9cbd749e40c10669418a4aac139ccb7c.jpg	2026_07_27_14_20_17_36_smallSize.jpg
z8086393970647_9cbd749e40c10669418a4aac139ccb7c.jpg	2026_07_27_14_20_17_36_mediumSize.jpg
gen-h-z8080228363709_033e378ced2ff1d627c2030c683154bb.jpg	2026_07_27_15_26_06_66.jpg
gen-h-z8080228363709_033e378ced2ff1d627c2030c683154bb.jpg	2026_07_27_15_26_06_66_smallSize.jpg
gen-h-z8080228363709_033e378ced2ff1d627c2030c683154bb.jpg	2026_07_27_15_26_06_66_mediumSize.jpg
_NH S_ 1.jpg	2026_07_27_15_36_06_44.jpg
_NH S_ 1.jpg	2026_07_27_15_36_06_44_smallSize.jpg
_NH S_ 1.jpg	2026_07_27_15_36_06_44_mediumSize.jpg
749300753_1332787579025550_8452751678252854690_n.jpg	2026_07_27_16_21_34_21.jpg
749300753_1332787579025550_8452751678252854690_n.jpg	2026_07_27_16_21_34_21_smallSize.jpg
749300753_1332787579025550_8452751678252854690_n.jpg	2026_07_27_16_21_34_21_mediumSize.jpg
752631778_1335938595377115_6577402697081871917_n.jpg	2026_07_27_16_28_09_33.jpg
752631778_1335938595377115_6577402697081871917_n.jpg	2026_07_27_16_28_09_33_smallSize.jpg
752631778_1335938595377115_6577402697081871917_n.jpg	2026_07_27_16_28_09_33_mediumSize.jpg
1.jpg	2026_07_27_16_53_08_89.jpg
1.jpg	2026_07_27_16_53_08_89_smallSize.jpg
1.jpg	2026_07_27_16_53_08_89_mediumSize.jpg
758274395_1760630284939150_3571175167761518402_n.jpg	2026_07_27_17_13_29_59.jpg
758274395_1760630284939150_3571175167761518402_n.jpg	2026_07_27_17_13_29_59_smallSize.jpg
758274395_1760630284939150_3571175167761518402_n.jpg	2026_07_27_17_13_29_59_mediumSize.jpg
z8087848988348_5904fe8f6bcfe9abc87ae5ce0eb0951a.jpg	2026_07_27_21_06_45_50.jpg
z8087848988348_5904fe8f6bcfe9abc87ae5ce0eb0951a.jpg	2026_07_27_21_06_45_50_smallSize.jpg
z8087848988348_5904fe8f6bcfe9abc87ae5ce0eb0951a.jpg	2026_07_27_21_06_45_50_mediumSize.jpg
screenshot_1785203752.jpeg	2026_07_28_09_01_03_92.jpeg
screenshot_1785203752.jpeg	2026_07_28_09_01_03_92_smallSize.jpeg
screenshot_1785203752.jpeg	2026_07_28_09_01_03_92_mediumSize.jpeg
screenshot_1785204398.jpeg	2026_07_28_09_13_02_02.jpeg
screenshot_1785204398.jpeg	2026_07_28_09_13_02_02_smallSize.jpeg
screenshot_1785204398.jpeg	2026_07_28_09_13_02_02_mediumSize.jpeg
screenshot_1785223837.jpeg	2026_07_28_14_35_26_41.jpeg
screenshot_1785223837.jpeg	2026_07_28_14_35_26_41_smallSize.jpeg
screenshot_1785223837.jpeg	2026_07_28_14_35_26_41_mediumSize.jpeg
z8090202776111_7e50f2380805bd480ce3806a72638489.jpg	2026_07_28_14_44_39_54.jpg
z8090202776111_7e50f2380805bd480ce3806a72638489.jpg	2026_07_28_14_44_39_54_smallSize.jpg
z8090202776111_7e50f2380805bd480ce3806a72638489.jpg	2026_07_28_14_44_39_54_mediumSize.jpg
anh-lam-ho-so-vay-von.jpg	2026_07_29_14_40_44_86.jpg
anh-lam-ho-so-vay-von.jpg	2026_07_29_14_40_44_86_smallSize.jpg
anh-lam-ho-so-vay-von.jpg	2026_07_29_14_40_44_86_mediumSize.jpg
screenshot_1785319886.jpeg	2026_07_29_17_17_24_42.jpeg
screenshot_1785319886.jpeg	2026_07_29_17_17_24_42_smallSize.jpeg
screenshot_1785319886.jpeg	2026_07_29_17_17_24_42_mediumSize.jpeg
screenshot_1785397241.jpeg	2026_07_30_14_49_22_33.jpeg
screenshot_1785397241.jpeg	2026_07_30_14_49_22_33_smallSize.jpeg
screenshot_1785397241.jpeg	2026_07_30_14_49_22_33_mediumSize.jpeg
1785308125715-7315296367164760584-7315296367164760584-4a0c0a018ac087f879ed50a6b01e853f20260729144645.jpg	2026_07_30_16_03_27_15.jpg
1785308125715-7315296367164760584-7315296367164760584-4a0c0a018ac087f879ed50a6b01e853f20260729144645.jpg	2026_07_30_16_03_27_15_smallSize.jpg
1785308125715-7315296367164760584-7315296367164760584-4a0c0a018ac087f879ed50a6b01e853f20260729144645.jpg	2026_07_30_16_03_27_15_mediumSize.jpg
751611383_1638194478316704_5290960409131400201_n.jpg	2026_07_30_16_16_07_39.jpg
751611383_1638194478316704_5290960409131400201_n.jpg	2026_07_30_16_16_07_39_smallSize.jpg
751611383_1638194478316704_5290960409131400201_n.jpg	2026_07_30_16_16_07_39_mediumSize.jpg
image_108.jpeg	2026_07_30_16_24_10_87.jpeg
image_108.jpeg	2026_07_30_16_24_10_87_smallSize.jpeg
image_108.jpeg	2026_07_30_16_24_10_87_mediumSize.jpeg
z8103709064601_50ca8949e44b3224cd20ac48ff5ca90c.jpg	2026_08_01_12_18_12_31.jpg
z8103709064601_50ca8949e44b3224cd20ac48ff5ca90c.jpg	2026_08_01_12_18_12_31_smallSize.jpg
z8103709064601_50ca8949e44b3224cd20ac48ff5ca90c.jpg	2026_08_01_12_18_12_31_mediumSize.jpg
3 Huong Tra .jpg	2026_08_01_12_37_38_11_smallSize.jpg
3 Huong Tra .jpg	2026_08_01_12_37_38_11_mediumSize.jpg
3 Huong Tra.jpg	2026_08_03_09_43_42_45.jpg
3 Huong Tra.jpg	2026_08_03_09_43_42_45_smallSize.jpg
3 Huong Tra.jpg	2026_08_03_09_43_42_45_mediumSize.jpg
763249158_1051242340633710_8254841190290203332_n.jpg	2026_08_03_13_59_37_24.jpg
763249158_1051242340633710_8254841190290203332_n.jpg	2026_08_03_13_59_37_24_smallSize.jpg
763249158_1051242340633710_8254841190290203332_n.jpg	2026_08_03_13_59_37_24_mediumSize.jpg
screenshot_1785747307.jpeg	2026_08_03_15_58_34_77.jpeg
screenshot_1785747307.jpeg	2026_08_03_15_58_34_77_smallSize.jpeg
screenshot_1785747307.jpeg	2026_08_03_15_58_34_77_mediumSize.jpeg
1785470415895_5405498921622448881_g3851110406380134788_c72b5ccb58aa210a910713b2d0d08908.jpg	2026_08_03_16_13_57_66.jpg
1785470415895_5405498921622448881_g3851110406380134788_c72b5ccb58aa210a910713b2d0d08908.jpg	2026_08_03_16_13_57_66_smallSize.jpg
1785470415895_5405498921622448881_g3851110406380134788_c72b5ccb58aa210a910713b2d0d08908.jpg	2026_08_03_16_13_57_66_mediumSize.jpg
1785469250025_9091089795144102367_g3851110406380134788_6751f3a6e9447d401e6cc5822e4d62bb.jpg	2026_08_03_16_26_54_44.jpg
1785469250025_9091089795144102367_g3851110406380134788_6751f3a6e9447d401e6cc5822e4d62bb.jpg	2026_08_03_16_26_54_44_smallSize.jpg
1785469250025_9091089795144102367_g3851110406380134788_6751f3a6e9447d401e6cc5822e4d62bb.jpg	2026_08_03_16_26_54_44_mediumSize.jpg
759479806_122196256952940018_2257165381060062505_n.jpg	2026_08_03_21_31_48_43.jpg
759479806_122196256952940018_2257165381060062505_n.jpg	2026_08_03_21_31_48_43_smallSize.jpg
759479806_122196256952940018_2257165381060062505_n.jpg	2026_08_03_21_31_48_43_mediumSize.jpg
759986881_122196246188940018_7844675183022330006_n.jpg	2026_08_03_21_51_18_53.jpg
759986881_122196246188940018_7844675183022330006_n.jpg	2026_08_03_21_51_18_53_smallSize.jpg
759986881_122196246188940018_7844675183022330006_n.jpg	2026_08_03_21_51_18_53_mediumSize.jpg
image-20260728134235-1.jpeg	2026_08_03_22_00_37_91.jpeg
image-20260728134235-1.jpeg	2026_08_03_22_00_37_91_smallSize.jpeg
image-20260728134235-1.jpeg	2026_08_03_22_00_37_91_mediumSize.jpeg
screenshot_1785808347.jpeg	2026_08_04_08_53_30_95.jpeg
screenshot_1785808347.jpeg	2026_08_04_08_53_30_95_smallSize.jpeg
screenshot_1785808347.jpeg	2026_08_04_08_53_30_95_mediumSize.jpeg
screenshot_1785808839.jpeg	2026_08_04_09_03_13_27.jpeg
screenshot_1785808839.jpeg	2026_08_04_09_03_13_27_smallSize.jpeg
screenshot_1785808839.jpeg	2026_08_04_09_03_13_27_mediumSize.jpeg
screenshot_1785809680.jpeg	2026_08_04_09_22_13_29.jpeg
screenshot_1785809680.jpeg	2026_08_04_09_22_13_29_smallSize.jpeg
screenshot_1785809680.jpeg	2026_08_04_09_22_13_29_mediumSize.jpeg
THA 1.jpg	2026_08_04_10_23_47_44.jpg
THA 1.jpg	2026_08_04_10_23_47_44_smallSize.jpg
THA 1.jpg	2026_08_04_10_23_47_44_mediumSize.jpg
screenshot_1785815150.jpeg	2026_08_04_10_58_12_48.jpeg
screenshot_1785815150.jpeg	2026_08_04_10_58_12_48_smallSize.jpeg
screenshot_1785815150.jpeg	2026_08_04_10_58_12_48_mediumSize.jpeg
screenshot_1785828143.jpeg	2026_08_04_14_22_41_38.jpeg
screenshot_1785828143.jpeg	2026_08_04_14_22_41_38_smallSize.jpeg
screenshot_1785828143.jpeg	2026_08_04_14_22_41_38_mediumSize.jpeg
761596618_909777232176041_6874795203793833658_n.jpg	2026_08_04_14_40_14_51.jpg
761596618_909777232176041_6874795203793833658_n.jpg	2026_08_04_14_40_14_51_smallSize.jpg
761596618_909777232176041_6874795203793833658_n.jpg	2026_08_04_14_40_14_51_mediumSize.jpg
18.jpg	2026_08_04_14_56_32_74.jpg
18.jpg	2026_08_04_14_56_32_74_smallSize.jpg
18.jpg	2026_08_04_14_56_32_74_mediumSize.jpg
1 - 2026-08-03T112055_673.jpg	2026_08_04_15_02_49_11.jpg
1 - 2026-08-03T112055_673.jpg	2026_08_04_15_02_49_11_smallSize.jpg
1 - 2026-08-03T112055_673.jpg	2026_08_04_15_02_49_11_mediumSize.jpg
z7562138084758_f8ddc9604a36428feb0d647e4776e4e3.jpg	2026_08_04_15_57_17_41.jpg
z7562138084758_f8ddc9604a36428feb0d647e4776e4e3.jpg	2026_08_04_15_57_17_41_smallSize.jpg
z7562138084758_f8ddc9604a36428feb0d647e4776e4e3.jpg	2026_08_04_15_57_17_41_mediumSize.jpg
2537118_wtm_dd80af7b8eb6034cfbac9c732038c6db.jpg	2026_08_04_16_02_50_92.jpg
2537118_wtm_dd80af7b8eb6034cfbac9c732038c6db.jpg	2026_08_04_16_02_50_92_smallSize.jpg
2537118_wtm_dd80af7b8eb6034cfbac9c732038c6db.jpg	2026_08_04_16_02_50_92_mediumSize.jpg
screenshot_1785834626.jpeg	2026_08_04_16_13_42_93.jpeg
screenshot_1785834626.jpeg	2026_08_04_16_13_42_93_smallSize.jpeg
screenshot_1785834626.jpeg	2026_08_04_16_13_42_93_mediumSize.jpeg
THN.jpg	2026_08_04_16_28_48_89.jpg
THN.jpg	2026_08_04_16_28_48_89_smallSize.jpg
THN.jpg	2026_08_04_16_28_48_89_mediumSize.jpg
screenshot_1785835908.jpeg	2026_08_04_16_34_18_87.jpeg
screenshot_1785835908.jpeg	2026_08_04_16_34_18_87_smallSize.jpeg
screenshot_1785835908.jpeg	2026_08_04_16_34_18_87_mediumSize.jpeg
image_001(8).jpeg	2026_08_04_23_29_22_43_smallSize.jpeg
image_001(8).jpeg	2026_08_04_23_29_22_43_mediumSize.jpeg
5.jpg	2026_08_05_08_23_00_64.jpg
5.jpg	2026_08_05_08_23_00_64_smallSize.jpg
5.jpg	2026_08_05_08_23_00_64_mediumSize.jpg
screenshot_1785893511.jpeg	2026_08_05_08_32_46_24.jpeg
screenshot_1785893511.jpeg	2026_08_05_08_32_46_24_smallSize.jpeg
screenshot_1785893511.jpeg	2026_08_05_08_32_46_24_mediumSize.jpeg
screenshot_1785895027.jpeg	2026_08_05_09_05_03_38.jpeg
screenshot_1785895027.jpeg	2026_08_05_09_05_03_38_smallSize.jpeg
screenshot_1785895027.jpeg	2026_08_05_09_05_03_38_mediumSize.jpeg
screenshot_1785899018.jpeg	2026_08_05_10_07_55_75.jpeg
screenshot_1785899018.jpeg	2026_08_05_10_07_55_75_smallSize.jpeg
screenshot_1785899018.jpeg	2026_08_05_10_07_55_75_mediumSize.jpeg
screenshot_1785899956.jpeg	2026_08_05_10_21_14_40.jpeg
screenshot_1785899956.jpeg	2026_08_05_10_21_14_40_smallSize.jpeg
screenshot_1785899956.jpeg	2026_08_05_10_21_14_40_mediumSize.jpeg
screenshot_1785900246.jpeg	2026_08_05_10_26_27_90.jpeg
screenshot_1785900246.jpeg	2026_08_05_10_26_27_90_smallSize.jpeg
screenshot_1785900246.jpeg	2026_08_05_10_26_27_90_mediumSize.jpeg
screenshot_1785914616.jpeg	2026_08_05_14_27_43_44.jpeg
screenshot_1785914616.jpeg	2026_08_05_14_27_43_44_smallSize.jpeg
screenshot_1785914616.jpeg	2026_08_05_14_27_43_44_mediumSize.jpeg
images2103835_gen_h_ra_mat_mo_hinh_dan_van_kheo.jpg	2026_08_05_14_54_01_90_smallSize.jpg
images2103835_gen_h_ra_mat_mo_hinh_dan_van_kheo.jpg	2026_08_05_14_54_01_90_mediumSize.jpg
1785913781404_4396014693067348468_g3851110406380134788_5274c829f754762c63de4a061fca0f2b.jpg	2026_08_05_15_10_14_21.jpg
1785913781404_4396014693067348468_g3851110406380134788_5274c829f754762c63de4a061fca0f2b.jpg	2026_08_05_15_10_14_21_smallSize.jpg
1785913781404_4396014693067348468_g3851110406380134788_5274c829f754762c63de4a061fca0f2b.jpg	2026_08_05_15_10_14_21_mediumSize.jpg
085 NQ Thái.jpg	2026_08_05_16_03_41_68_smallSize.jpg
085 NQ Thái.jpg	2026_08_05_16_03_41_68_mediumSize.jpg
img_3575.jpg	2026_08_05_18_15_32_95_smallSize.jpg
img_3575.jpg	2026_08_05_18_15_32_95_mediumSize.jpg
screenshot_1785930357.jpeg	2026_08_05_18_46_21_55.jpeg
screenshot_1785930357.jpeg	2026_08_05_18_46_21_55_smallSize.jpeg
screenshot_1785930357.jpeg	2026_08_05_18_46_21_55_mediumSize.jpeg
images2103835_gen_h_ra_mat_mo_hinh_dan_van_kheo.jpg	2026_08_05_18_53_14_50.jpg
images2103835_gen_h_ra_mat_mo_hinh_dan_van_kheo.jpg	2026_08_05_18_53_14_50_smallSize.jpg
images2103835_gen_h_ra_mat_mo_hinh_dan_van_kheo.jpg	2026_08_05_18_53_14_50_mediumSize.jpg
img_3575.jpg	2026_08_05_19_07_16_90.jpg
img_3575.jpg	2026_08_05_19_07_16_90_smallSize.jpg
img_3575.jpg	2026_08_05_19_07_16_90_mediumSize.jpg
screenshot_1785980694.jpeg	2026_08_06_08_49_59_93.jpeg
screenshot_1785980694.jpeg	2026_08_06_08_49_59_93_smallSize.jpeg
screenshot_1785980694.jpeg	2026_08_06_08_49_59_93_mediumSize.jpeg
screenshot_1785982913.jpeg	2026_08_06_09_22_54_94_smallSize.jpeg
screenshot_1785982913.jpeg	2026_08_06_09_22_54_94_mediumSize.jpeg
screenshot_1785982913.jpeg	2026_08_06_09_23_31_48.jpeg
screenshot_1785982913.jpeg	2026_08_06_09_23_31_48_smallSize.jpeg
screenshot_1785982913.jpeg	2026_08_06_09_23_31_48_mediumSize.jpeg
screenshot_1785988208.jpeg	2026_08_06_10_51_41_28.jpeg
screenshot_1785988208.jpeg	2026_08_06_10_51_41_28_smallSize.jpeg
screenshot_1785988208.jpeg	2026_08_06_10_51_41_28_mediumSize.jpeg
screenshot_1786002960.jpeg	2026_08_06_14_56_56_46.jpeg
screenshot_1786002960.jpeg	2026_08_06_14_56_56_46_smallSize.jpeg
screenshot_1786002960.jpeg	2026_08_06_14_56_56_46_mediumSize.jpeg
1785893886367_5866323498127332449_5866323498127332449_7e42e72c96e572849dda43cf37200331.jpg	2026_08_06_15_08_34_78.jpg
1785893886367_5866323498127332449_5866323498127332449_7e42e72c96e572849dda43cf37200331.jpg	2026_08_06_15_08_34_78_smallSize.jpg
1785893886367_5866323498127332449_5866323498127332449_7e42e72c96e572849dda43cf37200331.jpg	2026_08_06_15_08_34_78_mediumSize.jpg
screenshot_1786004147.jpeg	2026_08_06_15_17_24_13.jpeg
screenshot_1786004147.jpeg	2026_08_06_15_17_24_13_smallSize.jpeg
screenshot_1786004147.jpeg	2026_08_06_15_17_24_13_mediumSize.jpeg
screenshot_1786005899.jpeg	2026_08_06_15_48_08_68.jpeg
screenshot_1786005899.jpeg	2026_08_06_15_48_08_68_smallSize.jpeg
screenshot_1786005899.jpeg	2026_08_06_15_48_08_68_mediumSize.jpeg
screenshot_1786002773.png	2026_08_06_22_53_34_51.png
screenshot_1786002773.png	2026_08_06_22_53_34_51_smallSize.png
screenshot_1786002773.png	2026_08_06_22_53_34_51_mediumSize.png
screenshot29.jpeg	2026_08_09_15_16_47_47.jpeg
screenshot29.jpeg	2026_08_09_15_16_47_47_smallSize.jpeg
screenshot29.jpeg	2026_08_09_15_16_47_47_mediumSize.jpeg
765929593_122247495746275654_8563792939431200007_n.jpg	2026_08_09_15_25_48_42.jpg
765929593_122247495746275654_8563792939431200007_n.jpg	2026_08_09_15_25_48_42_smallSize.jpg
765929593_122247495746275654_8563792939431200007_n.jpg	2026_08_09_15_25_48_42_mediumSize.jpg
2.jpg	2026_08_11_16_14_17_30.jpg
2.jpg	2026_08_11_16_14_17_30_smallSize.jpg
2.jpg	2026_08_11_16_14_17_30_mediumSize.jpg
bfbbd338-9ec6-4468-9b12-a9ca18c4c5e3-2740cb94b75440e292d4beb7bafde090.jpg	2026_08_11_16_23_45_60.jpg
bfbbd338-9ec6-4468-9b12-a9ca18c4c5e3-2740cb94b75440e292d4beb7bafde090.jpg	2026_08_11_16_23_45_60_smallSize.jpg
bfbbd338-9ec6-4468-9b12-a9ca18c4c5e3-2740cb94b75440e292d4beb7bafde090.jpg	2026_08_11_16_23_45_60_mediumSize.jpg
ma-tuy1.jpg	2026_08_11_16_32_57_02.jpg
ma-tuy1.jpg	2026_08_11_16_32_57_02_smallSize.jpg
ma-tuy1.jpg	2026_08_11_16_32_57_02_mediumSize.jpg
1 - 2026-08-07T164450_752.jpg	2026_08_11_16_42_04_23.jpg
1 - 2026-08-07T164450_752.jpg	2026_08_11_16_42_04_23_smallSize.jpg
1 - 2026-08-07T164450_752.jpg	2026_08_11_16_42_04_23_mediumSize.jpg
iouy.jpg	2026_08_11_16_50_08_57.jpg
iouy.jpg	2026_08_11_16_50_08_57_smallSize.jpg
iouy.jpg	2026_08_11_16_50_08_57_mediumSize.jpg
7c57b5eb-a07b-45ae-9c2c-6fd39b5848ca.jpeg	2026_08_11_17_00_30_61.jpeg
7c57b5eb-a07b-45ae-9c2c-6fd39b5848ca.jpeg	2026_08_11_17_00_30_61_smallSize.jpeg
7c57b5eb-a07b-45ae-9c2c-6fd39b5848ca.jpeg	2026_08_11_17_00_30_61_mediumSize.jpeg
screenshot_1786458433.jpeg	2026_08_11_21_30_57_48.jpeg
screenshot_1786458433.jpeg	2026_08_11_21_30_57_48_smallSize.jpeg
screenshot_1786458433.jpeg	2026_08_11_21_30_57_48_mediumSize.jpeg
tao-sinh-ke-giup-nguoi-lam-lo-lam-lai-cuoc-doi.jpg	2026_08_11_21_45_32_56.jpg
tao-sinh-ke-giup-nguoi-lam-lo-lam-lai-cuoc-doi.jpg	2026_08_11_21_45_32_56_smallSize.jpg
tao-sinh-ke-giup-nguoi-lam-lo-lam-lai-cuoc-doi.jpg	2026_08_11_21_45_32_56_mediumSize.jpg
mo-loi-hoan-luong-cho-nguoi-lam-lo-can-bo-trai-giam-ngoc-ly.jpg	2026_08_11_21_52_56_95.jpg
mo-loi-hoan-luong-cho-nguoi-lam-lo-can-bo-trai-giam-ngoc-ly.jpg	2026_08_11_21_52_56_95_smallSize.jpg
mo-loi-hoan-luong-cho-nguoi-lam-lo-can-bo-trai-giam-ngoc-ly.jpg	2026_08_11_21_52_56_95_mediumSize.jpg
screenshot_1786498775.jpeg	2026_08_12_08_41_13_91.jpeg
screenshot_1786498775.jpeg	2026_08_12_08_41_13_91_smallSize.jpeg
screenshot_1786498775.jpeg	2026_08_12_08_41_13_91_mediumSize.jpeg
screenshot_1786499022.jpeg	2026_08_12_08_52_29_89.jpeg
screenshot_1786499022.jpeg	2026_08_12_08_52_29_89_smallSize.jpeg
screenshot_1786499022.jpeg	2026_08_12_08_52_29_89_mediumSize.jpeg
screenshot_1786500035.jpeg	2026_08_12_09_01_24_94.jpeg
screenshot_1786500035.jpeg	2026_08_12_09_01_24_94_smallSize.jpeg
screenshot_1786500035.jpeg	2026_08_12_09_01_24_94_mediumSize.jpeg
screenshot_1786505769.jpeg	2026_08_12_10_39_55_23.jpeg
screenshot_1786505769.jpeg	2026_08_12_10_39_55_23_smallSize.jpeg
screenshot_1786505769.jpeg	2026_08_12_10_39_55_23_mediumSize.jpeg
screenshot_1786506324.jpeg	2026_08_12_10_46_56_96.jpeg
screenshot_1786506324.jpeg	2026_08_12_10_46_56_96_smallSize.jpeg
screenshot_1786506324.jpeg	2026_08_12_10_46_56_96_mediumSize.jpeg
07.jpg	2026_08_12_11_29_04_76.jpg
07.jpg	2026_08_12_11_29_04_76_smallSize.jpg
07.jpg	2026_08_12_11_29_04_76_mediumSize.jpg
screenshot_1786509464.jpeg	2026_08_12_11_43_15_09.jpeg
screenshot_1786509464.jpeg	2026_08_12_11_43_15_09_smallSize.jpeg
screenshot_1786509464.jpeg	2026_08_12_11_43_15_09_mediumSize.jpeg
screenshot_1786509918.jpeg	2026_08_12_11_48_24_37.jpeg
screenshot_1786509918.jpeg	2026_08_12_11_48_24_37_smallSize.jpeg
screenshot_1786509918.jpeg	2026_08_12_11_48_24_37_mediumSize.jpeg
screenshot_1786519706.jpeg	2026_08_12_14_29_53_64.jpeg
screenshot_1786519706.jpeg	2026_08_12_14_29_53_64_smallSize.jpeg
screenshot_1786519706.jpeg	2026_08_12_14_29_53_64_mediumSize.jpeg
screenshot_1786524780.jpeg	2026_08_12_15_53_50_75.jpeg
screenshot_1786524780.jpeg	2026_08_12_15_53_50_75_smallSize.jpeg
screenshot_1786524780.jpeg	2026_08_12_15_53_50_75_mediumSize.jpeg
1786336008897_1881075207838853540_18810_27e6.jpg	2026_08_12_16_07_46_47.jpg
1786336008897_1881075207838853540_18810_27e6.jpg	2026_08_12_16_07_46_47_smallSize.jpg
1786336008897_1881075207838853540_18810_27e6.jpg	2026_08_12_16_07_46_47_mediumSize.jpg
screenshot_1786525810.jpeg	2026_08_12_16_15_03_41.jpeg
screenshot_1786525810.jpeg	2026_08_12_16_15_03_41_smallSize.jpeg
screenshot_1786525810.jpeg	2026_08_12_16_15_03_41_mediumSize.jpeg
images2108195_2aOboQqSanRGtL95BcLRo7sMfaEtEkPg21uMFf96.jpg	2026_08_13_08_53_47_93.jpg
images2108195_2aOboQqSanRGtL95BcLRo7sMfaEtEkPg21uMFf96.jpg	2026_08_13_08_53_47_93_smallSize.jpg
images2108195_2aOboQqSanRGtL95BcLRo7sMfaEtEkPg21uMFf96.jpg	2026_08_13_08_53_47_93_mediumSize.jpg
images2107733_1785898296497_6676087480512281743_6676087480512281743_b533df5286785552ce1c1f9b54f703f0.jpg	2026_08_13_08_59_03_35.jpg
images2107733_1785898296497_6676087480512281743_6676087480512281743_b533df5286785552ce1c1f9b54f703f0.jpg	2026_08_13_08_59_03_35_smallSize.jpg
images2107733_1785898296497_6676087480512281743_6676087480512281743_b533df5286785552ce1c1f9b54f703f0.jpg	2026_08_13_08_59_03_35_mediumSize.jpg
images2097691_l1.jpg	2026_08_13_09_09_34_83.jpg
images2097691_l1.jpg	2026_08_13_09_09_34_83_smallSize.jpg
images2097691_l1.jpg	2026_08_13_09_09_34_83_mediumSize.jpg
images2096582_z7752905667893_47c666140efea1b18bdb587c98879618.jpg	2026_08_13_09_19_43_43.jpg
images2096582_z7752905667893_47c666140efea1b18bdb587c98879618.jpg	2026_08_13_09_19_43_43_smallSize.jpg
images2096582_z7752905667893_47c666140efea1b18bdb587c98879618.jpg	2026_08_13_09_19_43_43_mediumSize.jpg
anh-1-9.jpg	2026_08_13_10_40_20_28.jpg
anh-1-9.jpg	2026_08_13_10_40_20_28_smallSize.jpg
anh-1-9.jpg	2026_08_13_10_40_20_28_mediumSize.jpg
img_3761.jpg	2026_08_13_10_44_50_02.jpg
img_3761.jpg	2026_08_13_10_44_50_02_smallSize.jpg
img_3761.jpg	2026_08_13_10_44_50_02_mediumSize.jpg
screenshot_1786592922.jpeg	2026_08_13_10_50_35_20.jpeg
screenshot_1786592922.jpeg	2026_08_13_10_50_35_20_smallSize.jpeg
screenshot_1786592922.jpeg	2026_08_13_10_50_35_20_mediumSize.jpeg
cong-an-phuong-binh-khe-tuyen-truyen-ho-tro-nguoi-chap-hanh-xong-an-phat-tu-tai-hoa-nhap-cong-dong.jpg	2026_08_13_10_54_56_22.jpg
cong-an-phuong-binh-khe-tuyen-truyen-ho-tro-nguoi-chap-hanh-xong-an-phat-tu-tai-hoa-nhap-cong-dong.jpg	2026_08_13_10_54_56_22_smallSize.jpg
cong-an-phuong-binh-khe-tuyen-truyen-ho-tro-nguoi-chap-hanh-xong-an-phat-tu-tai-hoa-nhap-cong-dong.jpg	2026_08_13_10_54_56_22_mediumSize.jpg
1785455540312_3892317975434241150_3892317975434241150_cf5d0953a28ce6a1b6cbfb3a79535d47.jpg	2026_08_13_10_59_43_14.jpg
1785455540312_3892317975434241150_3892317975434241150_cf5d0953a28ce6a1b6cbfb3a79535d47.jpg	2026_08_13_10_59_43_14_smallSize.jpg
1785455540312_3892317975434241150_3892317975434241150_cf5d0953a28ce6a1b6cbfb3a79535d47.jpg	2026_08_13_10_59_43_14_mediumSize.jpg
02dong-chi-thuong-ta-pham-van-bau-truong-cong-an-phuong-phat-bieu-tai-hoi-nghi.jpg	2026_08_13_14_09_29_92.jpg
02dong-chi-thuong-ta-pham-van-bau-truong-cong-an-phuong-phat-bieu-tai-hoi-nghi.jpg	2026_08_13_14_09_29_92_smallSize.jpg
02dong-chi-thuong-ta-pham-van-bau-truong-cong-an-phuong-phat-bieu-tai-hoi-nghi.jpg	2026_08_13_14_09_29_92_mediumSize.jpg
dai-dien-lanh-dao-trai-tam-giam-tiep-nhan-01-bo-may-tinh-phuc-vu-cong-tac-quan-ly-sach-tai-tu-sach-huong-thien.jpg	2026_08_13_14_27_13_78.jpg
dai-dien-lanh-dao-trai-tam-giam-tiep-nhan-01-bo-may-tinh-phuc-vu-cong-tac-quan-ly-sach-tai-tu-sach-huong-thien.jpg	2026_08_13_14_27_13_78_smallSize.jpg
dai-dien-lanh-dao-trai-tam-giam-tiep-nhan-01-bo-may-tinh-phuc-vu-cong-tac-quan-ly-sach-tai-tu-sach-huong-thien.jpg	2026_08_13_14_27_13_78_mediumSize.jpg
screenshot_1786606489.jpeg	2026_08_13_14_37_14_84.jpeg
screenshot_1786606489.jpeg	2026_08_13_14_37_14_84_smallSize.jpeg
screenshot_1786606489.jpeg	2026_08_13_14_37_14_84_mediumSize.jpeg
anh-8.jpg	2026_08_13_14_43_17_90.jpg
anh-8.jpg	2026_08_13_14_43_17_90_smallSize.jpg
anh-8.jpg	2026_08_13_14_43_17_90_mediumSize.jpg
424d6a42a2989db8b426d90180dbfd36.jpg	2026_08_13_16_10_52_41.jpg
424d6a42a2989db8b426d90180dbfd36.jpg	2026_08_13_16_10_52_41_smallSize.jpg
424d6a42a2989db8b426d90180dbfd36.jpg	2026_08_13_16_10_52_41_mediumSize.jpg
1786612073285_6443011715997783711_6443011715997783711_93b01d8d3b8af2c6c6252293b364630a.jpg	2026_08_13_16_37_34_24.jpg
1786612073285_6443011715997783711_6443011715997783711_93b01d8d3b8af2c6c6252293b364630a.jpg	2026_08_13_16_37_34_24_smallSize.jpg
1786612073285_6443011715997783711_6443011715997783711_93b01d8d3b8af2c6c6252293b364630a.jpg	2026_08_13_16_37_34_24_mediumSize.jpg
1786525368168_573470865685736736_2737571798362867496_c3242240c46e65cbca6de23fb70__ab9660362b.jpg	2026_08_14_08_39_00_05.jpg
1786525368168_573470865685736736_2737571798362867496_c3242240c46e65cbca6de23fb70__ab9660362b.jpg	2026_08_14_08_39_00_05_smallSize.jpg
1786525368168_573470865685736736_2737571798362867496_c3242240c46e65cbca6de23fb70__ab9660362b.jpg	2026_08_14_08_39_00_05_mediumSize.jpg
screenshot_1786671997.jpeg	2026_08_14_08_49_57_37.jpeg
screenshot_1786671997.jpeg	2026_08_14_08_49_57_37_smallSize.jpeg
screenshot_1786671997.jpeg	2026_08_14_08_49_57_37_mediumSize.jpeg
screenshot_1786673140.jpeg	2026_08_14_09_07_06_20.jpeg
screenshot_1786673140.jpeg	2026_08_14_09_07_06_20_smallSize.jpeg
screenshot_1786673140.jpeg	2026_08_14_09_07_06_20_mediumSize.jpeg
screenshot_1786673469.jpeg	2026_08_14_09_14_01_15.jpeg
screenshot_1786673469.jpeg	2026_08_14_09_14_01_15_smallSize.jpeg
screenshot_1786673469.jpeg	2026_08_14_09_14_01_15_mediumSize.jpeg
screenshot_1786676310.jpeg	2026_08_14_10_01_49_04_smallSize.jpeg
screenshot_1786676310.jpeg	2026_08_14_10_01_49_04_mediumSize.jpeg
screenshot_1786676678.jpeg	2026_08_14_10_04_57_34.jpeg
screenshot_1786676678.jpeg	2026_08_14_10_04_57_34_smallSize.jpeg
screenshot_1786676678.jpeg	2026_08_14_10_04_57_34_mediumSize.jpeg
screenshot_1786677038.jpeg	2026_08_14_10_11_58_63.jpeg
screenshot_1786677038.jpeg	2026_08_14_10_11_58_63_smallSize.jpeg
screenshot_1786677038.jpeg	2026_08_14_10_11_58_63_mediumSize.jpeg
1786601058971_8079041943912844267_g3851110406380134788_b2e9b1db49b70ac3563b774e9094af96.jpg	2026_08_14_10_35_13_89.jpg
1786601058971_8079041943912844267_g3851110406380134788_b2e9b1db49b70ac3563b774e9094af96.jpg	2026_08_14_10_35_13_89_smallSize.jpg
1786601058971_8079041943912844267_g3851110406380134788_b2e9b1db49b70ac3563b774e9094af96.jpg	2026_08_14_10_35_13_89_mediumSize.jpg
1786009376960_1911051323536591677_3823235511432343478_a738a6d6d14228053c59cd3f5e50154e.jpg	2026_08_14_10_46_03_39.jpg
1786009376960_1911051323536591677_3823235511432343478_a738a6d6d14228053c59cd3f5e50154e.jpg	2026_08_14_10_46_03_39_smallSize.jpg
1786009376960_1911051323536591677_3823235511432343478_a738a6d6d14228053c59cd3f5e50154e.jpg	2026_08_14_10_46_03_39_mediumSize.jpg
screenshot_1786679790.jpeg	2026_08_14_10_57_02_54.jpeg
screenshot_1786679790.jpeg	2026_08_14_10_57_02_54_smallSize.jpeg
screenshot_1786679790.jpeg	2026_08_14_10_57_02_54_mediumSize.jpeg
lh01.jpg	2026_08_14_14_17_16_04.jpg
lh01.jpg	2026_08_14_14_17_16_04_smallSize.jpg
lh01.jpg	2026_08_14_14_17_16_04_mediumSize.jpg
screenshot_1786693923.jpeg	2026_08_14_14_56_46_07.jpeg
screenshot_1786693923.jpeg	2026_08_14_14_56_46_07_smallSize.jpeg
screenshot_1786693923.jpeg	2026_08_14_14_56_46_07_mediumSize.jpeg
screenshot_1786694764.jpeg	2026_08_14_15_07_59_23.jpeg
screenshot_1786694764.jpeg	2026_08_14_15_07_59_23_smallSize.jpeg
screenshot_1786694764.jpeg	2026_08_14_15_07_59_23_mediumSize.jpeg
anh-01_1.jpg	2026_08_14_15_21_23_28.jpg
anh-01_1.jpg	2026_08_14_15_21_23_28_smallSize.jpg
anh-01_1.jpg	2026_08_14_15_21_23_28_mediumSize.jpg
dsc05728.jpg	2026_08_14_15_41_38_46.jpg
dsc05728.jpg	2026_08_14_15_41_38_46_smallSize.jpg
dsc05728.jpg	2026_08_14_15_41_38_46_mediumSize.jpg
30-07-2026-cax-tran-phu-tuyen-truyen-thi-hanh-an-tai-cong-dong-6.jpg	2026_08_14_15_44_37_67.jpg
30-07-2026-cax-tran-phu-tuyen-truyen-thi-hanh-an-tai-cong-dong-6.jpg	2026_08_14_15_44_37_67_smallSize.jpg
30-07-2026-cax-tran-phu-tuyen-truyen-thi-hanh-an-tai-cong-dong-6.jpg	2026_08_14_15_44_37_67_mediumSize.jpg
30-07-2026-cax-phu-luong-tuyen-truyen-tai-hoa-nhap-cong-dong.jpg	2026_08_14_21_13_50_20.jpg
30-07-2026-cax-phu-luong-tuyen-truyen-tai-hoa-nhap-cong-dong.jpg	2026_08_14_21_13_50_20_smallSize.jpg
30-07-2026-cax-phu-luong-tuyen-truyen-tai-hoa-nhap-cong-dong.jpg	2026_08_14_21_13_50_20_mediumSize.jpg
1785207202834_2719414390325293921_2719414390325293921_10fe736900d8882586912f64a79365cf.jpg	2026_08_14_21_17_43_36.jpg
1785207202834_2719414390325293921_2719414390325293921_10fe736900d8882586912f64a79365cf.jpg	2026_08_14_21_17_43_36_smallSize.jpg
1785207202834_2719414390325293921_2719414390325293921_10fe736900d8882586912f64a79365cf.jpg	2026_08_14_21_17_43_36_mediumSize.jpg
1785036397078_563501924946171936_7512850614777619890_25f8986437eb4623531e6cf311c02885.jpg	2026_08_14_21_22_46_24.jpg
1785036397078_563501924946171936_7512850614777619890_25f8986437eb4623531e6cf311c02885.jpg	2026_08_14_21_22_46_24_smallSize.jpg
1785036397078_563501924946171936_7512850614777619890_25f8986437eb4623531e6cf311c02885.jpg	2026_08_14_21_22_46_24_mediumSize.jpg
trai-cau-23-7-vks.jpeg	2026_08_14_21_29_52_41.jpeg
trai-cau-23-7-vks.jpeg	2026_08_14_21_29_52_41_smallSize.jpeg
trai-cau-23-7-vks.jpeg	2026_08_14_21_29_52_41_mediumSize.jpeg
2aoboqkhedunvj2ilag6op0jjquyjjofagek9dhk.jpg	2026_08_14_21_36_40_95.jpg
2aoboqkhedunvj2ilag6op0jjquyjjofagek9dhk.jpg	2026_08_14_21_36_40_95_smallSize.jpg
2aoboqkhedunvj2ilag6op0jjquyjjofagek9dhk.jpg	2026_08_14_21_36_40_95_mediumSize.jpg
1781865504249_5838264809327607821_5838264809327607821_edd524a5a947f6ac1d653c5efe9f193b.jpg	2026_08_14_21_49_44_04.jpg
1781865504249_5838264809327607821_5838264809327607821_edd524a5a947f6ac1d653c5efe9f193b.jpg	2026_08_14_21_49_44_04_smallSize.jpg
1781865504249_5838264809327607821_5838264809327607821_edd524a5a947f6ac1d653c5efe9f193b.jpg	2026_08_14_21_49_44_04_mediumSize.jpg
z7950496872111_142cb96cda80db4f5cbae041b6a492a6.jpg	2026_08_14_21_55_00_35.jpg
z7950496872111_142cb96cda80db4f5cbae041b6a492a6.jpg	2026_08_14_21_55_00_35_smallSize.jpg
z7950496872111_142cb96cda80db4f5cbae041b6a492a6.jpg	2026_08_14_21_55_00_35_mediumSize.jpg
1WUpukZ2hE7tGDIJIVfK5xfWSBhxcMyYUgoOpEcU2rm64evd5uPfzO4S3uIsbE31j06.jpg	2026_08_14_21_58_36_20.jpg
1WUpukZ2hE7tGDIJIVfK5xfWSBhxcMyYUgoOpEcU2rm64evd5uPfzO4S3uIsbE31j06.jpg	2026_08_14_21_58_36_20_smallSize.jpg
1WUpukZ2hE7tGDIJIVfK5xfWSBhxcMyYUgoOpEcU2rm64evd5uPfzO4S3uIsbE31j06.jpg	2026_08_14_21_58_36_20_mediumSize.jpg
1122-3.jpg	2026_08_14_22_03_00_28.jpg
1122-3.jpg	2026_08_14_22_03_00_28_smallSize.jpg
1122-3.jpg	2026_08_14_22_03_00_28_mediumSize.jpg
1786523899103_1574861999056612658_6336072703247948295_819442159f7095cd70399276a720891d.jpg	2026_08_14_22_11_38_44.jpg
1786523899103_1574861999056612658_6336072703247948295_819442159f7095cd70399276a720891d.jpg	2026_08_14_22_11_38_44_smallSize.jpg
1786523899103_1574861999056612658_6336072703247948295_819442159f7095cd70399276a720891d.jpg	2026_08_14_22_11_38_44_mediumSize.jpg
screenshot_1786720426.jpeg	2026_08_14_22_17_31_49.jpeg
screenshot_1786720426.jpeg	2026_08_14_22_17_31_49_smallSize.jpeg
screenshot_1786720426.jpeg	2026_08_14_22_17_31_49_mediumSize.jpeg
1786679311387_1423804465855257853_g3947787071073612534_47e60c1a723fc28a77d77127ee5df459.jpg	2026_08_15_09_40_28_83.jpg
1786679311387_1423804465855257853_g3947787071073612534_47e60c1a723fc28a77d77127ee5df459.jpg	2026_08_15_09_40_28_83_smallSize.jpg
1786679311387_1423804465855257853_g3947787071073612534_47e60c1a723fc28a77d77127ee5df459.jpg	2026_08_15_09_40_28_83_mediumSize.jpg
screenshot_1786761937.jpeg	2026_08_15_09_58_27_69.jpeg
screenshot_1786761937.jpeg	2026_08_15_09_58_27_69_smallSize.jpeg
screenshot_1786761937.jpeg	2026_08_15_09_58_27_69_mediumSize.jpeg
2aOboQqyArwgBBoLJ5zkrOZC3LRwMme7SjsT897Q.jpg	2026_08_15_10_30_55_73.jpg
2aOboQqyArwgBBoLJ5zkrOZC3LRwMme7SjsT897Q.jpg	2026_08_15_10_30_55_73_smallSize.jpg
2aOboQqyArwgBBoLJ5zkrOZC3LRwMme7SjsT897Q.jpg	2026_08_15_10_30_55_73_mediumSize.jpg
screenshot_1786783366.jpeg	2026_08_15_15_47_02_30.jpeg
screenshot_1786783366.jpeg	2026_08_15_15_47_02_30_smallSize.jpeg
screenshot_1786783366.jpeg	2026_08_15_15_47_02_30_mediumSize.jpeg
774727020_1667952448665293_2741219424395318792_n.jpg	2026_08_15_21_52_03_99_smallSize.jpg
774727020_1667952448665293_2741219424395318792_n.jpg	2026_08_15_21_52_03_99_mediumSize.jpg
1786774092183_7921727365655597008_g3947787071073612534_1f883f24b7024dd50253451e4fe42e22.jpg	2026_08_15_22_01_59_18.jpg
1786774092183_7921727365655597008_g3947787071073612534_1f883f24b7024dd50253451e4fe42e22.jpg	2026_08_15_22_01_59_18_smallSize.jpg
1786774092183_7921727365655597008_g3947787071073612534_1f883f24b7024dd50253451e4fe42e22.jpg	2026_08_15_22_01_59_18_mediumSize.jpg
774719121_1667952191998652_4607016800061252406_n(2).jpg	2026_08_17_09_42_00_28.jpg
774719121_1667952191998652_4607016800061252406_n(2).jpg	2026_08_17_09_42_00_28_smallSize.jpg
774719121_1667952191998652_4607016800061252406_n(2).jpg	2026_08_17_09_42_00_28_mediumSize.jpg
screenshot_1786931114.jpeg	2026_08_17_09_51_01_15.jpeg
screenshot_1786931114.jpeg	2026_08_17_09_51_01_15_smallSize.jpeg
screenshot_1786931114.jpeg	2026_08_17_09_51_01_15_mediumSize.jpeg
screenshot_1786937984.jpeg	2026_08_17_10_45_47_50.jpeg
screenshot_1786937984.jpeg	2026_08_17_10_45_47_50_smallSize.jpeg
screenshot_1786937984.jpeg	2026_08_17_10_45_47_50_mediumSize.jpeg
screenshot_1786944228.jpeg	2026_08_17_12_51_54_86_smallSize.jpeg
screenshot_1786944228.jpeg	2026_08_17_12_51_54_86_mediumSize.jpeg
screenshot_1786946063.jpeg	2026_08_17_13_03_34_18_smallSize.jpeg
screenshot_1786946063.jpeg	2026_08_17_13_03_34_18_mediumSize.jpeg
z8161508401484_cd1ea32b527a3dc413c62f42ecc8b29e.jpg	2026_08_17_13_25_29_00_smallSize.jpg
z8161508401484_cd1ea32b527a3dc413c62f42ecc8b29e.jpg	2026_08_17_13_25_29_00_mediumSize.jpg
screenshot_1786950719.jpeg	2026_08_17_14_13_52_77.jpeg
screenshot_1786950719.jpeg	2026_08_17_14_13_52_77_smallSize.jpeg
screenshot_1786950719.jpeg	2026_08_17_14_13_52_77_mediumSize.jpeg
screenshot_1786951088.jpeg	2026_08_17_14_30_38_82.jpeg
screenshot_1786951088.jpeg	2026_08_17_14_30_38_82_smallSize.jpeg
screenshot_1786951088.jpeg	2026_08_17_14_30_38_82_mediumSize.jpeg
screenshot_1786952537.jpeg	2026_08_17_14_45_28_10.jpeg
screenshot_1786952537.jpeg	2026_08_17_14_45_28_10_smallSize.jpeg
screenshot_1786952537.jpeg	2026_08_17_14_45_28_10_mediumSize.jpeg
screenshot_1786952932.jpeg	2026_08_17_14_52_03_13.jpeg
screenshot_1786952932.jpeg	2026_08_17_14_52_03_13_smallSize.jpeg
screenshot_1786952932.jpeg	2026_08_17_14_52_03_13_mediumSize.jpeg
screenshot_1786930486.jpeg	2026_08_17_15_33_10_76.jpeg
screenshot_1786930486.jpeg	2026_08_17_15_33_10_76_smallSize.jpeg
screenshot_1786930486.jpeg	2026_08_17_15_33_10_76_mediumSize.jpeg
0438c520f69965e7779ce845c1b4af693u1a2621_1786769470.jpg	2026_08_17_15_42_56_74.jpg
0438c520f69965e7779ce845c1b4af693u1a2621_1786769470.jpg	2026_08_17_15_42_56_74_smallSize.jpg
0438c520f69965e7779ce845c1b4af693u1a2621_1786769470.jpg	2026_08_17_15_42_56_74_mediumSize.jpg
2026_08_17_01_44_316.jpg	2026_08_17_15_52_49_43.jpg
2026_08_17_01_44_316.jpg	2026_08_17_15_52_49_43_smallSize.jpg
2026_08_17_01_44_316.jpg	2026_08_17_15_52_49_43_mediumSize.jpg
screenshot_1786957122.jpeg	2026_08_17_16_00_48_21.jpeg
screenshot_1786957122.jpeg	2026_08_17_16_00_48_21_smallSize.jpeg
screenshot_1786957122.jpeg	2026_08_17_16_00_48_21_mediumSize.jpeg
1786527941206_7708033625376200273_g4516176797941208581_339424a80c331a0ba57c73a73a6e458c.jpg	2026_08_17_16_07_58_73.jpg
1786527941206_7708033625376200273_g4516176797941208581_339424a80c331a0ba57c73a73a6e458c.jpg	2026_08_17_16_07_58_73_smallSize.jpg
1786527941206_7708033625376200273_g4516176797941208581_339424a80c331a0ba57c73a73a6e458c.jpg	2026_08_17_16_07_58_73_mediumSize.jpg
screenshot_1786958143.jpeg	2026_08_17_16_19_46_73.jpeg
screenshot_1786958143.jpeg	2026_08_17_16_19_46_73_smallSize.jpeg
screenshot_1786958143.jpeg	2026_08_17_16_19_46_73_mediumSize.jpeg
1786951717353_5245200699185063743_5245200699185063743_db0d402d21198faba2d93e06405f7de8.jpg	2026_08_17_16_48_40_10.jpg
1786951717353_5245200699185063743_5245200699185063743_db0d402d21198faba2d93e06405f7de8.jpg	2026_08_17_16_48_40_10_smallSize.jpg
1786951717353_5245200699185063743_5245200699185063743_db0d402d21198faba2d93e06405f7de8.jpg	2026_08_17_16_48_40_10_mediumSize.jpg
_nh 2.jpg	2026_08_17_16_53_26_55.jpg
_nh 2.jpg	2026_08_17_16_53_26_55_smallSize.jpg
_nh 2.jpg	2026_08_17_16_53_26_55_mediumSize.jpg
4bb7.jpg	2026_08_17_19_53_26_86_smallSize.jpg
4bb7.jpg	2026_08_17_19_53_26_86_mediumSize.jpg
Thieu tuong Nguyen Van Long tap huan.jpg	2026_08_17_23_25_10_45_smallSize.jpg
Thieu tuong Nguyen Van Long tap huan.jpg	2026_08_17_23_25_10_45_mediumSize.jpg
88c8.jpg	2026_08_18_09_59_03_52.jpg
88c8.jpg	2026_08_18_09_59_03_52_smallSize.jpg
88c8.jpg	2026_08_18_09_59_03_52_mediumSize.jpg
screenshot_1787022528.jpeg	2026_08_18_10_16_56_50.jpeg
screenshot_1787022528.jpeg	2026_08_18_10_16_56_50_smallSize.jpeg
screenshot_1787022528.jpeg	2026_08_18_10_16_56_50_mediumSize.jpeg
screenshot_1787023880.jpeg	2026_08_18_10_32_12_60.jpeg
screenshot_1787023880.jpeg	2026_08_18_10_32_12_60_smallSize.jpeg
screenshot_1787023880.jpeg	2026_08_18_10_32_12_60_mediumSize.jpeg
screenshot_1787024279.jpeg	2026_08_18_10_41_57_69.jpeg
screenshot_1787024279.jpeg	2026_08_18_10_41_57_69_smallSize.jpeg
screenshot_1787024279.jpeg	2026_08_18_10_41_57_69_mediumSize.jpeg
739264524_991651416985623_3777320642522116590_n.jpg	2026_08_18_11_01_30_98.jpg
739264524_991651416985623_3777320642522116590_n.jpg	2026_08_18_11_01_30_98_smallSize.jpg
739264524_991651416985623_3777320642522116590_n.jpg	2026_08_18_11_01_30_98_mediumSize.jpg
screenshot_1787038893.jpeg	2026_08_18_14_43_10_80.jpeg
screenshot_1787038893.jpeg	2026_08_18_14_43_10_80_smallSize.jpeg
screenshot_1787038893.jpeg	2026_08_18_14_43_10_80_mediumSize.jpeg
2aoboqs8z5iptl2depfqxqi4sgda5ketmy7smvvs.jpg	2026_08_18_14_53_27_52.jpg
2aoboqs8z5iptl2depfqxqi4sgda5ketmy7smvvs.jpg	2026_08_18_14_53_27_52_smallSize.jpg
2aoboqs8z5iptl2depfqxqi4sgda5ketmy7smvvs.jpg	2026_08_18_14_53_27_52_mediumSize.jpg
screenshot_1787039943.jpeg	2026_08_18_15_08_41_39.jpeg
screenshot_1787039943.jpeg	2026_08_18_15_08_41_39_smallSize.jpeg
screenshot_1787039943.jpeg	2026_08_18_15_08_41_39_mediumSize.jpeg
11111_203.jpg	2026_08_19_20_44_30_80.jpg
11111_203.jpg	2026_08_19_20_44_30_80_smallSize.jpg
11111_203.jpg	2026_08_19_20_44_30_80_mediumSize.jpg
screenshot_1787147740.jpeg	2026_08_19_20_57_55_45.jpeg
screenshot_1787147740.jpeg	2026_08_19_20_57_55_45_smallSize.jpeg
screenshot_1787147740.jpeg	2026_08_19_20_57_55_45_mediumSize.jpeg
chap-hanh-phat-tu-anh2.jpg	2026_08_19_21_07_12_07.jpg
chap-hanh-phat-tu-anh2.jpg	2026_08_19_21_07_12_07_smallSize.jpg
chap-hanh-phat-tu-anh2.jpg	2026_08_19_21_07_12_07_mediumSize.jpg
image_4142.jpeg	2026_08_19_21_19_20_34.jpeg
image_4142.jpeg	2026_08_19_21_19_20_34_smallSize.jpeg
image_4142.jpeg	2026_08_19_21_19_20_34_mediumSize.jpeg
776077175_122103032799438618_2466263993158089436_n.jpg	2026_08_20_10_34_32_53.jpg
776077175_122103032799438618_2466263993158089436_n.jpg	2026_08_20_10_34_32_53_smallSize.jpg
776077175_122103032799438618_2466263993158089436_n.jpg	2026_08_20_10_34_32_53_mediumSize.jpg
777766853_1582218503272283_8268267545112212476_n.jpg	2026_08_20_10_50_33_52.jpg
777766853_1582218503272283_8268267545112212476_n.jpg	2026_08_20_10_50_33_52_smallSize.jpg
777766853_1582218503272283_8268267545112212476_n.jpg	2026_08_20_10_50_33_52_mediumSize.jpg
screenshot_1787212069.jpeg	2026_08_20_14_48_56_54.jpeg
screenshot_1787212069.jpeg	2026_08_20_14_48_56_54_smallSize.jpeg
screenshot_1787212069.jpeg	2026_08_20_14_48_56_54_mediumSize.jpeg
778082512_122135981559190386_7556134803262694280_n.jpg	2026_08_20_14_55_52_35.jpg
778082512_122135981559190386_7556134803262694280_n.jpg	2026_08_20_14_55_52_35_smallSize.jpg
778082512_122135981559190386_7556134803262694280_n.jpg	2026_08_20_14_55_52_35_mediumSize.jpg
779221983_1355758936541577_2174545725280690542_n.jpg	2026_08_20_15_06_24_67.jpg
779221983_1355758936541577_2174545725280690542_n.jpg	2026_08_20_15_06_24_67_smallSize.jpg
779221983_1355758936541577_2174545725280690542_n.jpg	2026_08_20_15_06_24_67_mediumSize.jpg
screenshot_1787216472.jpeg	2026_08_20_16_02_51_01.jpeg
screenshot_1787216472.jpeg	2026_08_20_16_02_51_01_smallSize.jpeg
screenshot_1787216472.jpeg	2026_08_20_16_02_51_01_mediumSize.jpeg
screenshot_1787216956.jpeg	2026_08_20_16_12_14_10.jpeg
screenshot_1787216956.jpeg	2026_08_20_16_12_14_10_smallSize.jpeg
screenshot_1787216956.jpeg	2026_08_20_16_12_14_10_mediumSize.jpeg
screenshot_1787217416.jpeg	2026_08_20_16_20_08_79.jpeg
screenshot_1787217416.jpeg	2026_08_20_16_20_08_79_smallSize.jpeg
screenshot_1787217416.jpeg	2026_08_20_16_20_08_79_mediumSize.jpeg
4.jpg	2026_08_20_16_26_59_13.jpg
4.jpg	2026_08_20_16_26_59_13_smallSize.jpg
4.jpg	2026_08_20_16_26_59_13_mediumSize.jpg
pham-gia-tuc-13055903.jpg	2026_08_20_16_33_29_57.jpg
pham-gia-tuc-13055903.jpg	2026_08_20_16_33_29_57_smallSize.jpg
pham-gia-tuc-13055903.jpg	2026_08_20_16_33_29_57_mediumSize.jpg
screenshot_1787282863.jpeg	2026_08_21_10_37_51_49.jpeg
screenshot_1787282863.jpeg	2026_08_21_10_37_51_49_smallSize.jpeg
screenshot_1787282863.jpeg	2026_08_21_10_37_51_49_mediumSize.jpeg
screenshot_1787283792.jpeg	2026_08_21_10_45_03_12.jpeg
screenshot_1787283792.jpeg	2026_08_21_10_45_03_12_smallSize.jpeg
screenshot_1787283792.jpeg	2026_08_21_10_45_03_12_mediumSize.jpeg
screenshot_1787298319.jpeg	2026_08_21_14_47_12_34.jpeg
screenshot_1787298319.jpeg	2026_08_21_14_47_12_34_smallSize.jpeg
screenshot_1787298319.jpeg	2026_08_21_14_47_12_34_mediumSize.jpeg
2aoboqsr8f0ofeuxwdrigymbmtchnruaxhgzvili8.jpg	2026_08_21_15_09_08_68.jpg
2aoboqsr8f0ofeuxwdrigymbmtchnruaxhgzvili8.jpg	2026_08_21_15_09_08_68_smallSize.jpg
2aoboqsr8f0ofeuxwdrigymbmtchnruaxhgzvili8.jpg	2026_08_21_15_09_08_68_mediumSize.jpg
screenshot_1787320740.jpeg	2026_08_21_21_02_36_51.jpeg
screenshot_1787320740.jpeg	2026_08_21_21_02_36_51_smallSize.jpeg
screenshot_1787320740.jpeg	2026_08_21_21_02_36_51_mediumSize.jpeg
781054912_122249311370275654_8673505740195389774_n.jpg	2026_08_21_21_10_14_83.jpg
781054912_122249311370275654_8673505740195389774_n.jpg	2026_08_21_21_10_14_83_smallSize.jpg
781054912_122249311370275654_8673505740195389774_n.jpg	2026_08_21_21_10_14_83_mediumSize.jpg
screenshot_1787323042.jpeg	2026_08_21_21_39_47_55.jpeg
screenshot_1787323042.jpeg	2026_08_21_21_39_47_55_smallSize.jpeg
screenshot_1787323042.jpeg	2026_08_21_21_39_47_55_mediumSize.jpeg
775286545_122109601851418890_4270838217529015907_n.jpg	2026_08_21_21_57_45_04.jpg
775286545_122109601851418890_4270838217529015907_n.jpg	2026_08_21_21_57_45_04_smallSize.jpg
775286545_122109601851418890_4270838217529015907_n.jpg	2026_08_21_21_57_45_04_mediumSize.jpg
screenshot_1787324917.jpeg	2026_08_21_22_15_01_73.jpeg
screenshot_1787324917.jpeg	2026_08_21_22_15_01_73_smallSize.jpeg
screenshot_1787324917.jpeg	2026_08_21_22_15_01_73_mediumSize.jpeg
1787325566161_8396274251899999344_8396274251899999344_8a18d8f1016392a582b28fde7a427adf.jpg	2026_08_21_22_26_00_69.jpg
1787325566161_8396274251899999344_8396274251899999344_8a18d8f1016392a582b28fde7a427adf.jpg	2026_08_21_22_26_00_69_smallSize.jpg
1787325566161_8396274251899999344_8396274251899999344_8a18d8f1016392a582b28fde7a427adf.jpg	2026_08_21_22_26_00_69_mediumSize.jpg
screenshot_1787539608.jpeg	2026_08_24_09_50_36_82.jpeg
screenshot_1787539608.jpeg	2026_08_24_09_50_36_82_smallSize.jpeg
screenshot_1787539608.jpeg	2026_08_24_09_50_36_82_mediumSize.jpeg
screenshot_1787541275.jpeg	2026_08_24_10_25_27_53.jpeg
screenshot_1787541275.jpeg	2026_08_24_10_25_27_53_smallSize.jpeg
screenshot_1787541275.jpeg	2026_08_24_10_25_27_53_mediumSize.jpeg
1787470885513_1574024888520999474_6734377191902504863_a6c6ee90a76f63040b50c22ea1f2920a.jpg	2026_08_24_10_40_36_79.jpg
1787470885513_1574024888520999474_6734377191902504863_a6c6ee90a76f63040b50c22ea1f2920a.jpg	2026_08_24_10_40_36_79_smallSize.jpg
1787470885513_1574024888520999474_6734377191902504863_a6c6ee90a76f63040b50c22ea1f2920a.jpg	2026_08_24_10_40_36_79_mediumSize.jpg
2026-05-23.23-15-57.jpg	2026_08_24_10_56_55_88_smallSize.jpg
2026-05-23.23-15-57.jpg	2026_08_24_10_56_55_88_mediumSize.jpg
screenshot_1787543520.jpeg	2026_08_24_14_32_35_46.jpeg
screenshot_1787543520.jpeg	2026_08_24_14_32_35_46_smallSize.jpeg
screenshot_1787543520.jpeg	2026_08_24_14_32_35_46_mediumSize.jpeg
780654837_2361401931334503_8655950648526865824_n.jpg	2026_08_24_16_04_55_57.jpg
780654837_2361401931334503_8655950648526865824_n.jpg	2026_08_24_16_04_55_57_smallSize.jpg
780654837_2361401931334503_8655950648526865824_n.jpg	2026_08_24_16_04_55_57_mediumSize.jpg
image-20260824214700-4.jpeg	2026_08_25_11_08_46_72.jpeg
image-20260824214700-4.jpeg	2026_08_25_11_08_46_72_smallSize.jpeg
image-20260824214700-4.jpeg	2026_08_25_11_08_46_72_mediumSize.jpeg
photo-library-20260824095215-2e5be0d7-30e5-4737-b36f-061bfd802c58-cax-den-nha-hung.jpg	2026_08_25_14_09_31_65.jpg
photo-library-20260824095215-2e5be0d7-30e5-4737-b36f-061bfd802c58-cax-den-nha-hung.jpg	2026_08_25_14_09_31_65_smallSize.jpg
photo-library-20260824095215-2e5be0d7-30e5-4737-b36f-061bfd802c58-cax-den-nha-hung.jpg	2026_08_25_14_09_31_65_mediumSize.jpg
screenshot_1787642267.jpeg	2026_08_25_14_22_30_03.jpeg
screenshot_1787642267.jpeg	2026_08_25_14_22_30_03_smallSize.jpeg
screenshot_1787642267.jpeg	2026_08_25_14_22_30_03_mediumSize.jpeg
screenshot_1787643259.jpeg	2026_08_25_14_39_30_00.jpeg
screenshot_1787643259.jpeg	2026_08_25_14_39_30_00_smallSize.jpeg
screenshot_1787643259.jpeg	2026_08_25_14_39_30_00_mediumSize.jpeg
anh.jpg	2026_08_25_14_50_37_13.jpg
anh.jpg	2026_08_25_14_50_37_13_smallSize.jpg
anh.jpg	2026_08_25_14_50_37_13_mediumSize.jpg
cong-an-phuong-mong-cai-1tham-gia-phoi-hop-ho-tro-nguoi-dan-tiep-can-nguon-von-chinh-sach.jpg	2026_08_25_14_55_00_25.jpg
cong-an-phuong-mong-cai-1tham-gia-phoi-hop-ho-tro-nguoi-dan-tiep-can-nguon-von-chinh-sach.jpg	2026_08_25_14_55_00_25_smallSize.jpg
cong-an-phuong-mong-cai-1tham-gia-phoi-hop-ho-tro-nguoi-dan-tiep-can-nguon-von-chinh-sach.jpg	2026_08_25_14_55_00_25_mediumSize.jpg
screenshot_1787644728.jpeg	2026_08_25_15_02_16_69.jpeg
screenshot_1787644728.jpeg	2026_08_25_15_02_16_69_smallSize.jpeg
screenshot_1787644728.jpeg	2026_08_25_15_02_16_69_mediumSize.jpeg
screenshot_1787645025.jpeg	2026_08_25_15_06_00_35.jpeg
screenshot_1787645025.jpeg	2026_08_25_15_06_00_35_smallSize.jpeg
screenshot_1787645025.jpeg	2026_08_25_15_06_00_35_mediumSize.jpeg
cong-an-xa-dam-ha-tham-hoi-dong-vien-nguoi-chap-hanh-xong-an-phat-tu.jpg	2026_08_25_15_10_30_72.jpg
cong-an-xa-dam-ha-tham-hoi-dong-vien-nguoi-chap-hanh-xong-an-phat-tu.jpg	2026_08_25_15_10_30_72_smallSize.jpg
cong-an-xa-dam-ha-tham-hoi-dong-vien-nguoi-chap-hanh-xong-an-phat-tu.jpg	2026_08_25_15_10_30_72_mediumSize.jpg
screenshot_1787648475.jpeg	2026_08_25_16_03_06_31.jpeg
screenshot_1787648475.jpeg	2026_08_25_16_03_06_31_smallSize.jpeg
screenshot_1787648475.jpeg	2026_08_25_16_03_06_31_mediumSize.jpeg
screenshot_1787648820.jpeg	2026_08_25_16_08_23_98.jpeg
screenshot_1787648820.jpeg	2026_08_25_16_08_23_98_smallSize.jpeg
screenshot_1787648820.jpeg	2026_08_25_16_08_23_98_mediumSize.jpeg
19-08-2026-cong-an-xa-tan-cuong-tuyen-truyen-pho-bien-giao-duc-phap-luat-2.jpg	2026_08_25_16_19_06_34.jpg
19-08-2026-cong-an-xa-tan-cuong-tuyen-truyen-pho-bien-giao-duc-phap-luat-2.jpg	2026_08_25_16_19_06_34_smallSize.jpg
19-08-2026-cong-an-xa-tan-cuong-tuyen-truyen-pho-bien-giao-duc-phap-luat-2.jpg	2026_08_25_16_19_06_34_mediumSize.jpg
pc10-ra-mat-mo-hinh-14-8.jpg	2026_08_25_16_22_18_12.jpg
pc10-ra-mat-mo-hinh-14-8.jpg	2026_08_25_16_22_18_12_smallSize.jpg
pc10-ra-mat-mo-hinh-14-8.jpg	2026_08_25_16_22_18_12_mediumSize.jpg
anh-1-3_3.jpg	2026_08_25_16_26_22_20.jpg
anh-1-3_3.jpg	2026_08_25_16_26_22_20_smallSize.jpg
anh-1-3_3.jpg	2026_08_25_16_26_22_20_mediumSize.jpg
anh-1-6_1.jpg	2026_08_25_16_30_54_57.jpg
anh-1-6_1.jpg	2026_08_25_16_30_54_57_smallSize.jpg
anh-1-6_1.jpg	2026_08_25_16_30_54_57_mediumSize.jpg
screenshot_1787650333.jpeg	2026_08_25_16_33_00_98.jpeg
screenshot_1787650333.jpeg	2026_08_25_16_33_00_98_smallSize.jpeg
screenshot_1787650333.jpeg	2026_08_25_16_33_00_98_mediumSize.jpeg
screenshot_1787728803.jpeg	2026_08_26_14_38_33_28.jpeg
screenshot_1787728803.jpeg	2026_08_26_14_38_33_28_smallSize.jpeg
screenshot_1787728803.jpeg	2026_08_26_14_38_33_28_mediumSize.jpeg
screenshot_1787730692.jpeg	2026_08_26_14_52_19_74.jpeg
screenshot_1787730692.jpeg	2026_08_26_14_52_19_74_smallSize.jpeg
screenshot_1787730692.jpeg	2026_08_26_14_52_19_74_mediumSize.jpeg
screenshot_1787732296.jpeg	2026_08_26_15_26_12_94.jpeg
screenshot_1787732296.jpeg	2026_08_26_15_26_12_94_smallSize.jpeg
screenshot_1787732296.jpeg	2026_08_26_15_26_12_94_mediumSize.jpeg
786342949_1565150655623221_1150746482569222474_n.jpg	2026_08_27_10_47_32_20.jpg
786342949_1565150655623221_1150746482569222474_n.jpg	2026_08_27_10_47_32_20_smallSize.jpg
786342949_1565150655623221_1150746482569222474_n.jpg	2026_08_27_10_47_32_20_mediumSize.jpg
1787744438183_978681537871641697_g3851110406380134788_473bea71f41ffc835977e28d6c99d945.jpg	2026_08_27_14_39_52_01.jpg
1787744438183_978681537871641697_g3851110406380134788_473bea71f41ffc835977e28d6c99d945.jpg	2026_08_27_14_39_52_01_smallSize.jpg
1787744438183_978681537871641697_g3851110406380134788_473bea71f41ffc835977e28d6c99d945.jpg	2026_08_27_14_39_52_01_mediumSize.jpg
780648672_1009664552132816_8363968046180621681_n.jpg	2026_08_27_14_45_37_10.jpg
780648672_1009664552132816_8363968046180621681_n.jpg	2026_08_27_14_45_37_10_smallSize.jpg
780648672_1009664552132816_8363968046180621681_n.jpg	2026_08_27_14_45_37_10_mediumSize.jpg
787507385_1589874279173372_4961951091636779735_n.jpg	2026_08_27_15_00_44_02.jpg
787507385_1589874279173372_4961951091636779735_n.jpg	2026_08_27_15_00_44_02_smallSize.jpg
787507385_1589874279173372_4961951091636779735_n.jpg	2026_08_27_15_00_44_02_mediumSize.jpg
screenshot_1787817853.jpeg	2026_08_27_15_07_34_39.jpeg
screenshot_1787817853.jpeg	2026_08_27_15_07_34_39_smallSize.jpeg
screenshot_1787817853.jpeg	2026_08_27_15_07_34_39_mediumSize.jpeg
screenshot_1787818968.jpeg	2026_08_27_15_28_24_01.jpeg
screenshot_1787818968.jpeg	2026_08_27_15_28_24_01_smallSize.jpeg
screenshot_1787818968.jpeg	2026_08_27_15_28_24_01_mediumSize.jpeg
5113.jpeg	2026_08_27_17_15_28_45_smallSize.jpeg
5113.jpeg	2026_08_27_17_15_28_45_mediumSize.jpeg
25039.jpeg	2026_08_28_08_57_10_87.jpeg
25039.jpeg	2026_08_28_08_57_10_87_smallSize.jpeg
25039.jpeg	2026_08_28_08_57_10_87_mediumSize.jpeg
screenshot_1787883227.jpeg	2026_08_28_09_28_58_14.jpeg
screenshot_1787883227.jpeg	2026_08_28_09_28_58_14_smallSize.jpeg
screenshot_1787883227.jpeg	2026_08_28_09_28_58_14_mediumSize.jpeg
1787829866270_tin-son-vi-ho-tro-von-vay-cho-nguoi-chap-1_20260827175515.jpeg	2026_08_28_11_01_14_73.jpeg
1787829866270_tin-son-vi-ho-tro-von-vay-cho-nguoi-chap-1_20260827175515.jpeg	2026_08_28_11_01_14_73_smallSize.jpeg
1787829866270_tin-son-vi-ho-tro-von-vay-cho-nguoi-chap-1_20260827175515.jpeg	2026_08_28_11_01_14_73_mediumSize.jpeg
