"ID Bài viết","Tiêu đề","Chuyên mục","Trạng thái","Số ảnh thiếu","Chi tiết tên ảnh thiếu","Đường dẫn cũ"
"10480","Làm tốt công tác phòng ngừa vi phạm về vũ khí, vật liệu nổ, góp phần kéo giảm tội phạm","Tin nổi bật","published","1","1_2025095947-1737041322068.jpg","/lam-tot-cong-tac-phong-ngua-vi-pham-ve-vu-khi-vat-lieu-no-gop-phan-keo-giam-toi-pham.html"
"10481","Ra mắt mô hình “Tổ tuyên truyền, hòa giải mâu thuẫn nội bộ nhân dân”","Tin nổi bật","published","1","Hai_Duong_0159-1737076626866.jpg","/ra-mat-mo-hinh-to-tuyen-truyen-hoa-giai-mau-thuan-noi-bo-nhan-dan.html"
"10493","KHAI GIẢNG KHOÁ HỌC: KỸ NĂNG QUAY PHIM, CHỤP ẢNH & DỰNG PHIM CƠ BẢN","Bản tin","published","11","TCT00040.JPG; TCT00066.JPG; TCT00099.JPG; TCT00006.JPG; TCT00006(1).JPG; TCT00007.JPG; TCT00013.JPG; TCT00036.JPG; TCT00056.JPG; TCT00072.JPG; TCT00108.JPG","/khai-giang-khoa-hoc-ky-nang-quay-phim-chup-anh-dung-phim-co-ban.html"
"10502","Quảng Ninh: Chung tay giúp người lầm lỡ tái hòa nhập cộng đồng","Bản tin","published","1","1_2025095947-1737041322068.jpg","/chung-tay-giup-nguoi-lam-lo-tai-hoa-nhap-cong-dong.html"
"10503","Lai Châu: Phát huy hiệu quả các mô hình tái hòa nhập cộng đồng","Bản tin","published","2","120519-vna_potal_thuc_hien_tot_cong_tac_tai_hoa_nhap_cong_dong_voi_nguoi_chap_hanh_xong_an_phat_tu_7058247.jpg; 120830-vna_potal_thuc_hien_tot_cong_tac_tai_hoa_nhap_cong_dong_voi_nguoi_chap_hanh_xong_an_phat_tu_7058241.jpg","/lai-chau-phat-huy-hieu-qua-cac-mo-hinh-tai-hoa-nhap-cong-dong.html"
"10504","Hải Dương: Hiệu quả mô hình tái hòa nhập cộng đồng ở Nam Sách","Bản tin","published","1","ns-2-.jpg","/hai-duong-hieu-qua-mo-hinh-tai-hoa-nhap-cong-dong-o-nam-sach.html"
"10505","Bắc Giang: Cùng chung tay giúp đỡ những người lầm lỗi tái hòa nhập cộng đồng","Bản tin","published","3","z5553594415629_775858de183bacd905fcf11fd51b8234(1).jpg; 0123(1).jpg; z5553594415125_63104601f7611f3897b87ce21fc0f925(1).jpg","/bac-giang-cung-chung-tay-giup-do-nhung-nguoi-lam-loi-tai-hoa-nhap-cong-dong.html"
"10506","Bắc Ninh: Tập huấn công tác thi hành án hình sự và tái hòa nhập cộng đồng năm 2025","Bản tin","published","2","02.jpeg; 03.jpeg","/tap-huan-nghiep-vu-cong-tac-thi-hanh-an-hinh-su-tai-cong-dong-va-tai-hoa-nhap-cong-dong.html"
"10507","Hà Giang: Giúp người lầm lỡ tái hòa nhập cộng đồng","Bản tin","published","2","hg1(1).jpg; hg2.jpg","/bao-ha-giang-giup-nguoi-lam-lo-tai-hoa-nhap-cong-dong.html"
"10509","Nam Định: Công an tỉnh Hội nghị tập huấn công tác thi hành án hình sự tại cộng đồng và tái hòa nhập cộng đồng năm 2024","Bản tin","published","3","1.png; 2.png; 3 (1).png","/cong-thong-tin-dien-tu-tinh-nam-dinh-cong-an-tinh-nam-dinh-to-chuc-hoi-nghi-tap-huan-cong-tac-thi-hanh-an-hinh-su-tai-cong-dong-va-tai-hoa-nhap-cong-dong-nam-2024.html"
"10510","Nam Định:  Tiếp lực giúp người chấp hành xong án phạt tù tái hoà nhập cộng đồng","Bản tin","published","1","untitled-1_20241113084646.png","/nam-dinh-tiep-luc-giup-nguoi-chap-hanh-xong-an-phat-tu-tai-hoa-nhap-cong-dong.html"
"10511","Lâm Đồng: Giúp người chấp hành xong án phạt tù tái hòa nhập cộng đồng","Bản tin","published","1","t6a_20240919205540.jpg","/lam-dong-giup-nguoi-chap-hanh-xong-an-phat-tu-tai-hoa-nhap-cong-dong.html"
"10512","Thứ trưởng Bộ Công an Lê Văn Tuyến kiểm tra công tác đặc xá năm 2025 tại Hà Nội","Bản tin","published","8","tham_1-1743581585909.jpeg; tham-1743581585706.jpeg; Hiep-1743582534973.jpg; Phuc-1743582020676.jpg; tuyen-1743582020286.jpg; hung-1743582019005.jpg; TT2-1743581660671.jpeg; DB-1743582116043.jpeg","/thu-truong-bo-cong-an-le-van-tuyen-kiem-tra-cong-tac-dac-xa-nam-2025-tai-ha-noi.html"
"10513","Ban Chỉ đạo về đặc xá của Bộ Công an xét duyệt hồ sơ xét đề nghị đặc xá năm 2025 cho các phạm nhân","Bản tin","published","3","IMG_9670-1744801021248.jpeg; IMG_9681-1744801152039.jpeg; IMG_9667-1744801221288.jpeg","/ban-chi-dao-ve-dac-xa-cua-bo-cong-an-xet-duyet-ho-so-xet-de-nghi-dac-xa-nam-2025-cho-cac-pham-nhan.html"
"10515","HỒ CHÍ MINH: Hỗ trợ phụ nữ hoàn lương, tái hòa nhập cộng đồng","Bản tin","published","3","screenshot_1744.jpeg; screenshot_17.jpeg; 46419793.jpeg","/thanh-pho-ho-chi-minh-ho-tro-phu-nu-hoan-luong-tai-hoa-nhap-cong-dong.html"
"10516","Bình Thuận: Thực hiện tốt công tác tái hòa nhập cộng đồng góp phần đảm bảo an ninh, trật tự trên địa bàn tỉnh","Bản tin","published","1","Anh1.jpg","/binh-thuan-thuc-hien-tot-cong-tac-tai-hoa-nhap-cong-dong-gop-phan-dam-bao-an-ninh-trat-tu-tren-dia-ban-tinh.html"
"10517"," Thanh Hóa: Diễn đàn tư vấn pháp lý và hỗ trợ tái hòa nhập cộng đồng cho người chấp hành xong án phạt tù","Bản tin","published","3","2(146).jpg; 4(75).jpg; 5(68).jpg","/thanh-hoa-dien-dan-tu-van-phap-ly-va-ho-tro-tai-hoa-nhap-cong-dong-cho-nguoi-chap-hanh-xong-an-phat-tu.html"
"10519","Vĩnh Phúc: Tập huấn công tác thi hành án hình sự tại cộng đồng và tái hòa nhập cộng đồng","Bản tin","published","4","2_2024015399.jpg; 3_2024015116.jpg; 4_2024017339.jpg; 5_2024011419.jpg","/vinh-phuc-mo-hinh-giup-do-nguoi-chap-hanh-xong-an-phat-tu-tai-hoa-nhap-cong-dong-o-xa-dong-tinh.html"
"10520","Bạc Liêu: Nâng cao trách nhiệm trong công tác tái hòa nhập cộng đồng","Bản tin","published","6","To_chuc_trao_Quyet_dinh_tha_tu_t-1725328554887.jpg; Luc_luong_Cong_an_tuyen_truyen_p-1725328609693.jpg; Luc_luong_Cong_an_tham_hoi_gia_d-1725328652875.png; a(5).png; Tuyen_truyen_phap_luat_cho_pham_-1725328695155.jpg; a(11)(1).jpg","/bac-lieu-nang-cao-trach-nhiem-trong-cong-tac-tai-hoa-nhap-cong-dong.html"
"20521","Các trại giam đồng loạt công bố quyết định đặc xá dịp Lễ 30/4","Bản tin","published","21","01.jpg; 03.jpg; Hai Phong.jpg; Hung Yen.jpg; Ha Nam.jpg; lam thu tuc dac xa Trai Giam Kênh 7.jpg; Binh Dinh.jpg; ca mau.jpg; Ha Giang.jpg; Xuan Ha.jpg; Cao Lanh, C10 -phạm nhân làm thủ tục ra về .jpg; Yên Bái.jpg; 150_4544_MXF_19_06_57_21_Still001.jpg; 150_4564_MXF_19_09_54_11_Still001.jpg; 150_4592_MXF_19_18_50_08_Still001.jpg; 150_4612_MXF_19_21_44_01_Still001(1).jpg; IMG_0223_MOV_00_00_00_18_Still001.jpg; 150_4611_MXF_19_21_25_12_Still001.jpg; IMG_0217_MOV_00_00_03_23_Still001.jpg; IMG_0225_MOV_00_00_02_00_Still001.jpg; Thanh nhân.jpeg","/cac-trai-giam-dong-loat-cong-bo-quyet-dinh-dac-xa-dip-le-30-4.html"
"20522","Bình Thuận: Thực hiện tốt công tác tái hòa nhập cộng đồng góp phần đảm bảo an ninh, trật tự trên địa bàn tỉnh","Bản tin","published","1","Anh1 (1).jpg","/binh-thuan-thuc-hien-tot-cong-tac-tai-hoa-nhap-cong-dong-gop-phan-dam-bao-an-ninh-trat-tu-tren-dia-ban-tinh.html"
"20523","KonTum: Thực hiện tốt công tác tái hòa nhập cộng đồng đối với người chấp hành xong án phạt tù góp phần bảo đảm an ninh, trật tự và các vấn đề xã hội khác ở địa phương","Bản tin","published","4","clip_image002(14).jpg; clip_image004(12).jpg; clip_image006(1).jpg; clip_image008.jpg","/kontum-thuc-hien-tot-cong-tac-tai-hoa-nhap-cong-dong-doi-voi-nguoi-chap-hanh-xong-an-phat-tu-gop-phan-bao-dam-an-ninh-trat-tu-va-cac-van-de-xa-hoi-khac-o-dia-phuong.html"
"20524","QUẢNG BÌNH: Cục Cảnh sát quản lý tạm giữ, tạm giam và thi hành án hinh sự tại cộng đồng (C11) tổ chức lớp tập huấn công tác Thi hành án hình sự và tái hòa nhập cộng đồng cho Công an các địa phương.","Bản tin","published","6","a Long(1).jpeg; a khuyen(1).png; thay tuan(1).png; e Thanh(1).png; lớp tâp huấn(1).png; ca lop.png","/quang-binh-cuc-canh-sat-quan-ly-tam-giu-tam-giam-va-thi-hanh-an-hinh-su-tai-cong-dong-c11-to-chuc-lop-tap-huan-cong-tac-thi-hanh-an-hinh-su-va-tai-hoa-nhap-cong-dong-cho-cong-an-cac-dia-phuong.html"
"20525","Tây Ninh: Tín dụng với người hoàn lương- Điểm tựa tái hòa nhập cộng đồng","Bản tin","published","1","honaluongtayninh-5148-4415.jpg","/tay-ninh-tin-dung-voi-nguoi-hoan-luong-diem-tua-tai-hoa-nhap-cong-dong.html"
"20526","Quảng Ninh:  Làm tốt công tác tái hòa nhập cộng đồng góp phần kéo giảm tỷ lệ tái phạm tội","Bản tin","published","6","xuong-da-hoan-luong.jpg; anh-tam-nuoi-tom.jpg; dam-tom-cua-anh-tam (1).jpg; anh-duyen-lam-moc.jpg; anh-duyen-o-tien-yen.jpg; dong-chi-thanh-pct-uong-bi-hop-voi-cac-nganh-ve-mo-hinh-tai-hoa-nhap-cong-dong.jpg","/lam-tot-cong-tac-tai-hoa-nhap-cong-dong-gop-phan-ngan-chan-toi-pham.html"
"20527","BÌNH PHƯỚC: Nâng cao hiệu quả công tác thi hành án hình sự tại cộng đồng và tái hoà nhập cộng đồng","Bản tin","draft","2","18_7_2024_1_1.jpg; 18_7_2024_1_2.jpg","/binh-phuoc-nang-cao-hieu-qua-cong-tac-thi-hanh-an-hinh-su-tai-cong-dong-va-tai-hoa-nhap-cong-dong.html"
"20528","Gương sáng hoàn lương","Tấm gương tiêu biểu","published","1","cong-an.jpg","/guong-sang-hoan-luong.html"
"20529","Hà Nam: Tổ chức Phiên giao dịch việc làm cho học sinh, người lao động, người được đặc xá năm 2025","Bản tin","published","2","img_5833.jpg; img_5791.jpg","/ha-nam-to-chuc-phien-giao-dich-viec-lam-cho-hoc-sinh-nguoi-lao-dong-nguoi-duoc-dac-xa-nam-2025.html"
"20530","Trại giam Quảng Ninh tổ chức lễ công bố quyết định đặc xá của Chủ tịch nước dịp 30/4","Bản tin","published","6","screenshot_1747126139.png; screenshot_1747128294.png; screenshot_1747127437(1).png; screenshot_1747127573.png; screenshot_1747127874.png; screenshot_1747128043.png","/trai-giam-quang-ninh-to-chuc-le-cong-bo-quyet-dinh-dac-xa-cua-chu-tich-nuoc-dip-30-4.html"
"20531","Tập huấn tăng cường năng lực cho chỉ huy, cán bộ công an cấp xã trong công tác Thi hành án hình sự tại cộng đồng và tái hòa nhập cộng đồng.","Bản tin","published","19","197A5593(1).jpg; Sequence 01_00_08_25_20_Still009.jpg; 123CD.jpg; Sequence 01_00_10_31_00_Still012.jpg; 197A5598.jpg; 197A5635.jpg; 123E (2).jpg; 12QAD.jpg; 197A5625.jpg; 197A5627.jpg; Anh toan 303.jpg; Canh toan.jpg; CVDAZ.jpg; Cảnh toàn 3.jpg; ETYU.jpg; Dai bieu 3.jpg; LOUY.jpg; Lương Manh Thuyết, PTP PC10 Hai Duong.jpg; QETYG.jpg","/hai-duong-tang-cuong-nang-luc-cho-can-bo-xa-trong-cong-tac-thi-hanh-an-hinh-su-tai-cong-dong-va-tai-hoa-nhap-cong-dong.html"
"20532","HÀ NAM: Phiên giao dịch việc làm cho người CHXAPT trở về hòa nhập cộng đồng ở Hà Nam","Mô hình tái hòa nhập","published","6","IMG_1227.JPG; imgp0550.jpg; imgp0582.jpg; imgp0591.jpg; imgp0602.jpg; imgp0620.jpg","/phien-giao-dich-viec-lam-cho-nguoi-chxapt-tro-ve-hoa-nhap-cong-dong-o-ha-nam.html"
"20533"," Toàn văn Quyết định 266/2025/QĐ-CTN về đặc xá năm 2025","Văn bản","published","7","1-1741070358480157287280.jpg; 2dacxa-17410703737251271190733.jpg; 3daxa-1741070385403287507025.jpg; 4-17410703961051789311965.jpg; 5-1741070406566739426424.jpg; 6-17410704177911201519540.jpg; 7-1741070427208150659441.jpg","/toan-van-quyet-dinh-266-2025-qd-ctn-ve-dac-xa-nam-2025.html"
"20534","NGHỊ ĐỊNH SỐ 49/2020/NĐ-CP, ngày 17/04/2020 QUY ĐỊNH CHI TIẾT THI HÀNH LUẬT THI HÀNH ÁN HÌNH SỰ VỀ TÁI HÒA NHẬP CỘNG ĐỒNG","Văn bản","published","13","01.jpeg; 02.jpeg; 03.jpeg; 04.jpeg; 05.jpeg; 06.jpeg; 07.jpeg; 08.jpeg; 09.jpeg; 10.jpeg; 11.jpeg; 13.jpeg; 14.jpeg","/nghi-dinh-so-49-2020-nd-cp-ngay-17-04-2020-quy-dinh-chi-tiet-thi-hanh-luat-thi-hanh-an-hinh-su-ve-tai-hoa-nhap-cong-dong.html"
"20535","ẢNH: Hội nghị bàn về Cơ chế tín dụng dành cho người chấp hành xong án phạt tù, giữa Cục C11 và Ngân hàng CSXH Việt Nam","Thư viện ảnh - video","published","7","screenshot_1747800640.png; screenshot_1747800896.png; screenshot_1747800731.png; screenshot_1747800758.png; screenshot_1747800777.png; screenshot_1747800794.png; screenshot_1747800868.png","/hoi-nghi-ban-ve-co-che-tin-dung-danh-cho-nguoi-chap-hanh-xong-an-phat-tu-giua-cuc-c11-va-ngan-hang-csxh-viet-nam.html"
"20536","Các mô hình và cá nhân tiêu biểu về công tác THNCĐ ở Đồng Tháp","Mô hình tái hòa nhập","published","10","01(1).jpg; 02.jpg; 03(1).jpg; 04.jpg; 05.jpg; 05(1).jpg; 07(1).jpg; 08.jpg; 09.jpg; screenshot_1747802913.png","/cac-mo-hinh-va-ca-nhan-tieu-bieu-ve-cong-tac-thncd-o-dong-thap.html"
"20537","Một số giải pháp nâng cao hiệu quả tái hòa nhập cộng đồng đối với người chấp hành xong án phạt tù","Bản tin","published","3","download.jpg; 02.jpg; anh-duyen-o-tien-yen.jpg","/mot-so-giai-phap-nang-cao-hieu-qua-tai-hoa-nhap-cong-dong.html"
"20538","ẢNH: TẬP HUẤN CÔNG TÁC THAM MƯU, TỔNG HỢP, TẠM GIỮ TẠM GIAM, HTTP VÀ THAHS TẠI CỘNG ĐỒNG NĂM 2022 Ở LÀO CAI","Thư viện ảnh - video","published","19","DSC01099.JPG; DSC01115.JPG; DSC01137.JPG; DSC01145.JPG; DSC01149.JPG; DSC01157.JPG; DSC01125.JPG; DSC01159.JPG; DSC01122.JPG; DSC01215.JPG; DSC01210.JPG; DSC01219.JPG; DSC01220.JPG; DSC01188.JPG; DSC01191.JPG; DSC01192.JPG; DSC01171.JPG; DSC01177.JPG; DSC01164.JPG","/tap-huan-cong-tac-tham-muu-tong-hop-tam-giu-tam-giam-http-va-thahs-tai-cong-dong-nam-2022-o-lao-cai.html"
"20539","CHỈ THỊ 33 VỀ TĂNG CƯỜNG CÁC BIỆN PHÁP BẢO ĐẢM TÁI HÒA NHẬP CỘNG ĐỒNG ĐỐI VỚI NGƯỜI CHẤP HÀNH XONG ÁN PHẠT TÙ","Văn bản","published","4","IMG_0920.JPEG; IMG_0921.JPEG; IMG_0922.JPEG; IMG_0923.JPEG","/chi-thi-33-ve-tang-cuong-cac-bien-phap-bao-dam-tai-hoa-nhap-cong-dong-doi-voi-nguoi-chap-hanh-xong-an-phat-tu.html"
"20540","MÔ HÌNH DOANH NHÂN VỚI AN NINH TRẬT TỰ (ANTT) Ở HUYỆN NGA SƠN, THANH HÓA","Mô hình tái hòa nhập","published","10","01.png; 02.png; 03.png; 04.png; 05.png; 08.png; 09.png; 00494V_10_02_59_19_Still001.png; 536_0737_01_MP4_00_00_02_08_Still001.png; 713A3619_MOV_04_30_19_21_Still001.png","/mo-hinh-doanh-nhan-voi-an-ninh-trat-tu-antt-o-huyen-nga-son-thanh-hoa.html"
"20541","Mô hình “Hội cựu chiến binh giúp đỡ người chấp hành xong án phạt tù” ở xã Linh Hồ, huyện Vị Xuyên, Hà Giang","Mô hình tái hòa nhập","published","11","01(2).jpg; 03(2).jpg; 06(1).jpg; 08(1).jpg; 09(2).jpg; 11(2).jpg; 15.jpg; 20.jpg; 22.jpg; 23.jpg; 123.jpg","/mo-hinh-hoi-cuu-chien-binh-giup-do-nguoi-chap-hanh-xong-an-phat-tu-o-xa-linh-ho-huyen-vi-xuyen-ha-giang.html"
"20543","BÔNG HỒNG CÀI ÁO","Thư viện ảnh - video","published","1","9045.jpeg","https://youtu.be/3CVW4eR9rgo"
"20547","Anh Đinh Văn Long, Hà Nam","Tấm gương tiêu biểu","published","5","01(3).jpg; 02(1).jpg; 03(3).jpg; 04(1).jpg; 05(2).jpg","https://youtu.be/Jf9jolD6470?si=2oKdW6fnJWFqGJ2s"
"20548","QUYẾT ĐỊNH SỐ 22/2023/QĐ-TTg  VỀ TÍN DỤNG ĐỐI VỚI NGƯỜI CHẤP HÀNH XONG ÁN PHẠT TÙ","Văn bản","published","2","4-696.jpg; 7-696x984.jpg","/quyet-dinh-so-22-2023-qd-ttg-ve-tin-dung-doi-voi-nguoi-chap-hanh-xong-an-phat-tu.html"
"20549","Nhân văn với Mô hình giúp đỡ người chấp hành xong án tù tái hòa nhập cộng đồng","Bản tin","published","2","ho-tro-nguoi-hoan-luong-16992460462421471185516.jpg; ho-tro-nguoi-hoan-luong2.jpg","/nhan-van-voi-mo-hinh-giup-do-nguoi-chap-hanh-xong-an-tu-tai-hoa-nhap-cong-dong.html"
"20554","Huyện Tiền Hải (Thái Bình): Hiệu quả từ mô hình “Quản lý giáo dục, giúp đỡ người chấp hành xong án phạt tù tái hòa nhập cộng đồng”","Bản tin","published","1","87eebede484fb1d39085f871fff8af6a(6)(1).jpg","/tien-hai-hieu-qua-tu-mo-hinh-quan-ly-giao-duc-giup-do-nguoi-chap-hanh-xong-an-phat-tu-tai-hoa-nhap-cong-dong.html"
"20555","Đắk Lắk: Ra mắt mô hình “Tái hoà nhập cộng đồng” trên địa bàn xã Ea Blang, thị xã Buôn Hồ","Bản tin","published","2","image009.jpg; image011.jpg","/ra-mat-mo-hinh-tai-hoa-nhap-cong-dong-tren-dia-ban-xa-ea-blang-thi-xa-buon-ho.html"
"20556","Đặc xá, khởi đầu cho con đường hướng thiện của các phạm nhân","Bản tin","published","2","ninh-binh-1525.jpg; ninh-binh2-1525(1).jpg","/dac-xa-khoi-dau-cho-con-duong-huong-thien-cua-cac-pham-nhan.html"
"20558","QUẢNG NINH: Phát huy hiệu quả công tác tái hoà nhập cộng đồng","Bản tin","published","1","tái hoà nhập2.jpg","/quang-ninh-phat-huy-hieu-qua-cong-tac-tai-hoa-nhap-cong-dong-bai-2.html"
"20560","Mở cửa tương lai - Những mảnh đời tái hòa nhập cộng đồng ở Lào Cai","Bản tin","published","7","00083_MTS_00_00_03_01_Still001.jpg; 00136_MTS_00_00_04_21_Still001.jpg; 00161_MTS_00_00_03_14_Still001(1).jpg; 197A6800_MOV_11_34_59_05_Still001.jpg; 197A6878_MOV_11_52_30_12_Still001.jpg; screenshot_1751335659.png; screenshot_1751247077.png","/mo-cua-tuong-lai-nhung-manh-doi-tai-hoa-nhap-cong-dong-o-lao-cai.html"
"20562","HỒ CHÍ MINH: Quyết tâm đưa chính sách nhân văn đi sâu vào thực tiễn cuộc sống","Bản tin","published","10","49802662833_n.jpg; 38_n.jpg; 324729312_n.jpg; 9210790_n.jpg; 93619367_n.jpg; 7558994_n.jpg; 090336_n.jpg; 5881_n.jpg; 211_n.jpg; 582727_n.jpg","/quyet-tam-dua-chinh-sach-nhan-van-di-sau-vao-thuc-tien-cuoc-song.html"
"20565","BỘ CÔNG AN: Công bố Quyết định đặc xá của Chủ tịch nước nhân dịp Quốc khánh 2/9/2025","Bản tin","published","25","Trai giam số 1 Hà Nội.jpg; TPHCM.jpg; NINH BINH.jpg; An Dien - Da Nang.jpg; Cao Bang.jpg; Kien Giang.jpg; Dien Bien.jpg; Nghe An.jpg; Ca Mau(1).jpg; Ha Tĩnh.jpg; dONG tHAP.jpg; TP Huế.jpg; Thai Nguyên.jpg; Thanh Hóa.jpg; Vinh Quang.jpg; VQ111.jpg; VQ-987.jpg; Vinh Quang 4.jpg; Long.jpeg; VQ231.jpg; VQ456.jpg; VQ1234.jpg; Dak Lak.jpg; Khanh Hoa.jpg; QN.jpeg","/cong-bo-quyet-dinh-dac-xa-cua-chu-tich-nuoc-nhan-dip-quoc-khanh-2-9-2025.html"
"20566","BỘ CÔNG AN: Công bố Quyết định đặc xá năm 2025 (đợt 2) của Chủ tịch nước","Bản tin","published","3","Anh 1.jpg; Anh 2.jpg; Anh 3.jpg","/cong-bo-quyet-dinh-dac-xa-nam-2025-dot-2-cua-chu-tich-nuoc.html"
"20568","QUẢNG NINH: Công an phường An Sinh, tỉnh Quảng Ninh nỗ lực đưa công tác tái hòa nhập cộng đồng đi vào chiều sâu","Bản tin","published","2","ảnh 05 9 1.jpg; z6945052922398_3e28a2dfe7aebd7baff55f092afd8bf1.jpg","/cong-an-phuong-an-sinh-no-luc-dua-cong-tac-tai-hoa-nhap-cong-dong-di-vao-chieu-sau.html"
"20570","ĐỒNG THÁP: Nữ cán bộ Công an tận tụy, đồng hành giúp người lầm lỗi hoàn lương","Bản tin","published","1","Ho_tro_nguoi_hoan_luong_1-1750629929867(1).jpg","/nu-can-bo-cong-an-dong-hanh-giup-nguoi-lam-loi-hoan-luong.html"
"20571","LAI CHÂU: Công bố đặc xá (lần 2) của Chủ tịch nước nhân dịp 80 năm Quốc khánh 2/9/2025","Bản tin","published","5","Anh 4.jpg; Anh 5.jpg; Anh 2(1).jpg; Anh 1(1).jpg; Anh 3(1).jpg","/lai-chau-cong-bo-dac-xa-lan-2-cua-chu-tich-nuoc-nhan-dip-80-nam-quoc-khanh-2-9-2025.html"
"20572","LẠNG SƠN: Đẩy mạnh công tác tái hòa nhập cộng đồng trên địa bàn phường Vĩnh Trại, TP. Lạng Sơn","Bản tin","published","1","1-1.jpg","/day-manh-cong-tac-tai-hoa-nhap-cong-dong-tren-dia-ban-phuong-vinh-trai-tp-lang-son.html"
"20573","QUẢNG NINH: Tập huấn nghiệp vụ thi hành án hình sự và tái hòa nhập cộng đồng","Bản tin","published","2","z6993040331444_098ff871ec9a47821319d8902a45ca32.jpg; z6993040411938_b22a17477ec671b76e1d7db86b79d64c.jpg","/tap-huan-nghiep-vu-thi-hanh-an-hinh-su-va-tai-hoa-nhap-cong-dong.html"
"20574","HẢI PHÒNG: CÔNG AN TP HẢI PHÒNG:  Tập huấn công tác thi hành án hình sự tại cộng đồng và tái hòa nhập cộng đồng năm 2025","Bản tin","published","4","09qc.jpg; 09db.jpg; 093d (1).jpg; 09fe.jpg","/cong-an-thanh-pho-hai-phong-tap-huan-cong-tac-thi-hanh-an-hinh-su-tai-cong-dong-va-tai-hoa-nhap-cong-dong-nam-2025.html"
"20575","HÀ TĨNH: Phường Bắc Hồng Lĩnh ra mắt mô hình ""Phường Bắc Hồng Lĩnh kiểu mẫu về công tác thi hành án hình sự tại cộng đồng và tái hoà nhập cộng đồng""","Bản tin","published","12","PGĐ.jpg; 01(4).jpg; 02(2).jpg; 04(2).jpg; 05(3).jpg; 06(2).jpg; 07(2).jpg; 08(2).jpg; 09(3).jpg; 10(1).jpg; 03(4).jpg; 20(1).jpg","/ha-tinh-phuong-bac-hong-linh-ra-mat-mo-hinh-phuong-bac-hong-linh-kieu-mau-ve-cong-tac-thi-hanh-an-hinh-su-tai-cong-dong-va-tai-hoa-nhap-cong-dong.html"
"20576","NINH BÌNH: Công an tỉnh tập huấn công tác thi hành án hình sự tại cộng đồng và tái hoà nhập cộng đồng năm 2025","Bản tin","published","2","NB3.jpg; NB12.jpg","/cong-an-tinh-ninh-binh-tap-huan-cong-tac-thi-hanh-an-hinh-su-tai-cong-dong-va-tai-hoa-nhap-cong-dong-nam-2025.html"
"20577","ĐỒNG THÁP: Tuyên truyền, phổ biến, giáo dục pháp luật về công tác tái hòa nhập cộng đồng trong đợt cao điểm tấn công trấn áp tội phạm","Bản tin","published","3","DSC01898.JPG; 12341.jpg; DSC01896.JPG","/tien-giang-tuyen-truyen-pho-bien-giao-duc-phap-luat-ve-cong-tac-tai-hoa-nhap-cong-dong-trong-dot-cao-diem-tan-cong-tran-ap-toi-pham.html"
"20578","PHÚ THỌ: CÔNG AN TỈNH PHÚ THỌ: Tập huấn công tác thi hành án hình sự tại cộng đồng và  tái hòa nhập cộng đồng năm 2025","Bản tin","published","8","Untitled-1.jpg; z7007484713359_ccfe2e6c619096c1e8ee937da6976011.jpg; z7007484980023_b48a3f540b1b5d2279ee4de9585d061a.jpg; z7007485037747_a2f35a9abfaa687c1e58ac8eda877409.jpg; z7007484903018_b093c77b04255751785f0b3abdc2e825.jpg; z7007490729387_2391d57eeea99b2c7b87c282df301a36.jpg; Vĩnh Phúc cũ.jpg; Vĩnh Phúc-cũ(1).jpg","/cong-an-tinh-phu-tho-tap-huan-cong-tac-thi-hanh-an-hinh-su-tai-cong-dong-va-tai-hoa-nhap-cong-dong-nam-2025.html"
"20579","NINH BÌNH: Công an tỉnh tập huấn công tác thi hành án hình sự tại cộng đồng và tái hoà nhập cộng đồng năm 2025","Bản tin","published","4","01(2)(1).jpg; 02(2)(1).jpg; 03(1)(1).jpg; 04(1)(2).jpg","/cong-an-tinh-tap-huan-cong-tac-thi-hanh-an-hinh-su-tai-cong-dong-va-tai-hoa-nhap-cong-dong-nam-2025.html"
"20580","THANH HÓA: Phường Đông Sơn tổ chức Hội nghị tuyên truyền, cảm hoá, tư vấn việc làm cho người chấp hành xong án phạt tù","Bản tin","published","3","DSC_9695(1).jpg; DSC_9692(1).jpg; 6(153)(1).jpg","/phuong-dong-son-to-chuc-hoi-nghi-tuyen-truyen-cam-hoa-tu-van-viec-lam-cho-nguoi-chap-hanh-xong-an-phat-tu.html"
"20581","LÂM ĐỒNG: Công an xã Quảng Khê hỗ trợ người chấp hành xong án phạt tù vay vốn ưu đãi tái hòa nhập cộng đồng","Bản tin","published","2","a123(1).jpg; b123(1).jpg","/cong-an-xa-quang-khe-ho-tro-nguoi-chap-hanh-xong-an-phat-tu-vay-von-uu-dai-tai-hoa-nhap-cong-dong.html"
"20582","ĐỒNG NAI: PC10 Đồng Nai, thăm, tặng quà người hoàn lương nhân kỷ niệm 80 năm Cách mạng Tháng Tám và Quốc khánh 2/9","Bản tin","published","1","b134.jpg","/tham-tang-qua-nguoi-hoan-luong-nhan-ky-niem-80-nam-cach-mang-thang-tam-va-quoc-khanh-2-9.html"
"20583","ĐỒNG NAI: Công an tỉnh Đông Nai thăm hỏi, động viên người chấp hành xong án phạt tù tại phường An Lộc","Bản tin","published","3","2abc.jpg; 2acd.jpg; 2adf(1).jpg","/pho-giam-doc-cong-an-tinh-nguyen-huy-hai-tham-hoi-dong-vien-nguoi-chap-hanh-xong-an-phat-tu-tai-phuong-an-loc.html"
"20584","ĐỒNG NAI: Công an tỉnh Đồng Nai đã đến thăm hỏi, động viên và tặng quà cho 3 trường hợp CHXAPT, trở về địa phương THNCĐ tại xã Hưng Thịnh","Bản tin","published","4","2agg.jpg; 2abb.jpg; 2acc.jpg; 2aff.jpg","/no-luc-vuot-qua-kho-khan-quyet-tam-lam-lai-cuoc-doi.html"
"20585","ĐỒNG NAI: Công an tỉnh Đồng Nai thăm tặng quà cho người chấp hành xong án phạt tù tại xã Long Hà","Bản tin","published","2","3abc.jpg; 3acd(1).jpg","/pho-giam-doc-cong-an-tinh-nguyen-huy-hai-tham-tang-qua-cho-nguoi-chap-hanh-xong-an-phat-tu-tai-xa-long-ha.html"
"20586","LÀO CAI: Tập huấn công tác tái hòa nhập cộng đồng và thi hành án hình sự tại cộng đồng","Bản tin","published","4","3aaa.jpg; 3abb.jpg; image.jpg; image (1).jpg","/lao-cai-tap-huan-cong-tac-tai-hoa-nhap-va-thi-hanh-an-cong-dong.html"
"20587","TÂY NINH: Sơ kết công tác thi hành án hình sự tại cộng đồng và tái hòa nhập cộng đồng 6 tháng đầu năm 2025","Bản tin","published","2","4aaa.jpeg; 4acc.jpeg","/so-ket-cong-tac-thi-hanh-an-hinh-su-tai-cong-dong-va-tai-hoa-nhap-cong-dong-6-thang-dau-nam-2025.html"
"20588","VĨNH LONG: Công an xã Tân Lược đồng hành cùng địa phương hỗ trợ người chấp hành xong án phạt tù được vay vốn","Bản tin","published","1","5acb.jpg","/cong-an-xa-tan-luoc-dong-hanh-cung-dia-phuong-ho-tro-nguoi-chap-hanh-xong-an-phat-tu-duoc-vay-von.html"
"20589","VĨNH LONG: Quyết tâm sửa đổi tốt sau lần vấp ngã","Bản tin","published","1","vn1.jpg","/quyet-tam-sua-doi-tot-sau-la-vap-nga.html"
"20590","QUẢNG NINH: Công an phường Phong Cốc quan tâm giáo dục, động viên giúp đỡ đối với người chấp hành xong án phạt tù","Bản tin","published","1","fdtyrjyjyjj.jpg","/cong-an-phuong-phong-coc-quan-tam-giao-duc-dong-vien-giup-do-doi-voi-nguoi-chap-hanh-xong-an-phat-tu.html"
"20591","QUẢNG NINH: Công an phường Vàng Danh hỗ trợ, giúp đỡ người được đặc xá trên địa bàn tái hoà nhập cộng đồng","Bản tin","published","1","6acb.jpg","/cong-an-phuong-vang-danh-ho-tro-giup-do-nguoi-duoc-dac-xa-tren-dia-ban-tai-hoa-nhap-cong-dong.html"
"20592","CAO BẰNG: Công an tỉnh tổ chức hội nghị tập huấn công tác thi hành án hình sự tại cộng đồng và tái hòa nhập cộng đồng năm 2025","Bản tin","published","2","5vbm.jpg; 5bcv.jpg","/cong-an-tinh-to-chuc-hoi-nghi-tap-huan-cong-tac-thi-hanh-an-hinh-su-tai-cong-dong-va-tai-hoa-nhap-cong-dong-nam-2025.html"
"20593","BỘ CÔNG AN: Tuyên truyền, tư vấn pháp luật cho các phạm nhân tại Trại giam Vĩnh Quang","Bản tin","published","5","IMG_3037-1758013796086.jpg; IMG_3039-1758014289766.jpg; IMG_3155-1758014341747.jpg; IMG_3159-1758014408052.jpg; IMG_2941-1758014476435.jpg","/tuyen-truyen-tu-van-phap-luat-cho-cac-pham-nhan-tai-trai-giam-vinh-quang.html"
"20595","CẦN THƠ: 46 phạm nhân tại thành phố Cần Thơ được hưởng đặc xá dịp Quốc khánh 2/9","Bản tin","published","5","image_6.png; image_7.png; image_8.png; image_9.png; image_10.png","/46-pham-nhan-tai-thanh-pho-can-tho-duoc-huong-dac-xa-dip-quoc-khanh-2-9.html"
"20596","AN GIANG: Công an tỉnh An Giang tổ chức Lễ công bố Quyết định đặc xá đợt 2/9","Bản tin","published","10","DX4.jpg; DX3.jpg; 1Z6A5656 (1).jpg; DX2.jpg; DX1.jpg; 1Z6A5631.jpg; 1Z6A5639.jpg; 1Z6A5640.jpg; 1Z6A5675(1).jpg; DX (1).jpg","/cong-an-tinh-an-giang-to-chuc-le-cong-bo-quyet-dinh-dac-xa-dot-2-9.html"
"20597","TÂY NINH: Công bố quyết định đặc xá của Chủ tịch nước năm 2025 (đợt 2)","Bản tin","published","3","3a3c16f9-c1bf-4dca-a4fa-a567acaa900c.jpeg; 8d445be4-b7ad-4393-86ee-9a0c0c8dc576.jpeg; e0e6eb32-fe30-4c49-9c7d-40266a107d4a.jpeg","/cong-bo-quyet-dinh-dac-xa-cua-chu-tich-nuoc-nam-2025-dot-2.html"
"20598","ĐỒNG NAI: Công an tỉnh Đồng Nai công bố quyết định đặc xá cho 139 phạm nhân đợt 2 năm 2025","Bản tin","published","13","1asdg.jpg; 2025-09-01_16-14-51.jpg; 2025-09-01_16-18-34 (1).jpg; 2025-09-01_16-18-43 (1).jpg; 2025-09-01_16-19-21 (1).jpg; 2025-09-01_16-19-29.jpg; 2025-09-01_16-20-25.jpg; 2025-09-01_16-20-41.jpg; 2025-09-01_16-20-48.jpg; 2025-09-01_16-20-55.jpg; 2025-09-01_16-21-03.jpg; 2025-09-01_16-17-42.jpg; 2025-09-01_16-17-47.jpg","/cong-an-tinh-dong-nai-cong-bo-quyet-dinh-dac-xa-cho-139-pham-nhan-dot-2-nam-2025.html"
"20599","LÂM ĐỒNG: Ngày trở về của phạm nhân được đặc xá","Bản tin","published","2","5.jpeg; 6.png","/ngay-tro-ve-cua-pham-nhan-duoc-dac-xa.html"
"20600","ĐẮK LẮK: Trại tạm giam số 1 Công an tỉnh Đắk Lắk tổ chức Lễ công bố Quyết định đặc xá và hướng nghiệp cho phạm nhân chuẩn bị tái hòa nhập cộng đồng (01/09/2025)","Bản tin","published","12","image001.png; image002.png; image005.png; image006.png; image007.png; image008(1).png; image009.png; image011(1).jpg; image012.jpg; image013.jpg; image014.png; image015 (1).png","/trai-tam-giam-so-1-cong-an-tinh-dak-lak-to-chuc-le-cong-bo-quyet-dinh-dac-xa-va-huong-nghiep-cho-pham-nhan-chuan-bi-tai-hoa-nhap-cong-dong-01-09-2025.html"
"20601","GIA LAI: Trao Quyết định đặc xá của Chủ tịch nước cho 29 phạm nhân cải tạo tốt","Bản tin","published","3","1_dsc4640.jpg; 2_dsc4660.jpg; 3_dsc4659.jpg","/trao-quyet-dinh-dac-xa-cua-chu-tich-nuoc-cho-29-pham-nhan-cai-tao-tot.html"
"20602","ĐÀ NẴNG: Công bố quyết định đặc xá cho 59 phạm nhân tại các Trại Tạm giam thuộc Công an TP Đà Nẵng","Bản tin","published","5","gen-h-z6966098573441_a0973ecb45d91f7afcd40006a7111754.jpg; gen-h-z6966097442693_db50f1cb691e4be5700d17046daa9049.jpg; gen-n-z6966096537046_1a126436bcd594d63ec905846140af03.jpg; gen-n-z6966096542871_f0357c9f6d876babb326066840cc5626.jpg; gen-n-z6966096564428_097651cfc68fda60f4064d0b9d533bfb.jpg","/cong-bo-quyet-dinh-dac-xa-cho-59-pham-nhan-tai-cac-trai-tam-giam-thuoc-cong-an-tp-da-nang.html"
"20603","PHÚ THỌ: Tổng kiểm tra, rà soát công tác THAHS tại cộng đồng và THNCĐ đối với Công an cấp xã","Bản tin","published","5","z7018801057450_8c7eec87239287934f6545e727a55387.jpg; z7018801067287_e9e7d81a8da439bcb92240e80a526817.jpg; z7018801068394_9871c0a50213cfc0bffc6f55b5aee8fd.jpg; z7018801048749_30d860f7e2adab81e73917da7fa733fe.jpg; z7018808264950_0493af25b960a086d10251f169534b14.jpg","/phu-tho-tong-kiem-tra-ra-soat-cong-tac-thahs-tai-cong-dong-va-thncd-doi-voi-cong-an-cap-xa.html"
"20604","HUẾ: Trại tạm giam Công an TP. Huế công bố Quyết định đặc xá năm 2025","Bản tin","published","3","z6966753940819_97bef0789ac03376bc7e79ee1974ad9d.jpg; z6966753958137_c7ff7893198d7a4aaf464906336dde2c(1).jpg; z6966753958658_393ebc7a358fa59dbdb7919ca6db5f28.jpg","/trai-tam-giam-cong-an-tp-hue-cong-bo-quyet-dinh-dac-xa-nam-2025.html"
"20605"," TÂY NINH: Nâng cao hiệu quả công tác thi hành án hình sự tại cộng đồng","Bản tin","published","2","9290.jpg; 9830.jpg","/nang-cao-hieu-qua-cong-tac-thi-hanh-an-hinh-su-tai-cong-dong.html"
"20606","ĐÀ NẴNG: Phường Hương Trà đồng hành hỗ trợ người tái hòa nhập cộng đồng","Bản tin","published","1","taihoaHt.jpg","/phuong-huong-tra-dong-hanh-ho-tro-nguoi-tai-hoa-nhap-cong-dong.html"
"20607","ĐỒNG NAI: Lãnh đạo Công an tỉnh Đồng Nai tặng quà cho người chấp hành xong án phạt tù trên địa bàn phường Bình Phước","Bản tin","published","1","2agj.jpg","/lanh-dao-cong-an-tinh-dong-nai-tang-qua-cho-nguoi-chap-hanh-xong-an-phat-tu-tren-dia-ban-phuong-binh-phuoc.html"
"20608","NINH BÌNH: Thanh tra Công an tỉnh thanh tra việc chấp hành các quy định của pháp luật về thi hành án hình sự và tái hòa nhập cộng đồng tại các đơn vị cấp xã","Bản tin","published","2","1adt.jpg; 2 - 2025-09-16T172548_826.jpg","/thanh-tra-cong-an-tinh-thanh-tra-viec-chap-hanh-cac-quy-dinh-cua-phap-luat-ve-thi-hanh-an-hinh-su-va-tai-hoa-nhap-cong-dong-tai-cac-don-vi-cap-xa.html"
"20609","ĐÀ NẴNG: Chuyện ươm mầm thiện tại một trại tạm giam","Bản tin","published","1","8ion.jpg","/chuyen-uom-mam-thien-tai-mot-trai-tam-giam.html"
"20610","Chi hội Luật gia Bộ Công an phối hợp đẩy mạnh tư vấn pháp luật cho phạm nhân","Bản tin","published","9","1avg.jpg; chi-hoi-luat-gia-bo-cong-an-phoi-hop-day-manh-tu-van-phap-luat-cho-pham-nhan1-19560616.jpg; chi-hoi-luat-gia-bo-cong-an-phoi-hop-day-manh-tu-van-phap-luat-cho-pham-nhan2-19564552.jpg; chi-hoi-luat-gia-bo-cong-an-phoi-hop-day-manh-tu-van-phap-luat-cho-pham-nhan3-19572379.jpg; chi-hoi-luat-gia-bo-cong-an-phoi-hop-day-manh-tu-van-phap-luat-cho-pham-nhan4-19580326.jpg; chi-hoi-luat-gia-bo-cong-an-phoi-hop-day-manh-tu-van-phap-luat-cho-pham-nhan5-19583780.jpg; chi-hoi-luat-gia-bo-cong-an-phoi-hop-day-manh-tu-van-phap-luat-cho-pham-nhan6-19591252.jpg; chi-hoi-luat-gia-bo-cong-an-phoi-hop-day-manh-tu-van-phap-luat-cho-pham-nhan7-20000742.jpg; chi-hoi-luat-gia-bo-cong-an-phoi-hop-day-manh-tu-van-phap-luat-cho-pham-nhan8-20005404.jpg","/chi-hoi-luat-gia-bo-cong-an-phoi-hop-day-manh-tu-van-phap-luat-cho-pham-nhan.html"
"20611","ĐỒNG THÁP: Người tốt việc tốt","Bản tin","published","3","gen-n-z7013948272507_20143b8c7113c74433b84c5bcd36bdc8(1).jpg; gen-h-z6959864181382_60e944af01d4c229691ad5090cbb3f5a.jpg; gen-n-z7013948284322_867954d8aeb2c926a3d2f8332982004d.jpg","/nguoi-tot-viec-tot.html"
"20612","ĐỒNG THÁP: Câu lạc bộ Người hoàn lương - Điểm tựa cho những mảnh đời lầm lỡ","Bản tin","published","2","gen-h-z6959864181382_60e944af01d4c229691ad5090cbb3f5a(1).jpg; gen-n-z7013948272507_20143b8c7113c74433b84c5bcd36bdc8(2).jpg","/cau-lac-bo-nguoi-hoan-luong-diem-tua-cho-nhung-manh-doi-lam-lo.html"
"20613","GIA LAI: 2 năm ""trao vốn tin"" cho người trở về","Bản tin","published","28","ĐOÀN KIỂM TRA TÍN DỤNG ĐỐI VỚI NGƯỜI CHẤP HÀNH XONG ÁN PHẠT TÙ_00_02_13_02_Still001.jpg; 2 Năm Trao Vốn Tin Cho Người Trở Về_01_51_21_03_Still002.jpg; 2 Năm Trao Vốn Tin Cho Người Trở Về_00_01_34_14_Still019.jpg; 2 Năm Trao Vốn Tin Cho Người Trở Về_00_11_14_12_Still021(1).jpg; 2 Năm Trao Vốn Tin Cho Người Trở Về_00_13_19_05_Still023.jpg; ĐOÀN KIỂM TRA TÍN DỤNG ĐỐI VỚI NGƯỜI CHẤP HÀNH XONG ÁN PHẠT TÙ_00_01_00_00_Still002.jpg; Đoàn 1.jpg; 2 Năm Trao Vốn Tin Cho Người Trở Về_01_52_49_00_Still004.jpg; 2 Năm Trao Vốn Tin Cho Người Trở Về_01_53_33_15_Still003.jpg; 2 Năm Trao Vốn Tin Cho Người Trở Về_01_51_21_03_Still002(1).jpg; 2 Năm Trao Vốn Tin Cho Người Trở Về_02_14_54_22_Still008.jpg; 2 Năm Trao Vốn Tin Cho Người Trở Về_01_14_37_02_Still001.jpg; 2 Năm Trao Vốn Tin Cho Người Trở Về_02_14_23_05_Still007.jpg; 2 Năm Trao Vốn Tin Cho Người Trở Về_02_17_00_04_Still009.jpg; 2 Năm Trao Vốn Tin Cho Người Trở Về_02_18_50_03_Still010.jpg; 2 Năm Trao Vốn Tin Cho Người Trở Về_02_20_59_15_Still012.jpg; 2 Năm Trao Vốn Tin Cho Người Trở Về_00_07_02_20_Still020(2).jpg; 2 Năm Trao Vốn Tin Cho Người Trở Về_02_34_14_22_Still015.jpg; 2 Năm Trao Vốn Tin Cho Người Trở Về_02_36_30_07_Still016.jpg; 2 Năm Trao Vốn Tin Cho Người Trở Về_00_18_52_08_Still026(1).jpg; UBND xã An Nhơn Tây.jpg; Hộ dân 1.jpg; Sử dụng vốn vay để nuôi bò.jpg; UBND phường An Bình.jpg; 2 Năm Trao Vốn Tin Cho Người Trở Về_02_08_18_14_Still005.jpg; Kiểm tra bò ở hộ dân.jpg; 2 Năm Trao Vốn Tin Cho Người Trở Về_02_32_03_07_Still017.jpg; 2 Năm Trao Vốn Tin Cho Người Trở Về_02_11_40_00_Still006.jpg","/gia-lai-2-nam-trao-von-tin-cho-nguoi-tro-ve.html"
"20614","CẦN THƠ: Điểm tựa cho những người từng lầm lỡ hoàn lương","Bản tin","published","1","nhan vat.jpeg","/diem-tua-cho-nhung-nguoi-tung-lam-lo-hoan-luong.html"
"20620"," CÀ MAU: Giúp đỡ người được đặc xá nhanh chóng tái hòa nhập cộng đồng","Bản tin","published","3","7uuk(1).jpg; photo-library-20250918101347-a389015b-1ae7-428e-ad63-ae7de75dc3fb-tuyen-truyen-phap-luat-cho-pham-nhan(1).jpg; photo-library-20250918101347-ca23fe3d-aca0-47c5-8801-d5690fc3f628-tham-hoi-ong-vien-nguoi-chap-hanh-xong-an-phat-tu-tro-ve-ia-phuong(1).jpg","/giup-do-nguoi-duoc-dac-xa-nhanh-chong-tai-hoa-nhap-cong-dong.html"
"20621","LÀO CAI: TRẤN YÊN ĐẤT BỐN MÙA XANH","Bản tin","published","3","548324941_1182297813934810_372372406254731943_n.jpg; 548145755_1182297683934823_568239287514568801_n.jpg; 548481667_1182297697268155_4330711486082950855_n (1).jpg","/bai-viet-cua-tran-yen-dat-bon-mua-xanh.html"
"20622","HƯNG YÊN: Lãnh đạo Công an tỉnh làm việc với Phòng Cảnh sát Thi hành án hình sự và hỗ trợ tư pháp","Bản tin","published","1","pc10.jpg","/dong-chi-dai-ta-pham-thanh-tien-pho-giam-doc-cong-an-tinh-lam-viec-voi-phong-canh-sat-thi-hanh-an-hinh-su-va-ho-tro-tu-phap-cong-an-tinh-hung-yen.html"
"20623","HƯNG YÊN: Phòng GD Ngân hàng Chính sách xã hội (CSXH) Hưng Hà tích cực triển khai, tiếp vốn kịp thời cho người chấp hành xong án phạt tù (CHXAPT)","Bản tin","published","3","95763_giai_ngan_von_vay_tai_diem_giao_dich_xa_hong_minh_09171819.jpg; 95764_moi_nam_anh_nguyen_quang_vinh_thu_2_tu_phai_sang_o_xa_hong_minh_xuat_tren_2_tan_ca_thuong_pham_09180119.jpg; 95765_duoc_vay_von_anh_nguyen_van_do_o_xa_le_quy_don_dau_tu_kinh_doanh_hieu_qua_on_dinh_cuoc_song_gia_dinh_09184019.jpg","/giup-nguoi-lam-lo-tai-hoa-nhap-cong-dong.html"
"20624","ĐÀ NẴNG: Tuyên truyền pháp luật cho người tái hòa nhập cộng đồng tại xã Khâm Đức","Bản tin","published","2","z7020949835479_c6b2ebea73ad8db6fe3fccc59b6ba06d.jpg; z7020949706719_2d4d221ae90e7957f90507f6ee197e71.jpg","/tuyen-truyen-phap-luat-cho-nguoi-tai-hoa-nhap-cong-dong-tai-xa-kham-duc.html"
"20625","QUẢNG NGÃI: CÔNG AN TỈNH KIỂM TRA CÔNG TÁC THI HÀNH ÁN HÌNH SỰ VÀ CÔNG TÁC TÁI HÒA NHẬP CỘNG ĐỒNG TẠI PHƯỜNG ĐỨC PHỔ","Bản tin","published","7","548193598_1121558920079777_6690537576897441859_n.jpg; 546613897_1121558906746445_8236537963947202630_n.jpg; 548193598_1121558920079777_6690537576897441859_n(1).jpg; 547662176_1121558886746447_1347813955981587296_n.jpg; 547956599_1121558966746439_4148771375836670217_n.jpg; 546163230_1121558963413106_3907293764213646660_n.jpg; 546613897_1121558906746445_8236537963947202630_n(1).jpg","/cong-an-tinh-kiem-tra-cong-tac-thi-hanh-an-hinh-su-va-cong-tac-tai-hoa-nhap-cong-dong-tai-duc-pho.html"
"20627","GIA LAI: Kiểm tra công tác triển khai thực hiện tín dụng đối với người chấp hành xong án phạt tù","Bản tin","published","1","1ddb.jpg","/kiem-tra-cong-tac-trien-khai-thuc-hien-tin-dung-doi-voi-nguoi-chap-hanh-xong-an-phat-tu.html"
"20628","LÂM ĐỒNG: Chung tay giúp người lầm lỡ tái hòa nhập cộng đồng","Bản tin","published","4","img_1307.jpg; hinh-1.jpg; hinh-3.jpg; hinh-5.jpg","/lam-dong-chung-tay-giup-nguoi-lam-lo-tai-hoa-nhap-cong-dong.html"
"20629","HỒ CHÍ MINH: Công an TPHCM: Tư vấn tâm lý, xóa bỏ mặc cảm cho người tái hòa nhập cộng đồng","Bản tin","published","6","screenshot_1758292394.jpeg; screenshot_1758292430.jpeg; screenshot_1758292454.jpeg; screenshot_1758292476.jpeg; screenshot_1758292504.jpeg; screenshot_1758292526.jpeg","/cong-an-tphcm-tu-van-tam-ly-xoa-bo-mac-cam-cho-nguoi-tai-hoa-nhap-cong-dong.html"
"20631","QUẢNG NINH: Rà soát nhu cầu vay vốn chương trình tín dụng với người chấp hành xong án phạt tù","Bản tin","published","1","screenshot_1758294380.jpeg","/ra-soat-nhu-cau-vay-von-chuong-trinh-tin-dung-voi-nguoi-chap-hanh-xong-an-phat-tu.html"
"20632","Ngân hàng Nhà nước - Chi nhánh khu vực 2: Cho vay đối với người chấp hành xong án phạt tù","Bản tin","published","1","screenshot_1758294856.jpeg","/cho-vay-doi-voi-nguoi-chap-hanh-xong-an-phat-tu.html"
"20633","THANH HÓA: Hiệu quả từ chương trình tín dụng đối với người chấp hành xong án phạt tù ở xã Yên Thọ","Bản tin","published","1","screenshot_1758295716.jpeg","/hieu-qua-tu-chuong-trinh-tin-dung-doi-voi-nguoi-chap-hanh-xong-an-phat-tu.html"
"20634","HUẾ: Phòng Giao dịch Ngân hàng CSXH Hương Thủy tạo điều kiện cho các đối tượng hoàn lương vay vốn sản xuất, ổn định cuộc sống","Bản tin","published","1","screenshot_1758296452(1).jpeg","/trao-niem-tin-tao-dung-cuoc-song-cho-nguoi-chap-hanh-xong-an-phat-tu-o-phong-giao-dich-ngan-hang-chinh-sach-xa-hoi-nhcsxh-huong-thuy.html"
"20635","LÀO CAI: Tín dụng chính sách là điểm tựa cho người dân","Bản tin","published","2","nhcs-cd2-7746.jpg; nhcs-cd1-6530.jpg","/tin-dung-chinh-sach-la-diem-tua-cho-nguoi-dan.html"
"20636","HÀ TĨNH: Định hướng nghề nghiệp, giới thiệu việc làm cho người được đặc xá","Bản tin","published","4","z7031262024650_a57d2a1f799f1bc7700125dbdbea9b72.jpg; z7031262193197_4ed623e91faf284fca57cd6c08d17a2f.jpg; z7031262040294_2bd445a1866bd2216987bb93650e8369.jpg; z7031262004023_8151e406064d42fc94a9e74b49810511.jpg","/ha-tinh-dinh-huong-nghe-nghiep-gioi-thieu-viec-lam-cho-nguoi-duoc-dac-xa.html"
"20637","ĐỒNG NAI: Tuyên truyền và tư vấn nghề nghiệp cho người CHXAPT cư trú trên địa bàn phường Bình Phước","Bản tin","published","5","2025-09-20_08-51-46(1).jpg; 2025-09-20_08-52-15(1).jpg; 2025-09-20_08-52-57(1).jpg; 2025-09-20_08-53-30(1).jpg; 2025-09-20_08-54-12(1).jpg","/tuyen-truyen-va-tu-van-nghe-nghiep-cho-hon-100-nguoi-chap-hanh-xong-an-phat-tu-cu-tru-tren-dia-ban-phuong-binh-phuoc.html"
"20638","ĐỒNG NAI: Công an xã Đại Phước phối hợp tổ chức tuyên truyền, hỗ trợ tái hòa nhập cộng đồng cho người chấp hành xong án phạt tù","Bản tin","published","1","8KKK.jpg","/cong-an-xa-dai-phuoc-phoi-hop-to-chuc-tuyen-truyen-ho-tro-tai-hoa-nhap-cong-dong-cho-nguoi-chap-hanh-xong-an-phat-tu.html"
"20640","QUẢNG NINH Công an xã Kỳ Thượng tiếp nhận, giúp đỡ công dân đặc xá tái hòa nhập cộng đồng","Bản tin","published","1","1000007061.jpg","/cong-an-xa-ky-thuong-tiep-nhan-giup-do-cong-dan-dac-xa-tai-hoa-nhap-cong-dong.html"
"20641","VĨNH LONG: Ngân hàng Chính sách Xã hội Châu Thành giải ngân vốn vay cho người chấp hành xong án phạt tù","Bản tin","published","3","screenshot_1758679946.png; screenshot_1758679713.png; screenshot_1758679497.png","/ngan-hang-chinh-sach-xa-hoi-chau-thanh-giai-ngan-von-vay-cho-nguoi-chap-hanh-xong-an-phat-tu.html"
"20642","CẦN THƠ: Ngân hàng CSXH Cần Thơ-Nhịp cầu an sinh giữa lòng đô thị miền Tây","Bản tin","published","2","z6814126518351f416134d3d06babd1fcd7089169c5095-1752747374712195054000.jpg; z6812856580769cfed6ed694d51bc93e26747e6d8d07f3-1752747511388930410373.jpg","/ngan-hang-csxh-can-tho-nhip-cau-an-sinh-giua-long-do-thi-mien-tay.html"
"20643","VĨNH LONG: Tập huấn công tác thi hành án hình sự tại cộng đồng  và công tác tái hòa nhập cộng đồng năm 2025","Bản tin","published","3","aaaaa.png; aaaab.png; aaaac.png","/vinh-long-tap-huan-cong-tac-thi-hanh-an-hinh-su-tai-cong-dong-va-cong-tac-tai-hoa-nhap-cong-dong-nam-2025.html"
"20644","THANH HÓA: Công an xã Trung Sơn dùng mạng xã hội để giúp đỡ mọi người (Việc tử tế_VTV24)_28.09.2025","Tấm gương tiêu biểu","published","2","screenshot_1759063072.jpeg; Lang Mỹ Xá_00_09_53_02_Still006.jpg","/thanh-hoa-cong-an-xa-trung-son-dung-mang-xa-hoi-de-giup-do-moi-nguoi-viec-tu-te-vtv24-28092025.html"
"20645","THÁI NGUYÊN: Công an tỉnh tổ chức lớp tập huấn chuyên sâu cho Công an cấp xã","Bản tin","published","4","05(4).jpg; b87.jpg; 04(3).jpg; 01(5).jpg","/thai-nguyen-cong-an-tinh-to-chuc-lop-tap-huan-chuyen-sau-cho-cong-an-cap-xa.html"
"20646","LÀO CAI: Công an tỉnh Lào Cai nâng cao hiệu quả công tác tái hòa nhập cộng đồng, góp phần giữ vững an ninh, trật tự","Bản tin","published","5","gen-h-H1-625031.jpg; gen-h-H2-048241.jpg; gen-h-H3-677582.jpg; gen-o-H4.jpg; gen-h-H5-757432(1).jpg","/lao-cai-cong-an-tinh-lao-cai-nang-cao-hieu-qua-cong-tac-tai-hoa-nhap-cong-dong-gop-phan-giu-vung-an-ninh-trat-tu.html"
"20651","LAI CHÂU: Tuyên truyền, phổ biến, giáo dục pháp luật cho 150 người chấp hành xong án phạt tù","Bản tin","published","3","112-jpg.jpg; 1123-jpg.jpg; 11-jpg (1).jpg","/lai-chau-tuyen-truyen-pho-bien-giao-duc-phap-luat-cho-150-nguoi-chap-hanh-xong-an-phat-tu.html"
"20652","SƠN LA: Ngày 23/9, tại xã Phù Yên, Cơ quan thi hành án hình sự Công an tỉnh Sơn La đã tổ chức Hội nghị tập huấn công tác thi hành án hình sự và tái hòa nhập cộng đồng năm 2025.","Bản tin","published","2","9qqq.jpeg; screenshot_1759466246.jpeg","/son-la-ngay-23-9-tai-xa-phu-yen-co-quan-thi-hanh-an-hinh-su-cong-an-tinh-son-la-da-to-chuc-hoi-nghi-tap-huan-cong-tac-thi-hanh-an-hinh-su-va-tai-hoa-nhap-cong-dong-nam-2025.html"
"20653","QUẢNG NGÃI: ""Cầu nối"" cho phạm nhân và người chấp hành xong án phạt tù tái hòa nhập cộng đồng","Bản tin","published","4","screenshot_1759467119.jpeg; screenshot_1759467078.jpeg; screenshot_1759467143.jpeg; screenshot_1759467164.jpeg","/quang-ngai-cau-noi-cho-pham-nhan-va-nguoi-chap-hanh-xong-an-phat-tu-tai-hoa-nhap-cong-dong.html"
"20655","PHÚ THỌ: Lễ ra mắt mô hình “Nâng cao hiệu quả quản lý, giáo dục,  giúp đỡ người lầm lỗi tái hòa nhập cộng đồng”","Bản tin","published","3","od-1.jpg; Uti1.jpg; z7118409070163_dfe10f027bfbdeb71811b08b48be5839.jpg","/phu-tho-le-ra-mat-mo-hinh-nang-cao-hieu-qua-quan-ly-giao-duc-giup-do-nguoi-lam-loi-tai-hoa-nhap-cong-dong.html"
"20656","Hà Tĩnh: TẤM LÒNG NHÂN ÁI – ĐỠ ĐẦU CON EM NGƯỜI TÁI HÒA NHẬP CỘNG ĐỒNG VƯỢT KHÓ VƯƠN LÊN","Bản tin","published","3","z7133204375731_1ade270d8ec903ff950a9cfbf9899e05.jpg; z7133204363248_c46856bcbf0a038607146dad06e4ce34.jpg; z7133205758557_9ae8a6386fcf82cc291dfd53b95e959b.jpg","/ha-tinh-tam-long-nhan-ai-do-dau-con-em-nguoi-tai-hoa-nhap-cong-dong-vuot-kho-vuon-len.html"
"20657","TP HUẾ: KIỂM TRA TOÀN DIỆN CÔNG TÁC THI HÀNH ÁN HÌNH SỰ TẠI CỘNG ĐỒNG VÀ TÁI HÒA NHẬP CỘNG ĐỒNG NĂM 2025","Bản tin","published","4","z7163415361551_47cbef40f9e6750b03492bc31f444779.jpg; z7163415366617_82f5aa4ad96fa01b92e927f6364f2b84.jpg; z7163415616281_ce14c55cba20ea49ca056cfddcf3287d.jpg; z7163415610650_9248cb05d6655ef21f01ebf84d681cc7.jpg","/tp-hue-kiem-tra-toan-dien-cong-tac-thi-hanh-an-hinh-su-tai-cong-dong-va-tai-hoa-nhap-cong-dong-nam-2025.html"
"20658","Phú Thọ: Rà soát nhu cầu vay vốn chương trình tín dụng  đối với người chấp hành xong án phạt tù","Bản tin","published","2","Artboard 1.jpg; Artboard 1 1.jpg","/phu-tho-ra-soat-nhu-cau-vay-von-chuong-trinh-tin-dung-doi-voi-nguoi-chap-hanh-xong-an-phat-tu.html"
"20660","THANH HOÁ: Tập huấn công tác thi hành án hình sự tại cộng đồng và công tác tái hoà nhập cộng đồng năm 2025","Bản tin","published","2","ảnh 2638970903866647880(1).jpg; ảnh 1638970904298719739.jpg","/thanh-hoa-tap-huan-cong-tac-thi-hanh-an-hinh-su-tai-cong-dong-va-cong-tac-tai-hoa-nhap-cong-dong-nam-2025.html"
"20661","LÀO CAI: Công an tỉnh Lào Cai nâng cao hiệu quả công tác tái hòa nhập cộng đồng, góp phần giữ vững an ninh, trật tự","Bản tin","published","5","gen-h-H1-625031(1).jpg; gen-h-H2-048241(1).jpg; gen-h-H3-677582(1).jpg; gen-o-H4(1).jpg; gen-h-H5-757432(2).jpg","/lao-cai-cong-an-tinh-lao-cai-nang-cao-hieu-qua-cong-tac-tai-hoa-nhap-cong-dong-gop-phan-giu-vung-an-ninh-trat-tu.html"
"20662","BẮC NINH: Hội nghị tuyên truyền, phổ biến pháp luật thi hành án hình sự và tái hoà nhập cộng đồng","Bản tin","published","6","rgdfgf (1).jpg; z7117485033271_ff8db598fa5c67e1bba0fc9adceb75c5.jpg; z7117485040513_9dd33a4309d4174e66571f24f789f25f.jpg; z7117485038968_12b28b7eb83b639b9cbc0dfe47c49aad.jpg; z7117485034772_9230085de3060916344cb8d4f245cc18.jpg; z7117459284247_1cc4b4daee02c7b412055b107582261a.jpg","/bac-ninh-hoi-nghi-tuyen-truyen-pho-bien-phap-luat-thi-hanh-an-hinh-su-va-tai-hoa-nhap-cong-dong.html"
"20663","THANH HÓA: Công an tỉnh Thanh Hóa tổ chức Hội nghị tập huấn nghiệp vụ công tác thi hành án dân sự và tái hòa nhập cộng đồng năm 2025","Bản tin","published","9","AKL123.jpg; z7150744235345_3a8cbd473e52bf38c23d8962230a8f5c638970215460455445.jpg; z7150744066909_b88c98c7b5818141f2c08709a98a06e1638970215747626186(1).jpg; z7150744293799_fa947052153348ebdafd8b05ba68e8e2638970216083203809.jpg; z7150744012497_55e96e3c357e8004a89d94974480ef7d638970216381742979.jpg; z7150743885294_696b4703a6251b2d8281b383dc6a3bec638970216691287988.jpg; z7150744177306_81126f7f56270015331f5e9c76321bd7638970216990521297(1).jpg; z7150744539662_d0d4d770dc815f1a5e6db52ce1d8a614638970217274536064.jpg; z7150744419351_5a097a95d3749943adc052a18bfdafde638970217489083810.jpg","/thanh-hoa-cong-an-tinh-thanh-hoa-to-chuc-hoi-nghi-tap-huan-nghiep-vu-cong-tac-thi-hanh-an-dan-su-va-tai-hoa-nhap-cong-dong-nam-2025.html"
"20664","HÀ TĨNH: Phường Bắc Hồng Lĩnh ra mắt mô hình “Kiểu mẫu về công tác thi hành án hình sự tại cộng đồng và tái hòa nhập cộng đồng”","Bản tin","published","6","A1234.jpeg; 68c4dcb2f32bf.jpeg; 68c4dcd33dbba.jpeg; 68c4dce0313e7.jpeg; 68c4dd97d94d7.jpeg; 68c4dd67c955e.jpeg","/ha-tinh-phuong-bac-hong-linh-ra-mat-mo-hinh-kieu-mau-ve-cong-tac-thi-hanh-an-hinh-su-tai-cong-dong-va-tai-hoa-nhap-cong-dong.html"
"20665","QUẢNG TRỊ: Ra mắt mô hình “ Giáo dục, giúp đỡ người tái hòa nhập cộng đồng”, trên địa bàn phường Đông Hà","Bản tin","published","9","IMG_9956.jpg; IMG_9963-e1761835833290.jpg; IMG_9959-e1761835929759.jpg; IMG_9967-e1761835880732.jpg; IMG_9971-e1761836203909.jpg; IMG_9982-e1761836089683.jpg; IMG_9999-e1761835699153.jpg; IMG_0018 (1).jpg; IMG_0011.jpg","/quang-tri-ra-mat-mo-hinh-giao-duc-giup-do-nguoi-tai-hoa-nhap-cong-dong-tren-dia-ban-phuong-dong-ha.html"
"20666","HUẾ: Chương trình tín dụng dành cho người chấp hành xong án phạt tù: “Điểm tựa” cho người lầm lỡ tái hòa nhập cộng đồng","Bản tin","published","1","z7086242184619_da555a33243a073060ba477a7124c2eb.jpg","/hue-chuong-trinh-tin-dung-danh-cho-nguoi-chap-hanh-xong-an-phat-tu-diem-tua-cho-nguoi-lam-lo-tai-hoa-nhap-cong-dong.html"
"20667","ĐÀ NẴNG: Nỗ lực triển khai công tác tái hòa nhập cộng đồng trên địa bàn xã Trà Liên","Bản tin","published","2","AGHL1.jpg; Quang canh Hoi nghi (1).jpg","/da-nang-no-luc-trien-khai-cong-tac-tai-hoa-nhap-cong-dong-tren-dia-ban-xa-tra-lien.html"
"20668","ĐÀ NẴNG: Đà Nẵng có nhiều mô hình tái hòa nhập cộng đồng hoạt động hiệu quả","Bản tin","published","1","4c.jpg","/da-nang-da-nang-co-nhieu-mo-hinh-tai-hoa-nhap-cong-dong-hoat-dong-hieu-qua.html"
"20669","CÀ MAU: Kết quả bước đầu thực hiện tái hòa nhập cộng đồng cho người được đặc xá năm 2025 (đợt 2) về cư trú trên địa bàn tỉnh Cà Mau","Bản tin","published","1","A112(1).jpg","/ca-mau-ket-qua-buoc-dau-thuc-hien-tai-hoa-nhap-cong-dong-cho-nguoi-duoc-dac-xa-nam-2025-dot-2-ve-cu-tru-tren-dia-ban-tinh-ca-mau.html"
"20670","ĐỒNG NAI: Công an tỉnh Đồng Nai tổ chức Hội nghị trực tuyến Sơ kết công tác Quý III/2025 trong lĩnh vực tạm giữ, tạm giam, thi hành án hình sự và hỗ trợ tư pháp","Bản tin","published","4","123AAA.jpeg; 123AAB.jpeg; 123AAC.jpeg; 123AAD.jpeg","/dong-nai-cong-an-tinh-dong-nai-to-chuc-hoi-nghi-truc-tuyen-so-ket-cong-tac-quy-iii-2025-trong-linh-vuc-tam-giu-tam-giam-thi-hanh-an-hinh-su-va-ho-tro-tu-phap.html"
"20672","ĐỒNG THÁP: Xã Long Bình: Giúp người hoàn lương tái hòa nhập cộng đồng","Bản tin","published","3","2AAC.jpg; 2AAD.jpg; 2AAV.jpg","/dong-thap-xa-long-binh-giup-nguoi-hoan-luong-tai-hoa-nhap-cong-dong.html"
"20673","GIA LAI: Công an xã Vạn Đức làm tốt công tác tái hòa nhập cộng đồng.","Bản tin","published","2","1_140.jpg; 2_122.jpg","/gia-lai-cong-an-xa-van-duc-lam-tot-cong-tac-tai-hoa-nhap-cong-dong.html"
"20674","GIA LAI: Quan tâm, giúp đỡ người lầm lỡ tái hòa nhập cộng đồng để “không ai bị bỏ lại phía sau”.","Bản tin","published","3","3_86.jpg; 1_141.jpg; 2_123.jpg","/gia-lai-quan-tam-giup-do-nguoi-lam-lo-tai-hoa-nhap-cong-dong-de-khong-ai-bi-bo-lai-phia-sau.html"
"20675","KHÁNH HÒA: Cơ quan thi hành án hình sự Công an tỉnh Khánh Hòa tổ chức tuyên truyền tái hòa nhập cộng đồng cho người chấp hành xong án án phạt tù, người được đặc xá năm 2025 tại phường Nam Nha Trang","Bản tin","published","2","12Q.jpg; http_18102.jpg","/khanh-hoa-co-quan-thi-hanh-an-hinh-su-cong-an-tinh-khanh-hoa-to-chuc-tuyen-truyen-tai-hoa-nhap-cong-dong-cho-nguoi-chap-hanh-xong-an-an-phat-tu-nguoi-duoc-dac-xa-nam-2025-tai-phuong-nam-nha-trang.html"
"20676","LÂM ĐỒNG: Công an phường Đông Gia Nghĩa đẩy mạnh tuyên truyền, giáo dục pháp luật, hỗ trợ tái hòa nhập cộng đồng","Bản tin","published","3","15(2).jpg; 16(1).jpg; 17(2).jpg","/lam-dong-cong-an-phuong-dong-gia-nghia-day-manh-tuyen-truyen-giao-duc-phap-luat-ho-tro-tai-hoa-nhap-cong-dong.html"
"20677","LÂM ĐỒNG: Xã Hiệp Thạnh tổ chức hội nghị tuyên truyền, phổ biến, giáo dục pháp luật về thi hành án hình sự và tái hòa nhập cộng đồng","Bản tin","published","3","10(2).jpg; 11 (1).jpg; 12(3).jpg","/lam-dong-xa-hiep-thanh-to-chuc-hoi-nghi-tuyen-truyen-pho-bien-giao-duc-phap-luat-ve-thi-hanh-an-hinh-su-va-tai-hoa-nhap-cong-dong.html"
"20678","LÂM ĐỒNG: Công an xã Quảng Khê hỗ trợ người chấp hành xong án phạt tù vay vốn ưu đãi tái hòa nhập cộng đồng","Bản tin","published","2","43.jpg; 44.jpg","/lam-dong-cong-an-xa-quang-khe-ho-tro-nguoi-chap-hanh-xong-an-phat-tu-vay-von-uu-dai-tai-hoa-nhap-cong-dong.html"
"20679","PHÚ THỌ: Ra mắt mô hình “Nâng cao hiệu quả quản lý, giáo dục, giúp đỡ người lầm lỗi tái hòa nhập cộng đồng” tại xã Đào Xá (15/10/2025)","Bản tin","published","2","2daoxa161025.jpg; 3daoxa161025.jpg","/phu-tho-ra-mat-mo-hinh-nang-cao-hieu-qua-quan-ly-giao-duc-giup-do-nguoi-lam-loi-tai-hoa-nhap-cong-dong-tai-xa-dao-xa-15-10-2025.html"
"20680","PHÚ THỌ: Phòng Cảnh sát Thi hành án hình sự và Hỗ trợ tư pháp Tổng kiểm tra công tác thi hành án hình sự tại cộng đồng và tái hòa nhập cộng đồng đối với Công an cấp xã năm 2025 (04/10/2025)","Bản tin","published","2","anh3-pc10.jpg; anh5-pc10.jpg","/phu-tho-phong-canh-sat-thi-hanh-an-hinh-su-va-ho-tro-tu-phap-tong-kiem-tra-cong-tac-thi-hanh-an-hinh-su-tai-cong-dong-va-tai-hoa-nhap-cong-dong-doi-voi-cong-an-cap-xa-nam-2025-04-10-2025.html"
"20681","PHÚ THỌ: Công an xã Vĩnh Phú giúp người lầm lỡ tái hòa nhập cộng đồng (07/10/2025)","Bản tin","published","5","IMG_6575.jpeg; IMG_6585.jpeg; IMG_6587.jpeg; IMG_6592.jpeg; IMG_6598.jpeg","/phu-tho-cong-an-xa-vinh-phu-giup-nguoi-lam-lo-tai-hoa-nhap-cong-dong-07-10-2025.html"
"20682","QUẢNG NINH: Tăng cường giáo dục pháp luật cho người tái hoà nhập cộng đồng trên địa bàn phường Mông Dương","Bản tin","published","1","quang-canh-hoi-nghi-tuyen-truyen.jpg","/quang-ninh-tang-cuong-giao-duc-phap-luat-cho-nguoi-tai-hoa-nhap-cong-dong-tren-dia-ban-phuong-mong-duong.html"
"20683","VĨNH LONG: CÔNG AN PHƯỜNG AN HỘI TỔ CHỨC GẶP MẶT, HƯỚNG NGHIỆP, TÍN DỤNG CHO NGƯỜI TÁI HÒA NHẬP CỘNG ĐỒNG","Bản tin","published","1","1QWW.jpeg","/vinh-long-cong-an-phuong-an-hoi-to-chuc-gap-mat-huong-nghiep-tin-dung-cho-nguoi-tai-hoa-nhap-cong-dong.html"
"20684","Cho vay đối với người chấp hành xong án phạt tù: Chương trình tín dụng nhân văn","Bản tin","published","6","2 Năm Trao Vốn Tin Cho Người Trở Về_00_18_52_08_Still026(1).jpg; 197A6878_MOV_11_52_30_12_Still001.jpg; anh 05 9 5(1).jpg; 04.png; screenshot_1758296452(1).jpeg; IMG_6598.jpeg","/cho-vay-doi-voi-nguoi-chap-hanh-xong-an-phat-tu-chuong-trinh-tin-dung-nhan-van.html"
"20685","THANH HÓA: “Điểm tựa” cho người lầm lỡ tái hòa nhập cộng đồng","Bản tin","published","1","2AAC.jpeg","/thanh-hoa-diem-tua-cho-nguoi-lam-lo-tai-hoa-nhap-cong-dong.html"
"20686","QUẢNG BÌNH: Mở lối cho người hoàn lương","Bản tin","published","2","ABC12.jpeg; ABC111.jpeg","/quang-binh-mo-loi-cho-nguoi-hoan-luong.html"
"20687","BÌNH ĐỊNH: Triển khai chương trình cho vay người chấp hành xong án phạt tù theo Quyết định số 22/2023/QĐ-TTg ngày 17/8/2023 của Thủ tướng Chính phủ về tín dụng đối với người chấp hành xong án phạt tù","Bản tin","published","1","ubnd30102023005(1).jpg","/binh-dinh-trien-khai-chuong-trinh-cho-vay-nguoi-chap-hanh-xong-an-phat-tu-theo-quyet-dinh-so-22-2023-qd-ttg-ngay-17-8-2023-cua-thu-tuong-chinh-phu-ve-tin-dung-doi-voi-nguoi-chap-hanh-xong-an-phat-tu.html"
"20688","ĐỒNG NAI: TĂNG CƯỜNG PHỐI HỢP TRIỂN KHAI TÍN DỤNG CHÍNH SÁCH THEO QĐ22/2023/QĐ-TTG QUYẾT ĐỊNH VỀ TÍN DỤNG ĐỐI VỚI NGƯỜI CHẤP HÀNH XONG ÁN PHẠT TÙ.","Bản tin","published","1","1_1.jpg","/dong-nai-tang-cuong-phoi-hop-trien-khai-tin-dung-chinh-sach-theo-qd22-2023-qd-ttg-quyet-dinh-ve-tin-dung-doi-voi-nguoi-chap-hanh-xong-an-phat-tu.html"
"20689","GIA LAI: Tiếp tục cho vay tín dụng chính sách đối với người chấp hành xong án phạt tù","Bản tin","published","1","AHJ1.jpeg","/gia-lai-tiep-tuc-cho-vay-tin-dung-chinh-sach-doi-voi-nguoi-chap-hanh-xong-an-phat-tu.html"
"20690","ĐẮK LẮK: Hỗ trợ kinh tế - Đồng hành cùng người chấp hành xong án phạt tù tái hòa nhập cộng đồng","Bản tin","published","1","61.jpeg","/gia-lai-ho-tro-kinh-te-dong-hanh-cung-nguoi-chap-hanh-xong-an-phat-tu-tai-hoa-nhap-cong-dong.html"
"20691","PHÚ THỌ: Ký quy chế phối hợp thực hiện tín dụng đối với người chấp hành xong án phạt tù","Bản tin","published","3","img_4362.jpg; img_4384.jpg; img_4414.jpg","/phu-tho-ky-quy-che-phoi-hop-thuc-hien-tin-dung-doi-voi-nguoi-chap-hanh-xong-an-phat-tu.html"
"20692","QUẢNG NINH: Cho vay vốn đối với người chấp hành xong án phạt tù","Bản tin","published","2","010.jpeg; 50041.jpeg","/quang-ninh-cho-vay-von-doi-voi-nguoi-chap-hanh-xong-an-phat-tu.html"
"20693","THÁI NGUYÊN: Tín dụng chính sách: Nhịp cầu cho những hành trình mới","Bản tin","published","2","ngan-hang-1_20251024084545.jpg; 37.jpeg","/thai-nguyen-tin-dung-chinh-sach-nhip-cau-cho-nhung-hanh-trinh-moi.html"
"20694","CAO BẰNG: 191 khách hàng được vay vốn ưu đãi dành cho người chấp hành xong án phạt tù","Bản tin","published","2","anh-8-2.jpg; untitled.jpg","/cao-bang-191-khach-hang-duoc-vay-von-uu-dai-danh-cho-nguoi-chap-hanh-xong-an-phat-tu.html"
"20695","CẦN THƠ: Ký kết chương trình phối hợp thực hiện tín dụng đối với người chấp hành xong án phạt tù","Bản tin","published","1","06969.jpeg","/can-tho-ky-ket-chuong-trinh-phoi-hop-thuc-hien-tin-dung-doi-voi-nguoi-chap-hanh-xong-an-phat-tu.html"
"20696","HUẾ: Hỗ trợ người chấp hành xong án phạt tù vay vốn phát triển kinh tế","Bản tin","published","1","ho-tro.jpg","/hue-ho-tro-nguoi-chap-hanh-xong-an-phat-tu-vay-von-phat-trien-kinh-te.html"
"20697","PHÚ THỌ: Xã Thọ Phú ra mắt mô hình “Chung tay, đồng hành, giúp đỡ người chấp hành xong hình phạt tù tái hòa nhập cộng đồng”; Tuyên truyền, cảm hoá, giáo dục pháp luật và hỗ trợ tái hoà nhập cộng đồng cho người chấp hành xong án phạt tù trên địa bàn xã năm 2025","Bản tin","published","9","z7176172916168_fd9a05c0f24aed852e2883a3302154d6638975442577201328.jpg; z7176172909891_9c796b50984711d5ab6923e341a9c6b4638975442797542094.jpg; z7176172925105_6f97b9f30ff855884d674f3ee35030c6638975443385314373.jpg; z7176172918904_e90a17250d0df27391b21035c24cadfd638975443531715862.jpg; z7176172909313_40246a20b7235fef442738a5da8c3380638975443926328179.jpg; z7176172926378_ddf3d4ad16ae6d911aafcf95fc506383638975444445437229.jpg; z7176172926606_0c33b887f81a1a6b9f8a80c26bc38261638975445001577209.jpg; z7176172940872_e9972d910e014b15ae5923f62150cd17638975445289844572.jpg; z7176172918343_6ca9e09e52ad25aaad21124d4cd521bc638975445691436171.jpg","/phu-tho-xa-tho-phu-ra-mat-mo-hinh-chung-tay-dong-hanh-giup-do-nguoi-chap-hanh-xong-hinh-phat-tu-tai-hoa-nhap-cong-dong-tuyen-truyen-cam-hoa-giao-duc-phap-luat-va-ho-tro-tai-hoa-nhap-cong-dong-cho-nguoi-chap-hanh-xong-an-phat-tu-tren-dia-ban-xa-nam-2025.html"
"20698","SƠN LA: Bước qua lỗi lầm","Bản tin","published","1","Anh_2_1_1-1762225359915.jpg","/son-la-buoc-qua-loi-lam.html"
"20699","QUẢNG NINH: Công an phường Bình Khê thăm hỏi, động viên người chấp hành xong án tái hòa nhập cộng đồng","Bản tin","published","1","picture1_22.jpg","/quang-ninh-cong-an-phuong-binh-khe-tham-hoi-dong-vien-nguoi-chap-hanh-xong-an-tai-hoa-nhap-cong-dong.html"
"20700","HUẾ: TRAO NIỀM TIN - TẠO DỰNG CUỘC SỐNG CHO NGƯỜI CHẤP HÀNH XONG ÁN PHẠT TÙ Ở PHÒNG GIAO DỊCH NGÂN HÀNG CHÍNH SÁCH XÃ HỘI (NHCSXH) HƯƠNG THỦY.","Bản tin","published","1","20.jpeg","/hue-trao-niem-tin-tao-dung-cuoc-song-cho-nguoi-chap-hanh-xong-an-phat-tu-o-phong-giao-dich-ngan-hang-chinh-sach-xa-hoi-nhcsxh-huong-thuy.html"
"20701","LAI CHÂU: Hỗ trợ người chấp hành xong án phạt tù sớm ổn định cuộc sống","Bản tin","published","3","lai-chau3-031025.jpg; lai-chau2-031025.jpg; lai-chau-031025.jpg","/lai-chau-ho-tro-nguoi-chap-hanh-xong-an-phat-tu-som-on-dinh-cuoc-song.html"
"20702","LAI CHÂU: Pu Sam Cáp: Hơn 50 người chấp hành xong án phạt tù được tuyên truyền, phổ biến pháp luật","Bản tin","published","1","image-20250923145241-1.jpeg","/lai-chau-pu-sam-cap-hon-50-nguoi-chap-hanh-xong-an-phat-tu-duoc-tuyen-truyen-pho-bien-phap-luat.html"
"20703","THANH HÓA : 'Điểm tựa' giúp người chấp hành xong án phạt tù sớm hòa nhập cộng đồng","Bản tin","published","3","53.jpeg; an1-24925.jpg; an2-24925.jpg","/thanh-hoa-diem-tua-giup-nguoi-chap-hanh-xong-an-phat-tu-som-hoa-nhap-cong-dong.html"
"20704","HÀ NỘI: Thông tin chỉ đạo, điều hành của UBND Thành phố, Chủ tịch UBND thành phố Hà Nội (ngày 03/11/2025)","Tấm gương tiêu biểu","published","1","1762496751(1).jpeg","/ha-noi-thong-tin-chi-dao-dieu-hanh-cua-ubnd-thanh-pho-chu-tich-ubnd-thanh-pho-ha-noi-ngay-03-11-2025.html"
"20705","HÀ NỘI: Tạo sinh kế cho người lầm lỗi","Bản tin","published","1","B_3F_d_3F_2-1762389418175.jpg","/ha-noi-tao-sinh-ke-cho-nguoi-lam-loi.html"
"20706","THANH HÓA: UBND phường Đào Duy Từ tổ chức Hội nghị tuyên truyền pháp luật, cảm hoá, giáo dục, tư vấn việc làm cho người chấp hành xong án phạt tù và người chấp hành án hình sự tại cộng đồng","Bản tin","published","7","z7090709079719_36fb37e4710194c11ba0f57e90d32244638955057553794511.jpg; z7090747674617_43b0be01cac036922c508d8e1978dca4638955058270178742.jpg; z7090698828279_c4773ea196c3bea29d37cabcd5ddeb8a638955058960180169.jpg; z7090718375454_67004d261a619315110d82cda3b105f7638955059155024458.jpg; z7090713316892_d6ff2a72aaa6ce23dad6e5b06a54d767638955059373462469.jpg; z7090723269978_e0c5aa3104d673e0e5f9e6f9d4974215638955059574591530.jpg; z7090958422329_475b514f37f048d4ff9de5b214f6b1cf638955060478234132.jpg","/thanh-hoa-ubnd-phuong-dao-duy-tu-to-chuc-hoi-nghi-tuyen-truyen-phap-luat-cam-hoa-giao-duc-tu-van-viec-lam-cho-nguoi-chap-hanh-xong-an-phat-tu-va-nguoi-chap-hanh-an-hinh-su-tai-cong-dong.html"
"20707","VĨNH LONG: Chính sách giảm nghèo: Mở đường cho cuộc sống bình yên sau lầm lỡ","Bản tin","published","3","1753-gn-1-211703_298.jpg; khi-nguoi-hoan-luong-thoat-ngheo-ben-vung-212959_619.jpg; 5455-khi-nguoi-hoan-luong-thoat-ngheo-ben-vung-215420_364.jpg","/vinh-long-chinh-sach-giam-ngheo-mo-duong-cho-cuoc-song-binh-yen-sau-lam-lo.html"
"20708","CÀ MAU: Người chấp hành xong án phạt tù tiếp cận, sử dụng nguồn vốn vay theo Quyết định 22/2023/QĐ-TTg của Thủ tướng Chính phủ","Bản tin","published","1","f.png","/ca-mau-nguoi-chap-hanh-xong-an-phat-tu-tiep-can-su-dung-nguon-von-vay-theo-quyet-dinh-22-2023-qd-ttg-cua-thu-tuong-chinh-phu.html"
"20709","THANH HÓA: Cho vay vốn, tạo sinh kế cho người chấp hành xong án phát tù hoàn lương","Bản tin","published","2","hotroth.jpg; vayvon(1).jpg","/thanh-hoa-cho-vay-von-tao-sinh-ke-cho-nguoi-chap-hanh-xong-an-phat-tu-hoan-luong.html"
"20710","Phú Thọ: CÔNG AN XÃ – LỰC LƯỢNG NÒNG CỐT XÂY DỰNG MÔ HÌNH TÁI HÒA NHẬP CỘNG ĐỒNG TRÊN ĐỊA BÀN TỈNH","Bản tin","published","2","Untitled-1(1).jpg; Untid-1.jpg","/phu-tho-cong-an-xa-luc-luong-nong-cot-xay-dung-mo-hinh-tai-hoa-nhap-cong-dong-tren-dia-ban-tinh.html"
"20711","ĐỒNG THÁP: TẬP HUẤN CHO LỰC LƯỢNG THAM GIA BẢO VỆ AN NINH TRẬT TƯ Ở CƠ SỞ","Bản tin","published","5","z7199258950023_ae6b7ca0aa0bf49ddae951709764ea68.jpg; z7199258967418_e06a122f58ca4f4514ca08f58eaa26eb.jpg; z7199258961725_fa13c96ff5985b44d536d8fd3dcf9e39.jpg; z7199258983618_32b375584e178ebc71cda9c599873f9a.jpg; z7199260324482_9b4af9499a6e0793269e85897da25e7a.jpg","/dong-thap-tap-huan-cho-luc-luong-tham-gia-bao-ve-an-ninh-trat-tu-o-co-so.html"
"20712"," Thành phố Huế: Lãnh đạo Công an thành phố thăm, chúc mừng kỷ niệm 75 năm Ngày truyền thống lực lượng Cảnh sát thi hành án hình sự và hỗ trợ tư pháp (07/11/1950 – 07/11/2025)","Bản tin","published","4","z7202631464651_0ac6b46eaa726fd5ae750ff92270aae8.jpg; z7202631262139_7dd6dcc3bbdc766c134a22ed49339d63.jpg; z7202631993695_102d0aacc90fdd979978192bf0a219d4.jpg; z7202632336941_8bf016330860c526786f05b6d8108f6e.jpg","/thanh-pho-hue-lanh-dao-cong-an-thanh-pho-tham-chuc-mung-ky-niem-75-nam-ngay-truyen-thong-luc-luong-canh-sat-thi-hanh-an-hinh-su-va-ho-tro-tu-phap-07-11-1950-07-11-2025.html"
"20713","HƯNG YÊN: Công an tỉnh Hưng Yên tổ chức kiểm tra công tác thi hành án hình sự tại cộng đồng và tái hòa nhập cộng đồng trên địa bàn toàn tỉnh.","Bản tin","published","1","a1(1).jpg","/hung-yen-cong-an-tinh-hung-yen-to-chuc-kiem-tra-cong-tac-thi-hanh-an-hinh-su-tai-cong-dong-va-tai-hoa-nhap-cong-dong-tren-dia-ban-toan-tinh.html"
"20714","BẮC NINH: Phòng Cảnh sát thi hành án hình sự và hỗ trợ tư pháp Công an tỉnh Bắc Ninh tổ chức chuỗi hội nghị tuyên truyền, phổ biến pháp luật về thi hành án hình sự tại cộng đồng và tái hòa nhập cộng đồng","Bản tin","published","5","1.png; 2.png; 3.png; 4.png; z7140477570919_3d4e2e161924ad08c289f16e073fabbb.jpg","/bac-ninh-phong-canh-sat-thi-hanh-an-hinh-su-va-ho-tro-tu-phap-cong-an-tinh-bac-ninh-to-chuc-chuoi-hoi-nghi-tuyen-truyen-pho-bien-phap-luat-ve-thi-hanh-an-hinh-su-tai-cong-dong-va-tai-hoa-nhap-cong-dong.html"
"20715","BẮC NINH: Hội nghị tuyên truyền, phổ biến pháp luật về thi hành án hình sự tại cộng đồng và tái hòa nhập cộng đồng.","Bản tin","published","5","4794e39b-44ad-4bca-937e-9a4b27a60f6d.jpg; 65b5d462-d10e-47c7-a552-4b409f766aa6.jpg; a465828d-34d1-4eaa-8f0f-4037de3c2ec7.jpg; 4f187d12-e80b-4d61-a5b0-5dace935315e.jpg; b9f572a7-e9f3-4222-bbdb-32a61bfc7fc1.jpg","/bac-ninh-hoi-nghi-tuyen-truyen-pho-bien-phap-luat-ve-thi-hanh-an-hinh-su-tai-cong-dong-va-tai-hoa-nhap-cong-dong.html"
"20716","CÀ MAU: Nâng cao chất lượng công tác thi hành án hình sự và hòa nhập cộng đồng","Bản tin","published","2","91.jpeg; H2(19) (1).png","/ca-mau-nang-cao-chat-luong-cong-tac-thi-hanh-an-hinh-su-va-hoa-nhap-cong-dong.html"
"20717","VĨNH LONG: Tạo điều kiện người được đặc xá, người chấp hành xong án phạt tù tái hòa nhập cộng đồng","Bản tin","published","2","photo-library-20251107144902-5c4f8c53-d418-4e62-821f-bd66c37f5ae7-z7182278345805-499e5319e20f3755d60837bf3bef8a8e-1.jpg; photo-library-20251107144902-805ebd61-a8e4-4860-9ca7-fd0e6af46cc5-z7182278321314-e5a6d490ea27244feb03f748f86f75f3-1.jpg","/vinh-long-tao-dieu-kien-nguoi-duoc-dac-xa-nguoi-chap-hanh-xong-an-phat-tu-tai-hoa-nhap-cong-dong.html"
"20718","BẮC NINH: Hơn 300 đại biểu, khách mời tham gia Hội nghị Tuyên truyền, phổ biến pháp luật về thi hành án hình sự tại cộng đồng và tái hòa nhập cộng đồng năm 2025","Bản tin","published","6","gen-h-tái hòa nhập cộng đồng 7.jpg; gen-h-tái hòa nhập cộng đồng 5.jpg; gen-h-tái hòa nhập cộng đồng 8.jpg; gen-h-tái hòa nhập cộng đồng 3.jpg; gen-h-tái hòa nhập cộng đồng 1.jpg; gen-h-tái hòa nhập cộng đồng 11.jpg","/bac-ninh-hon-300-dai-bieu-khach-moi-tham-gia-hoi-nghi-tuyen-truyen-pho-bien-phap-luat-ve-thi-hanh-an-hinh-su-tai-cong-dong-va-tai-hoa-nhap-cong-dong-nam-2025.html"
"20719","NINH BÌNH: Ninh Bình ban hành Quy chế phối hợp trong công tác thi hành án hình sự và tái hòa nhập cộng đồng","Bản tin","published","1","screenshot_1762746205.jpeg","/ninh-binh-ninh-binh-ban-hanh-quy-che-phoi-hop-trong-cong-tac-thi-hanh-an-hinh-su-va-tai-hoa-nhap-cong-dong.html"
"20720","NINH BÌNH: Ninh Bình Tạo điều kiện tối đa cho người chấp hành xong án phạt tái hòa nhập cộng đồng","Bản tin","published","1","690e05c108dcb36fd59e5e8c.jpg","/ninh-binh-ninh-binh-tao-dieu-kien-toi-da-cho-nguoi-chap-hanh-xong-an-phat-tai-hoa-nhap-cong-dong.html"
"20721","THANH HÓA: UBND XÃ NGỌC LIÊN XÂY DỰNG MÔ HÌNH “CHUNG TAY GIÚP ĐỠ NGƯỜI CHẤP HÀNH XONG ÁN PHẠT TÙ TÁI HÒA NHẬP CỘNG ĐỒNG”","Bản tin","published","12","576462570_122144243108937800_237901731906658861_n638981015854940869.jpg; 577391083_122144244260937800_6112060778362504381_n638981016139160023.jpg; z7197468530846_f417a6a5aff9757fdfd7c8a428616027638981017101219536.jpg; z7197476336335_ee0f83db1ebe2ffcc339fde50245a33a638981017557372459.jpg; 576681506_122144245040937800_2744696403707563340_n638981017720496892.jpg; z7197476336116_fcffdbcd05b07de55d8b031c197a1c7b638981018330185730.jpg; z7197476371381_defbfdf7a18221a1b623a0185afad723638981018519092588.jpg; z7197476364954_0e7c31821932423e228d45dec63e0368638981018701597425.jpg; z7197476336116_fcffdbcd05b07de55d8b031c197a1c7b638981018851937815.jpg; z7197483049036_65260ea6163d5f86a03d3f922784f45e638981020149333276.jpg; z7197476320001_52ffda17bb2bae246718654fbbb53dfd638981019035440064.jpg; z7197476348800_138af9914d9a433ed1889cc24fc7d0ce638981019918238936.jpg","/thanh-hoa-ubnd-xa-ngoc-lien-xay-dung-mo-hinh-chung-tay-giup-do-nguoi-chap-hanh-xong-an-phat-tu-tai-hoa-nhap-cong-dong.html"
"20722","HÀ TĨNH: ""Mở lối"" cho người lầm lỡ tái hòa nhập cộng đồng","Bản tin","published","6","screenshot_1762749833.jpeg; image (1)(1).jpg; image (2).jpg; image (3).jpg; image (4).jpg; image (5).jpg","/ha-tinh-mo-loi-cho-nguoi-lam-lo-tai-hoa-nhap-cong-dong.html"
"20723","BẮC NINH: Dự thảo Nghị quyết của HĐND tỉnh quy định mức hỗ trợ cho người được phân công trực tiếp giúp đỡ người được giáo dục tại xã, phường trên địa bàn tỉnh Bắc Ninh","Bản tin","published","2","screenshot_1762757757.jpeg; ẢNh Đ 3____.jpg","/bac-ninh-du-thao-nghi-quyet-cua-hdnd-tinh-quy-dinh-muc-ho-tro-cho-nguoi-duoc-phan-cong-truc-tiep-giup-do-nguoi-duoc-giao-duc-tai-xa-phuong-tren-dia-ban-tinh-bac-ninh.html"
"20724","ĐỒNG NAI: Tín dụng chính sách xã hội nhân văn “mở lối” tái hòa nhập cộng đồng","Bản tin","published","3","z71710218432858a6da0e62380577ee3101372532944c1.jpg; z717106895575112f4632a91ef4eb4d9f7307d881e1f0e.jpg; z71710752932437778008710a2c5abc7369d95d3fafc76.jpg","/dong-nai-tin-dung-chinh-sach-xa-hoi-nhan-van-mo-loi-tai-hoa-nhap-cong-dong.html"
"20725","HÀ NỘI: Tập huấn về công tác thi hành án hình sự tại cộng đồng tại phường Yên Hòa, thành phố Hà Nội","Bản tin","draft","3","screenshot_1762846224.jpeg; screenshot_1762846437.jpeg; screenshot_1762846614.jpeg","/ha-noi-tap-huan-ve-cong-tac-thi-hanh-an-hinh-su-tai-cong-dong-tai-phuong-yen-hoa-thanh-pho-ha-noi.html"
"20726","HÀ TĨNH: Điểm tựa của người lầm lỗi tại cộng đồng dân cư","Bản tin","published","7","THA1-1762565881337.jpg; THA2-1762565881915.jpg; THA3-1762565931757.jpg; THA4-1762565953971.jpg; THA6-1762565974693.jpg; THA7-1762565985995.jpg; THA5_Copy-1762565998274 (1).jpg","/ha-tinh-diem-tua-cua-nguoi-lam-loi-tai-cong-dong-dan-cu.html"
"20727","QUẢNG NGÃI: Bộ Công an kiểm tra công tác quản lý tạm giữ, tạm giam và thi hành án hình sự tại cộng đồng tại Công an phường Kon Tum","Bản tin","published","2","KT01__360x480.jpg; KT03__600x450.jpg","/quang-ngai-bo-cong-an-kiem-tra-cong-tac-quan-ly-tam-giu-tam-giam-va-thi-hanh-an-hinh-su-tai-cong-dong-tai-cong-an-phuong-kon-tum.html"
"20728","ĐỒNG NAI: Hội nghị tuyên truyền pháp luật, giới thiệu việc làm, hỗ trợ người chấp hành xong án phạt tù tái hòa nhập cộng đồng","Bản tin","published","6","screenshot_1762849402.jpeg; screenshot_1762849495.jpeg; screenshot_1762849617(1).jpeg; screenshot_1762849910.jpeg; screenshot_1762849925.jpeg; screenshot_1762849946.jpeg","/dong-nai-hoi-nghi-tuyen-truyen-phap-luat-gioi-thieu-viec-lam-ho-tro-nguoi-chap-hanh-xong-an-phat-tu-tai-hoa-nhap-cong-dong.html"
"20729","LÂM ĐỒNG: Lâm Đồng chung tay giúp người lầm lỡ tái hòa nhập cộng đồng","Bản tin","published","4","img_1307(2).jpg; hinh-1(1).jpg; hinh-3(1).jpg; hinh-5(1).jpg","/lam-dong-lam-dong-chung-tay-giup-nguoi-lam-lo-tai-hoa-nhap-cong-dong.html"
"20730","ĐỒNG NAI: Thực hiện chính sách giúp người hoàn lương tạo dựng cuộc sống mới","Bản tin","published","2","screenshot_1762851478.jpeg; screenshot_1762851689.jpeg","/dong-nai-thuc-hien-chinh-sach-giup-nguoi-hoan-luong-tao-dung-cuoc-song-moi.html"
"20731","NINH BÌNH: UBND tỉnh sơ kết việc thực hiện công tác tái hòa nhập cộng đồng","Bản tin","published","5","7090-342f.jpg; ubnd-tinh-so-ket-viec-thuc-hien-cong-tac-tai-hoa-nhap-cong-f5e7.jpg; ubnd-tinh-so-ket-viec-thuc-hien-cong-tac-tai-hoa-nhap-cong-3739.jpg; ubnd-tinh-so-ket-viec-thuc-hien-cong-tac-tai-hoa-nhap-cong-5f28(1).jpg; ubnd-tinh-so-ket-viec-thuc-hien-cong-tac-tai-hoa-nhap-cong-f5f8(1).jpg","/ninh-binh-ubnd-tinh-so-ket-viec-thuc-hien-cong-tac-tai-hoa-nhap-cong-dong.html"
"20732","NINH BÌNH: Hiệu quả công tác tái hoà nhập cộng đồng ở tỉnh Ninh Bình","Bản tin","published","7","IMG_4192-1762845613296.jpg; IMG_3983-1762845636250.jpg; IMG_4016-1762845690915.jpg; NB-1762845755017.jpg; IMG_4074-1762845843634.jpg; IMG_4086-1762845889165.jpg; IMG_3958-1762845946763.jpg","/ninh-binh-hieu-qua-cong-tac-tai-hoa-nhap-cong-dong-o-tinh-ninh-binh.html"
"20733","THANH HÓA: Quyết định 22 - “chìa khóa” mở cánh cửa tái hòa nhập cộng đồng","Bản tin","published","1","QD_22-1760399739980.jpg","/thanh-hoa-quyet-dinh-22-chia-khoa-mo-canh-cua-tai-hoa-nhap-cong-dong.html"
"20734","THANH HÓA: Ra mắt mô hình “Đoàn Thanh niên chung tay giúp đỡ người tái hoà nhập cộng đồng” và ""Trường học an toàn giao thông"" tại xã Lương Sơn","Bản tin","published","2","screenshot_1762854256.jpeg; screenshot_1762854334.jpeg","/thanh-hoa-ra-mat-mo-hinh-doan-thanh-nien-chung-tay-giup-do-nguoi-tai-hoa-nhap-cong-dong-va-truong-hoc-an-toan-giao-thong-tai-xa-luong-son.html"
"20735","SƠN LA: Tuyên truyền thi hành án hình sự, tái hòa nhập cộng đồng 2025","Bản tin","published","1","549162951_122207083568275654_5248952666972194644_n(1).jpg","/son-la-tuyen-truyen-thi-hanh-an-hinh-su-tai-hoa-nhap-cong-dong-2025.html"
"20736","NINH BÌNH: Hiệu quả rõ nét trong công tác tái hòa nhập cộng đồng","Bản tin","published","3","ninh-binh-hieu-qua-ro-net-trong-cong-tac-tai-hoa-nhap-cong-dong-1762851704.jpg; ninh-binh-hieu-qua-ro-net-trong-cong-tac-tai-hoa-nhap-cong-dong-1762851693.jpg; ninh-binh-hieu-qua-ro-net-trong-cong-tac-tai-hoa-nhap-cong-dong-1762851668.jpg","/ninh-binh-hieu-qua-ro-net-trong-cong-tac-tai-hoa-nhap-cong-dong.html"
"20737","NINH BÌNH: UBND tỉnh Ninh Bình tổ chức Hội nghị sơ kết 5 năm thực hiện Nghị định số 49 của Chính phủ về công tác tái hòa nhập cộng đồng và 2 năm thực hiện Quyết định số 22 của Thủ tướng Chính phủ về tính dụng đối với người chấp hành xong án phạt tù","Bản tin","published","17","ádc.jpg; 2 (19)(1).jpg; 3 (14)(1).jpg; 4 (9).jpg; 5 (6)(2).jpg; 6 (4)(2).jpg; 7 (3)(3).jpg; 8 (2)(1).jpg; 9 (2)(4).jpg; 10 (2)(4)(1).jpg; 11 (1)(3).jpg; 12 (1)(3).jpg; 13 (1)(2).jpg; 14 (1)(1).jpg; 15 (1).jpg; 16 (1).jpg; 17(5).jpg","/ninh-binh-ubnd-tinh-ninh-binh-to-chuc-hoi-nghi-so-ket-5-nam-thuc-hien-nghi-dinh-so-49-cua-chinh-phu-ve-cong-tac-tai-hoa-nhap-cong-dong-va-2-nam-thuc-hien-quyet-dinh-so-22-cua-thu-tuong-chinh-phu-ve-tinh-dung-doi-voi-nguoi-chap-hanh-xong-an-phat-tu.html"
"20738","ĐỒNG NAI: Tổ chức hội nghị tuyên truyền pháp luật, giới thiệu việc làm và hỗ trợ người chấp hành xong án phạt tù tái hòa nhập cộng đồng","Bản tin","published","1","screenshot_1763123732(1).jpeg","/dong-nai-to-chuc-hoi-nghi-tuyen-truyen-phap-luat-gioi-thieu-viec-lam-va-ho-tro-nguoi-chap-hanh-xong-an-phat-tu-tai-hoa-nhap-cong-dong.html"
"20739","ĐỒNG NAI: Trao cơ hội làm lại cuộc đời cho người hoàn lương","Bản tin","published","3","z7061079804345bd838aef9857cdc62e6af8138fd6bf7a(1).jpg; z70610798698713a3e2e1dd5747ec538c4c4ca59d13c0d(1).jpg; z706107981623903304869ee0f53bf0d60da74b99856d4(1).jpg","/dong-nai-trao-co-hoi-lam-lai-cuoc-doi-cho-nguoi-hoan-luong.html"
"20740","LONG AN: Hỗ trợ người chấp hành xong án phạt tù tái hòa nhập cộng đồng","Bản tin","published","2","z6991740037956_468f825197822c292f78ca16903167d3.jpg; z6991739995650_91f82dd05867e5a79a6b06854338f1b3.jpg","/long-an-ho-tro-nguoi-chap-hanh-xong-an-phat-tu-tai-hoa-nhap-cong-dong.html"
"20741","PHÚ THỌ: Lực lượng nòng cốt xây dựng mô hình tái hòa nhập cộng đồng trên địa bàn tỉnh Phú Thọ","Bản tin","published","1","PC10_3(2).png","/phu-tho-luc-luong-nong-cot-xay-dung-mo-hinh-tai-hoa-nhap-cong-dong-tren-dia-ban-tinh-phu-tho.html"
"20742","AN GIANG: KHÓM THỚI AN A, PHƯỜNG MỸ THỚI RA MẮT MÔ HÌNH GIÚP ĐỠ NGƯỜI CHẤP HÀNH XONG ÁN PHẠT TÙ TÁI HÒA NHẬP CỘNG ĐỒNG","Bản tin","published","1","screenshot_1763126588.jpeg","/an-giang-khom-thoi-an-a-phuong-my-thoi-ra-mat-mo-hinh-giup-do-nguoi-chap-hanh-xong-an-phat-tu-tai-hoa-nhap-cong-dong.html"
"20743","HÀ NỘI: Hà Nội tăng cường công tác thi hành án hình sự tại cộng đồng và tái hòa nhập cộng đồng","Bản tin","published","1","dia-chi-phong-thi-hanh-an-dan-su-ha-noi.jpg","/ha-noi-ha-noi-tang-cuong-cong-tac-thi-hanh-an-hinh-su-tai-cong-dong-va-tai-hoa-nhap-cong-dong.html"
"20744","THANH HOÁ: xã Thọ Long tham dự Hội nghị trực tuyến tập huấn công tác thi hành án và tái hòa nhập cộng đồng","Bản tin","published","3","638968962852194970_638968962852204940(1).jpeg; 638968962852934995_638968962852954959.jpeg; 638968962853665020_638968962853675012.jpeg","/thanh-hoa-xa-tho-long-tham-du-hoi-nghi-truc-tuyen-tap-huan-cong-tac-thi-hanh-an-va-tai-hoa-nhap-cong-dong.html"
"20745","THANH HOÁ: Xã Thọ Phú ra mắt mô hình “Chung tay, đồng hành, giúp đỡ người chấp hành xong hình phạt tù tái hòa nhập cộng đồng”; Tuyên truyền, cảm hoá, giáo dục pháp luật và hỗ trợ tái hoà nhập cộng đồng cho người chấp hành xong án phạt tù trên địa bàn xã năm 2025","Bản tin","published","8","z7176172916168_fd9a05c0f24aed852e2883a3302154d6638975442577201328(1).jpg; z7176172909891_9c796b50984711d5ab6923e341a9c6b4638975442797542094(1).jpg; z7176172925105_6f97b9f30ff855884d674f3ee35030c6638975443385314373(1).jpg; z7176172918904_e90a17250d0df27391b21035c24cadfd638975443531715862(1).jpg; z7176172909313_40246a20b7235fef442738a5da8c3380638975443926328179(2).jpg; z7176172926378_ddf3d4ad16ae6d911aafcf95fc506383638975444445437229(2).jpg; z7176172926606_0c33b887f81a1a6b9f8a80c26bc38261638975445001577209(1).jpg; z7176172940872_e9972d910e014b15ae5923f62150cd17638975445289844572(1).jpg","/thanh-hoa-xa-tho-phu-ra-mat-mo-hinh-chung-tay-dong-hanh-giup-do-nguoi-chap-hanh-xong-hinh-phat-tu-tai-hoa-nhap-cong-dong-tuyen-truyen-cam-hoa-giao-duc-phap-luat-va-ho-tro-tai-hoa-nhap-cong-dong-cho-nguoi-chap-hanh-xong-an-phat-tu-tren-dia-ban-xa-nam-2025.html"
"20746","HÀ TĨNH: Sơ kết công tác thi hành án hình sự, quản lý giam giữ và hỗ trợ tư pháp quý III, 9 tháng đầu năm 2025","Bản tin","published","7","68f72c6a33b9a.jpg; 68f72db8956bf.jpg; 68f72ddd3dc8c.jpg; 68f72df099246.jpg; 68f72dfc80072.jpg; 68f72dfc93195.jpg; 68f72be42d913.jpg","/ha-tinh-so-ket-cong-tac-thi-hanh-an-hinh-su-quan-ly-giam-giu-va-ho-tro-tu-phap-quy-iii-9-thang-dau-nam-2025.html"
"20747","LÂM ĐỒNG: Xã Đam Rông 3 tiếp nhận người chấp hành xong án phạt tù được đặc xá dịp Quốc khánh 2/9","Bản tin","published","1","10(3).jpg","/lam-dong-xa-dam-rong-3-tiep-nhan-nguoi-chap-hanh-xong-an-phat-tu-duoc-dac-xa-dip-quoc-khanh-2-9.html"
"20749","HOÀ BÌNH: Công an phường Vĩnh Yên hỗ trợ vay vốn – “điểm tựa” giúp người chấp hành xong án phạt tù ổn định cuộc sống, tái hòa nhập cộng đồng ","Bản tin","published","1","1(264).jpg","/hoa-binh-cong-an-phuong-vinh-yen-ho-tro-vay-von-diem-tua-giup-nguoi-chap-hanh-xong-an-phat-tu-on-dinh-cuoc-song-tai-hoa-nhap-cong-dong.html"
"20750","THÁI NGUYÊN: Công an tỉnh Thái Nguyên phối hợp với UBND xã Thành Công tổ chức hội nghị tuyên truyền, phổ biến giáo dục pháp luật về công tác tái hòa nhập cộng đồng","Bản tin","published","4","1-139742.png; 2-046647.png; 3-727921.png; 4-067573.png","/thai-nguyen-cong-an-tinh-thai-nguyen-phoi-hop-voi-ubnd-xa-thanh-cong-to-chuc-hoi-nghi-tuyen-truyen-pho-bien-giao-duc-phap-luat-ve-cong-tac-tai-hoa-nhap-cong-dong.html"
"20751","THÁI NGUYÊN: Ra mắt mô hình “Kết nối, tạo việc làm cho người chấp hành xong án phạt tù, tái hòa nhập cộng đồng” tại xã Đồng Hỷ","Bản tin","published","2","thn(1).jpg; bia-096819(1).jpg","/ra-mat-mo-hinh-ket-noi-tao-viec-lam-cho-nguoi-chap-hanh-xong-an-phat-tu-tai-hoa-nhap-cong-dong-tai-xa-dong-hy.html"
"20752","CẦN THƠ: Chung tay mở lối hoàn lương ","Bản tin","published","1","screenshot_1763132396.jpeg","/can-tho-chung-tay-mo-loi-hoan-luong.html"
"20753","BẮC NINH: Tuyên truyền, phổ biến pháp luật về thi hành án hình sự tại cộng đồng và tái hòa nhập cộng đồng","Bản tin","published","4","581848660_122140998314932294_7175730754264575182_n(1).jpg; 581929652_122140998242932294_5964078697293883774_n(1).jpg; 580977166_122140998416932294_8652150807555224253_n(1).jpg; 580958899_122140998134932294_7711466845804773231_n(1).jpg","/bac-ninh-tuyen-truyen-pho-bien-phap-luat-ve-thi-hanh-an-hinh-su-tai-cong-dong-va-tai-hoa-nhap-cong-dong.html"
"20754","HÀ NỘI: Khi vốn vay trở thành ‘phao cứu sinh’ cho những phận người lỡ bước","Bản tin","published","1","screenshot_1763385444.jpeg","/ha-noi-khi-von-vay-tro-thanh-phao-cuu-sinh-cho-nhung-phan-nguoi-lo-buoc.html"
"20755","HÀ NỘI: Hỗ trợ việc làm cho người chấp hành xong án phạt tù","Tấm gương tiêu biểu","published","2","691895c208dcb36fd59eb25a.png; 6918968c08dcb36fd59eb25b.png","/ha-noi-ho-tro-viec-lam-cho-nguoi-chap-hanh-xong-an-phat-tu.html"
"20756","PHÚ THỌ: Dòng vốn giúp người lầm lỡ làm lại cuộc đời","Bản tin","published","1","image(1).jpg","/phu-tho-dong-von-giup-nguoi-lam-lo-lam-lai-cuoc-doi.html"
"20757","THÁI NGUYÊN: Công an phường Phổ Yên làm tốt công tác tái hòa nhập cộng đồng tại địa bàn","Bản tin","published","2","z7218565441350_ff74fd1311e26aa9260b6edf9522c2b7.jpg; z7218739584229_45b030aeb599d75ba9ec0fa7d7a26fc9.jpg","/thai-nguyen-cong-an-phuong-pho-yen-lam-tot-cong-tac-tai-hoa-nhap-cong-dong-tai-dia-ban.html"
"20758","THÁI NGUYÊN: Công an xã Đồng Hỷ tổ chức tuyên truyền pháp luật về công tác tác tái hòa nhập cộng đồng và ra mắt mô hình “kết nối, tạo việc làm cho người chấp hành xong án phạt tù”","Bản tin","published","3","z7211117434223_6e6b88bcce34533d39a857b3a0616349.jpg; z7211144707198_1ac6854917df10f6a612a92e51c3bdef.jpg; z7211144651072_0a7b2ffd8ca4d8df3bf6920279456e69.jpg","/thai-nguyen-cong-an-xa-dong-hy-to-chuc-tuyen-truyen-phap-luat-ve-cong-tac-tac-tai-hoa-nhap-cong-dong-va-ra-mat-mo-hinh-ket-noi-tao-viec-lam-cho-nguoi-chap-hanh-xong-an-phat-tu.html"
"20759","CẦN THƠ: Chung sức nâng cao hiệu quả hỗ trợ tái hòa nhập cộng đồng","Bản tin","published","1","screenshot_1763452270.jpeg","/can-tho-chung-suc-nang-cao-hieu-qua-ho-tro-tai-hoa-nhap-cong-dong.html"
"20760","CẦN THƠ: Công an thành phố Cần Thơ và Chi nhánh Ngân hàng Chính sách xã hội thành phố Cần Thơ ký kết Chương trình phối hợp thực hiện Quyết định số 22/2023/QĐ-TTg ngày 17/8/2023 của Thủ tướng Chính phủ","Bản tin","published","2","image_473.png; image_474(1).png","/cong-an-thanh-pho-can-tho-va-chi-nhanh-ngan-hang-chinh-sach-xa-hoi-thanh-pho-can-tho-ky-ket-chuong-trinh-phoi-hop-thuc-hien-quyet-dinh-so-22-2023-qd-ttg-ngay-17-8-2023-cua-thu-tuong-chinh-phu.html"
"20761","CÀ MAU: Tín dụng chính sách đối với người chấp hành xong án phạt tù","Bản tin","published","1","12(5).jpg","/ca-mau-tin-dung-chinh-sach-doi-voi-nguoi-chap-hanh-xong-an-phat-tu.html"
"20762","CÀ MAU: Tín dụng cho người chấp hành xong án phạt tù","Bản tin","published","4","aa.jpg; TTPL-2.jpg; TTPL-1.jpg; TTPL-4.jpg","/ca-mau-tin-dung-cho-nguoi-chap-hanh-xong-an-phat-tu.html"
"20763","ĐỒNG NAI: Tiếp tục triển khai thực hiện tín dụng chính sách xã hội đối với người chấp hành xong án phạt tù","Bản tin","published","2","image-20250905144706-1.png; image-20250905144706-2.png","/tiep-tuc-trien-khai-thuc-hien-tin-dung-chinh-sach-xa-hoi-doi-voi-nguoi-chap-hanh-xong-an-phat-tu.html"
"20764","ĐẮK LẮK: Tiếp tục cho vay tín dụng chính sách đối với người chấp hành xong án phạt tù","Bản tin","published","1","z7097397242900_eec113a621a7fb5e04be46eb3330baaa_20251009154613.jpg","/dak-lak-tiep-tuc-cho-vay-tin-dung-chinh-sach-doi-voi-nguoi-chap-hanh-xong-an-phat-tu.html"
"20765","ĐÀ NẴNG: CAX Hà Nha hỗ trợ người chấp hành xong án phạt tù vay vốn ưu đãi tái hoà nhập cộng đồng","Bản tin","published","1","CAX Hà Nha h_ tr_ vay v_n.jpg","/da-nang-cax-ha-nha-ho-tro-nguoi-chap-hanh-xong-an-phat-tu-vay-von-uu-dai-tai-hoa-nhap-cong-dong.html"
"20766","LÀO CAI: 191 khách hàng được vay vốn ưu đãi dành cho người chấp hành xong án phạt tù","Bản tin","published","2","anh-8-2(1).jpg; untitled(1).jpg","/lao-cai-191-khach-hang-duoc-vay-von-uu-dai-danh-cho-nguoi-chap-hanh-xong-an-phat-tu.html"
"20767","ĐỒNG NAI: NGÂN HÀNG CHÍNH SÁCH XÃ HỘI PHỐI HỢP VỚI CÔNG AN PHƯỜNG BÌNH LONG THĂM HỎI, ĐỘNG VIÊN NGƯỜI CHẤP HÀNH XONG ÁN PHẠT TÙ TRỞ VỀ ĐỊA PHƯƠNG","Bản tin","published","1","image-20251029111020-1.jpeg","/ngan-hang-chinh-sach-xa-hoi-phoi-hop-voidong-nai-cong-an-phuong-binh-long-tham-hoi-dong-vien-nguoi-chap-hanh-xong-an-phat-tu-tro-ve-dia-phuong.html"
"20768","GIA LAI: Công an xã Pờ Tó phối hợp với ngân hàng tư vấn chính sách tín dụng cho người chấp hành án phạt tù.","Bản tin","published","2","z7141590267650_7047588ee6bff6600f26b372222db101.jpg; z7141590493935_c8c41018c1733947345505d08bcf07e1.jpg","/gia-lai-cong-an-xa-po-to-phoi-hop-voi-ngan-hang-tu-van-chinh-sach-tin-dung-cho-nguoi-chap-hanh-an-phat-tu.html"
"20769","QUẢNG NGÃI: Tín dụng chính sách góp lực đổi thay miền biển Đức Phổ","Bản tin","published","3","Phòng giao dịch NHCSXH Đức Phổ phối hợp chặt chẽ, hiệu quả với các tổ chức chính trị - xã hội.png; Cán bộ tín dụng Đức Phổ thực hiện giải ngân tại xã kịp thời, thuận lợi cho người dân.jpg; Người dân Đức Phổ đầu tư nuôi dê từ vốn tín dụng chính sách.jpg","/quang-ngai-tin-dung-chinh-sach-gop-luc-doi-thay-mien-bien-duc-pho.html"
"20770","PHÚ THỌ: Công an xã Hiền Lương phối hợp với ngân hàng chính sách xã hội Hạ Hòa “Hỗ trợ người chấp hành xong án phạt tù tái hòa nhập cộng đồng được vay vốn ưu đãi với số tiền 100.000.000 (Một trăm triệu đồng)”.","Tấm gương tiêu biểu","published","1","z7167639505595_210a96280d1337c145ad28420308d34f.jpg","/cong-an-xa-hien-luong-phoi-hop-voi-ngan-hang-chinh-sach-xa-hoi-ha-hoa-ho-tro-nguoi-chap-hanh-xong-an-phat-tu-tai-hoa-nhap-cong-dong-duoc-vay-von-uu-dai-voi-so-tien-100000000-mot-tram-trieu-dong.html"
"20771","PHÚ THỌ: Công an xã Yên Sơn triển khai chính sách tín dụng hỗ trợ người chấp hành xong án phạt tù","Bản tin","published","1","Ảnh bài 2.jpg","/phu-tho-cong-an-xa-yen-son-trien-khai-chinh-sach-tin-dung-ho-tro-nguoi-chap-hanh-xong-an-phat-tu-11-11-2025.html"
"20772","ĐỒNG NAI: Bình Long ra mắt mô hình Ánh sáng hoàn lương","Bản tin","published","1","screenshot_1763476669.jpeg","/binh-long-ra-mat-mo-hinh-anh-sang-hoan-luong.html"
"20774","THÁI NGUYÊN: Hiệu quả mô hình “Quản lý, giáo dục, tạo việc làm cho người chấp hành xong án phạt tù, người chấp hành án hình sự tại cộng đồng” trên địa bàn xã Phú Thịnh","Bản tin","published","2","image-20251118081025-1.png; image-20251118081025-2.jpeg","/thai-nguyen-hieu-qua-mo-hinh-quan-ly-giao-duc-tao-viec-lam-cho-nguoi-chap-hanh-xong-an-phat-tu-nguoi-chap-hanh-an-hinh-su-tai-cong-dong-tren-dia-ban-xa-phu-thinh.html"
"20777","CÔNG AN THÀNH PHỐ HUẾ KHAI GIẢNG LỚP TẬP HUẤN NGHIỆP VỤ THI HÀNH ÁN HÌNH SỰ TẠI CỘNG ĐỒNG VÀ TÁI HÒA NHẬP CỘNG ĐỒNG NĂM 2025","Bản tin","published","3","z7250966483427_f4b82ee461472bb58b877a0746488f1c.jpg; z7250966487246_b7a891147dd4833d9ea5cf19deda5a28.jpg; z7250966493015_bbb734a96c0b2aa68eecc13d6a605912.jpg","/cong-an-thanh-pho-hue-khai-giang-lop-tap-huan-nghiep-vu-thi-hanh-an-hinh-su-tai-cong-dong-va-tai-hoa-nhap-cong-dong-nam-2025.html"
"20778","HUẾ: CÔNG AN THÀNH PHỐ HUẾ KHAI GIẢNG LỚP TẬP HUẤN NGHIỆP VỤ THI HÀNH ÁN HÌNH SỰ TẠI CỘNG ĐỒNG VÀ TÁI HÒA NHẬP CỘNG ĐỒNG NĂM 2025","Bản tin","published","4","z7250966483427_f4b82ee461472bb58b877a0746488f1c.jpg; z7250966487246_b7a891147dd4833d9ea5cf19deda5a28.jpg; z7250966493015_bbb734a96c0b2aa68eecc13d6a605912.jpg; z7250966499231_b2c45ac4f715e232c53b95ded92f8141.jpg","/cong-an-thanh-pho-hue-khai-giang-lop-tap-huan-nghiep-vu-thi-hanh-an-hinh-su-tai-cong-dong-va-tai-hoa-nhap-cong-dong-nam-2025.html"
"20779","CẦN THƠ: TRỰC TIẾP KIỂM SÁT CÔNG TÁC THI HÀNH ÁN HÌNH SỰ TẠI CƠ QUAN THI HÀNH ÁN HÌNH SỰ CÔNG AN THÀNH PHỐ CẦN THƠ","Tấm gương tiêu biểu","published","3","image-20251122120511-1.jpeg; image-20251122120511-2.jpeg; image-20251122120511-3.jpeg","/can-tho-truc-tiep-kiem-sat-cong-tac-thi-hanh-an-hinh-su-tai-co-quan-thi-hanh-an-hinh-su-cong-an-thanh-pho-can-tho.html"
"20780","LAI CHÂU: 𝐍𝐚̂𝐧𝐠 𝐜𝐚𝐨 𝐡𝐢𝐞̣̂𝐮 𝐪𝐮𝐚̉ 𝐡𝐨̂̃ 𝐭𝐫𝐨̛̣ 𝐭𝐚́𝐢 𝐡𝐨̀𝐚 𝐧𝐡𝐚̣̂𝐩 𝐜𝐨̣̂𝐧𝐠 đ𝐨̂̀𝐧𝐠 𝐜𝐡𝐨 𝐧𝐠𝐮̛𝐨̛̀𝐢 𝐜𝐡𝐚̂́𝐩 𝐡𝐚̀𝐧𝐡 𝐱𝐨𝐧𝐠 𝐚́𝐧 𝐩𝐡𝐚̣𝐭 𝐭𝐮̀","Bản tin","published","5","585975506_1156323866666457_6717754940030117723_n.jpg; 586538321_1156323816666462_2461682323989733960_n.jpg; 586373228_1156324046666439_8567089345114920836_n.jpg; 586370496_1156329103332600_2442818152550250456_n.jpg; 586634874_1156323873333123_6178969061596900376_n.jpg","/lai-chau-d-.html"
"20781","HÀ TĨNH: ""Sưởi ấm mùa đông cho em""","Bản tin","published","7","z7246751999325_f33a995e2b164e517059dbf7a5de7593.jpg; z7246752023115_3c8a69f85adfeb972ffc73f1b3849666(1).jpg; z7246752049181_192c5bba1d4f6724973a5cb0ffb6dcd6(1).jpg; z7246752033679_2b3067e1de47e63a993690dff86db14f(1).jpg; z7246752017420_249da6859adb958b43954a94c1745e59(1).jpg; z7246752012341_47df291f70be6560a831c865fbb1188a(1).jpg; z7246752004089_ce2aaf9c2289be88c6a129b9f8dca353(1).jpg","/ha-tinh-suoi-am-mua-dong-cho-em.html"
"20782","HUẾ: ""Phòng Cảnh sát THAHS và HTTP chung tay vì cộng đồng"" trao quà hỗ trợ người dân vùng lũ tại xã Phú Hồ","Bản tin","published","4","z7258509206974_776ef1e57fe8f682735d741e9302dc76.jpg; z7258509237382_bb4d81c511c6a8e53d4731c15f081a1c.jpg; z7258509218538_f8de3fa654acf58b5c30547c97abea87.jpg; z7258509246964_3e097ca6f167844b1155045cb4ebca6a.jpg","/thanh-pho-hue-phong-canh-sat-thahs-va-http-chung-tay-vi-cong-dong-trao-qua-ho-tro-nguoi-dan-vung-lu-tai-xa-phu-ho.html"
"20783","ĐỒNG THÁP: Thắp lại niềm tin cho phụ nữ hoàn lương","Bản tin","published","2","screenshot_1764029493.jpeg; screenshot_1764029527.jpeg","/dong-thap-thap-lai-niem-tin-cho-phu-nu-hoan-luong.html"
"20784","BẮC NINH: Công an tỉnh Bắc Ninh: Tăng cường tuyên truyền, hỗ trợ người chấp hành xong án phạt tù tái hòa nhập cộng đồng","Bản tin","published","2","z7233312989051_62ebe6939fb99b2505ed6b3fe92bfc25.jpg; z7233312988578_b5175b2371847dc4bd9d82020c749cb1.jpg","/bac-ninh-cong-an-tinh-bac-ninh-tang-cuong-tuyen-truyen-ho-tro-nguoi-chap-hanh-xong-an-phat-tu-tai-hoa-nhap-cong-dong.html"
"20785","THANH HÓA: Hội nghị tuyên truyền, cảm hóa, giáo dục pháp luật và hỗ trợ tái hòa nhập cộng đồng cho người chấp hành xong án phạt tù","Bản tin","published","8","Clip0343_MXF_23_39_14_18_Still001638976299218206878.jpg; Clip0381_MXF_23_44_40_04_Still001638976301306618744.jpg; Clip0360_MXF_23_41_28_24_Still002638976300089407685.jpg; Clip0368_MXF_23_42_57_03_Still002638976300440438935.jpg; Clip0367_MXF_23_42_48_08_Still001638976301708080728.jpg; Clip0356_MXF_23_41_01_19_Still001638976302328335213.jpg; Clip0350_MXF_23_40_08_02_Still001638976302546793854.jpg; Clip0347_MXF_23_39_47_16_Still001638976302686068522.jpg","/thanh-hoa-hoi-nghi-tuyen-truyen-cam-hoa-giao-duc-phap-luat-va-ho-tro-tai-hoa-nhap-cong-dong-cho-nguoi-chap-hanh-xong-an-phat-tu.html"
"20786","THANH HÓA: Tập huấn công tác thi hành án hình sự tại cộng đồng và công tác tái hòa nhập cộng đồng năm 2025","Bản tin","published","7","Clip0160_MXF_23_11_05_06_Still001638970192820782385.jpg; Clip0158_MXF_23_10_54_00_Still001638970193243164013.jpg; Clip0154_MXF_23_10_34_10_Still001638970193691850859.jpg; Clip0155_MXF_23_10_40_12_Still001638970193969850051.jpg; Clip0150_MXF_23_10_11_10_Still001638970194385038285.jpg; Clip0161_MXF_23_11_13_06_Still001638970194738836080.jpg; Clip0152_MXF_23_10_20_24_Still001638970195123962362.jpg","/thanh-hoa-tap-huan-cong-tac-thi-hanh-an-hinh-su-tai-cong-dong-va-cong-tac-tai-hoa-nhap-cong-dong-nam-2025.html"
"20788","QUẢNG NGÃI: Giải pháp nâng cao hiệu quả công tác thi hành án hình sự tại cộng đồng và tái hòa nhập cộng đồng trên địa bàn tỉnh Quảng Ngãi","Bản tin","published","1","tha01.jpg","/quang-ngai-giai-phap-nang-cao-hieu-qua-cong-tac-thi-hanh-an-hinh-su-tai-cong-dong-va-tai-hoa-nhap-cong-dong-tren-dia-ban-tinh-quang-ngai.html"
"20789","LÂM ĐỒNG: Hiệu quả cho vay đối với người chấp hành xong án phạt tù ","Bản tin","published","3","screenshot_1764412740.jpeg; screenshot_1764412635.jpeg; screenshot_1764412709.jpeg","/lam-dong-hieu-qua-cho-vay-doi-voi-nguoi-chap-hanh-xong-an-phat-tu-bao-va-ptth-lam-dong.html"
"20790","ĐỒNG NAI: Lãnh đạo Công an tỉnh Đồng Nai tặng quà cho người chấp hành xong án phạt t.ù trên địa bàn Phường Bình Phước","Bản tin","published","1","538133571_804226458612142_3417665122512501959_n.jpg","/dong-nai-lanh-dao-cong-an-tinh-dong-nai-tang-qua-cho-nguoi-chap-hanh-xong-an-phat-tu-tren-dia-ban-phuong-binh-phuoc.html"
"20791","HỒ CHÍ MINH: TUYÊN TRUYỀN, PHỔ BIẾN, PHÁP LUẬT VỀ CÔNG TÁC TÁI HÒA NHẬP CỘNG ĐỒNG ĐỐI VỚI NGƯỜI CHẤP HÀNH XONG HÌNH PHẠT TÙ","Bản tin","published","2","591259333_861822056612796_3118433684900230762_n.jpg; 590701468_861822063279462_713265655482192800_n.jpg","/ho-chi-minh-tuyen-truyen-pho-bien-phap-luat-ve-cong-tac-tai-hoa-nhap-cong-dong-doi-voi-nguoi-chap-hanh-xong-hinh-phat-tu.html"
"20792","AN GIANG: Công an xã Phú An phối hợp với Đội cất nhà từ thiện hỗ trợ cất nhà cho người chấp hành xong án phạt tù tái hòa nhập cộng đồng.","Bản tin","published","2","CAX phối hợp xây dựng nhà ở cho anh Ngọc.jpg; CAX phối hợp trao tặng phần quà cho anh Ngọc_0.jpg","/an-giang-cong-an-xa-phu-an-phoi-hop-voi-doi-cat-nha-tu-thien-ho-tro-cat-nha-cho-nguoi-chap-hanh-xong-an-phat-tu-tai-hoa-nhap-cong-dong.html"
"20793","AN GIANG: Mỹ Thới: Đồng hành cùng người chấp hành xong án phạt tù tái hòa nhập cộng đồng","Bản tin","published","2","screenshot_1764415216.jpeg; screenshot_1764415036.jpeg","/an-giang-my-thoi-dong-hanh-cung-nguoi-chap-hanh-xong-an-phat-tu-tai-hoa-nhap-cong-dong.html"
"20794","THANH HÓA: Công an xã Quảng Ninh tổ chức Hội nghị tuyên truyền phổ biến giáo dục pháp luật, tư vấn giới thiệu việc làm, hỗ trợ vay vốn đối với người chấp hành án hình sự tại cộng đồng, người tái hoà nhập cộng đồng và những người có nguy cơ phạm tội trên địa bàn xã","Bản tin","published","7","z7203273913949_067d4af30258df25508285ecf86319e9638982292702623171.jpg; z7203273906276_fb5dba76bf1cb04fc39e8c941c525b9b638982293329655748.jpg; z7203273920923_4eedb539ee55638d23923352d11139d3638982293765281714.jpg; z7203273935420_5613de4b24991d14156cd1d2d616643b638982293969196348.jpg; z7203273883678_c2cb783b313f91d2fb9d23a7c6087407638982294229821933.jpg; z7203273902690_454d69e8175bda1ba5d0f1e497e53357638982294427947280.jpg; z7203273894458_af7c2e338096ebb35f09665183e2c902638982294597478922.jpg","/thanh-hoa-cong-an-xa-quang-ninh-to-chuc-hoi-nghi-tuyen-truyen-pho-bien-giao-duc-phap-luat-tu-van-gioi-thieu-viec-lam-ho-tro-vay-von-doi-voi-nguoi-chap-hanh-an-hinh-su-tai-cong-dong-nguoi-tai-hoa-nhap-cong-dong-va-nhung-nguoi-co-nguy-co-pham-toi-tren-dia-ban-xa.html"
"20795","CAO BẰNG: KHÔNG AI BỊ BỎ LẠI PHÍA SAU - CHUYỆN NGƯỜI HOÀN LƯƠNG Sau khi chấp hành xong án phạt tù, trở về địa phương, ai cũng mong muốn được bắt đầu một cuộc","Bản tin","draft","2","screenshot_1764416852.jpeg; screenshot_1764416977.jpeg","/cao-bang-khong-ai-bi-bo-lai-phia-sau-chuyen-nguoi-hoan-luong-sau-khi-chap-hanh-xong-an-phat-tu-tro-ve-dia-phuong-ai-cung-mong-muon-duoc-bat-dau-mot-cuoc.html"
"20796","BẮC NINH: Công an tỉnh Bắc Ninh: Tăng cường tuyên truyền, hỗ trợ người chấp hành xong án phạt tù tái hòa nhập cộng đồng","Bản tin","published","2","z7233312989051_62ebe6939fb99b2505ed6b3fe92bfc25(1).jpg; z7233312988578_b5175b2371847dc4bd9d82020c749cb1(1).jpg","/bac-ninh-cong-an-tinh-bac-ninh-tang-cuong-tuyen-truyen-ho-tro-nguoi-chap-hanh-xong-an-phat-tu-tai-hoa-nhap-cong-dong.html"
"20797","THÁI NGUYÊN: Nam Cường ra mắt mô hình “Quản lý, giám sát, giáo dục người chấp hành xong hình phạt tù trở về địa phương tái hòa nhập cộng đồng""","Bản tin","published","1","anh-2_22.jpg","/thai-nguyen-nam-cuong-ra-mat-mo-hinh-quan-ly-giam-sat-giao-duc-nguoi-chap-hanh-xong-hinh-phat-tu-tro-ve-dia-phuong-tai-hoa-nhap-cong-dong.html"
"20798","QUẢNG NINH: Tuyên tuyền pháp luật, giới thiệu việc làm, hỗ trợ vay vốn cho người chấp hành xong án phạt tù","Bản tin","published","1","screenshot_1764417944.jpeg","/quang-ninh-tuyen-tuyen-phap-luat-gioi-thieu-viec-lam-ho-tro-vay-von-cho-nguoi-chap-hanh-xong-an-phat-tu.html"
"20799","TUYÊN QUANG: Tư vấn việc làm cho hơn 300 người sắp chấp hành xong án phạt tù","Bản tin","published","1","Tu-Van-Viec-Lam_A.jpg","/tuyen-quang-tu-van-viec-lam-cho-hon-300-nguoi-sap-chap-hanh-xong-an-phat-tu.html"
"20800","SƠN LA: BƯỚC QUA LỖI LẦM ","Bản tin","published","1","screenshot_1764418558.jpeg","/son-la-buoc-qua-loi-lam.html"
"20801","SƠN LA: Ký kết chương trình phối hợp về tín dụng đối với người chấp hành xong án phạt tù","Bản tin","published","3","screenshot_1764419275.jpeg; 6_2-2.jpg; 6_3-1.jpg","/son-la-ky-ket-chuong-trinh-phoi-hop-ve-tin-dung-doi-voi-nguoi-chap-hanh-xong-an-phat-tu.html"
"20802","PHÚ THỌ: Tăng cường phối hợp thực hiện tín dụng đối với người chấp hành xong án phạt tù","Bản tin","published","2","1_2].jpg; 2_2(2).jpg","/phu-tho-tang-cuong-phoi-hop-thuc-hien-tin-dung-doi-voi-nguoi-chap-hanh-xong-an-phat-tu-03-11-2025.html"
"20803","PHÚ THỌ: Giúp người lầm lỡ tái hòa nhập cộng đồng","Bản tin","published","2","screenshot_1764420131.jpeg; screenshot_1764420233.jpeg","/phu-tho-giup-nguoi-lam-lo-tai-hoa-nhap-cong-dong.html"
"20804","THÁI NGUYÊN: Ra mắt mô hình “Kết nối, tạo việc làm cho người chấp hành xong án phạt tù, tái hòa nhập cộng đồng” tại xã Đồng Hỷ""","Bản tin","published","2","thn (1).jpg; bia-096819(2).jpg","/thai-nguyen-ra-mat-mo-hinh-ket-noi-tao-viec-lam-cho-nguoi-chap-hanh-xong-an-phat-tu-tai-hoa-nhap-cong-dong-tai-xa-dong-hy.html"
"20805","BẮC NINH: Công an tỉnh Bắc Ninh ký kết chính sách tín dụng hỗ trợ người chấp hành xong án phạt tù","Bản tin","published","3","ccfd3ceb-420b-4dbe-b962-7cc85a2c491d.jpg; a.jpeg; screenshot_1764421439.jpeg","/bac-ninh-cong-an-tinh-bac-ninh-ky-ket-chinh-sach-tin-dung-ho-tro-nguoi-chap-hanh-xong-an.html"
"20806","BẮC NINH: Giải ngân hơn 10,2 tỷ đồng cho người chấp hành xong án phạt tù đầu tư sản xuất, kinh doanh","Bản tin","published","1","IMG_0100.jpg","/bac-ninh-giai-ngan-hon-10-2-ty-dong-cho-nguoi-chap-hanh-xong-an-phat-tu-dau-tu-san-xuat-kinh-doanh.html"
"20807","BẮC NINH: Ký kết Chương trình phối hợp về tín dụng với người chấp hành xong án phạt tù","Bản tin","published","3","s Cuong pb.jpg; s cuong pbieu.jpg; ngan hang pb.jpg","/bac-ninh-ky-ket-chuong-trinh-phoi-hop-ve-tin-dung-voi-nguoi-chap-hanh-xong-an-phat-tu.html"
"20810","VĨNH LONG: Nguồn vốn Ngân hàng Chính sách - Xã hội giúp gia đình người chấp hành xong án phạt tù vươn lên ổn định cuộc sống","Bản tin","published","1","screenshot_1764424679.jpeg","/nguon-von-ngan-hang-chinh-sach-xa-hoi-giup-gia-dinh-nguoi-chap-hanh-xong-an-phat-tu-vuon-len-on-dinh-cuoc-song.html"
"20814","ĐÀ NẴNG: GẶP MẶT, ĐỐI THOẠI VÀ HỖ TRỢ TÁI HÒA NHẬP CỘNG ĐỒNG CHO NGƯỜI CHẤP HÀNH ÁN ","Bản tin","published","3","591462665_1152351773756192_5376954663574438757_n.jpg; 590753592_1152351777089525_6626280247206072643_n.jpg; 589123641_1152351820422854_447342088203006459_n.jpg","/da-nang-gap-mat-doi-thoai-va-ho-tro-tai-hoa-nhap-cong-dong-cho-nguoi-chap-hanh-an.html"
"20815","CẦN THƠ: Tập huấn công tác thi hành án hình sự tại cộng đồng và tái hòa nhập cộng đồng năm 2025","Bản tin","published","4","image_725(1).png; image-20251126205022-1.jpeg; image-20251126205022-2.jpeg; image-20251126205022-3.png","/can-thotap-huan-cong-tac-thi-hanh-an-hinh-su-tai-cong-dong-va-tai-hoa-nhap-cong-dong-nam-2025.html"
"20817","HƯNG YÊN: Công an tỉnh Hưng Yên tổ chức Hội nghị tập huấn công tác thi hành án hình sự tại cộng đồng và tái hòa nhập cộng đồng năm 2025","Bản tin","published","2","023_8482_MXF_snapshot_00_27_299.jpg; 023_8501_MXF_snapshot_00_15_359.jpg","/hung-yen-cong-an-tinh-hung-yen-to-chuc-hoi-nghi-tap-huan-cong-tac-thi-hanh-an-hinh-su-tai-cong-dong-va-tai-hoa-nhap-cong-dong-nam-2025.html"
"20818","LẠNG SƠN: Bảo đảm dân chủ, công bằng, khách quan, minh bạch trong công tác đặc xá","Bản tin","published","1","612097_612096_img_9247_13231304_13234604.jpg","/lang-son-bao-dam-dan-chu-cong-bang-khach-quan-minh-bach-trong-cong-tac-dac-xa.html"
"20819","TUYÊN QUANG: Tổng kết công tác đặc xá và tái hòa nhập cộng đồng năm 2025","Bản tin","published","1","72dc10facca98e52b0872bf9ff806887.jpg","/tuyen-quang-tong-ket-cong-tac-dac-xa-va-tai-hoa-nhap-cong-dong-nam-2025.html"
"20822","PHÚ THỌ: Phát huy hiệu quả phong trào Toàn dân bảo vệ an ninh Tổ quốc","Bản tin","published","3","screenshot_1765175667.jpeg; screenshot_1765175929.jpeg; A(1).jpeg","/phu-tho-phat-huy-hieu-qua-phong-trao-toan-dan-bao-ve-an-ninh-to-quoc.html"
"20823","PHÚ THỌ: Đảm bảo cho người tái đặc xá hòa nhập cộng đồng tốt","Bản tin","published","1","screenshot_1765176577.jpeg","/phu-tho-dam-bao-cho-nguoi-tai-dac-xa-hoa-nhap-cong-dong-tot.html"
"20824","SƠN LA: Tổng kết công tác đặc xá và tái hoà nhập cộng đồng đối với người được đặc xá năm 2025","Bản tin","published","2","screenshot_1765185448.jpeg; screenshot_1765185574.jpeg","/son-la-tong-ket-cong-tac-dac-xa-va-tai-hoa-nhap-cong-dong-doi-voi-nguoi-duoc-dac-xa-nam-2025.html"
"20825","ĐIỆN BIÊN: Phó Giám đốc Ngân hàng CSXH Điện Biên: Tín dụng chính sách là nguồn vốn ""mưa dầm thấm lâu"", giảm nghèo bền vững","Bản tin","published","4","screenshot_1765185879.jpeg; screenshot_1765186043.jpeg; screenshot_1765186117.jpeg; screenshot_1765186186.jpeg","/dien-bien-pho-giam-doc-ngan-hang-csxh-dien-bien-tin-dung-chinh-sach-la-nguon-von-mua-dam-tham-lau-giam-ngheo-ben-vung.html"
"20826","NGÂN HÀNG CSXH: Nguồn vốn tín dụng chính sách tiếp sức người nghèo vươn lên","Bản tin","published","2","tin-dung-chinh-sach-1-1764924158069938255236.gif; huy-dong-va-su-dung-co-hieu-qua-nguon-von-chuong-trinh-muc-tieu-quoc-gia-giam-ngheo-n2-1764924940328190984986.jpg","/nguon-von-tin-dung-chinh-sach-tiep-suc-nguoi-ngheo-vuon-len.html"
"20827","ĐỒNG NAI: Trao cơ hội, gieo niềm tin cho những cuộc đời hoàn lương","Bản tin","published","1","screenshot_1765187065.jpeg","/dong-nai-trao-co-hoi-gieo-niem-tin-cho-nhung-cuoc-doi-hoan-luong.html"
"20828","ĐỒNG NAI: Người chấp hành xong án phạt tù được tư vấn pháp luật và vay vốn chính sách","Bản tin","published","1","image001(1).jpg","/nguoi-chap-hanh-xong-an-phat-tu-duoc-tu-van-phap-luat-va-vay-von-chinh-sach.html"
"20829","QUẢNG TRỊ: Tổng kết công tác đặc xá và tái hòa nhập cộng đồng đối với người được đặc xá năm 2025","Bản tin","published","3","library-20251204110727-98c4fc6b-046c-4020-8557-daaa54b4faed-dsc5374.jpeg; z7292244716503_5583c13cc32f9b23e4d155eeea3939e1.jpg; 3-2.jpg","/quang-tri-tong-ket-cong-tac-dac-xa-va-tai-hoa-nhap-cong-dong-doi-voi-nguoi-duoc-dac-xa-nam-2025.html"
"20830","CÀ MAU: Tổng kết công tác đặc xá và tái hòa nhập cộng đồng năm 2025","Bản tin","published","3","a.jpg; s.jpg; d.jpg","/ca-mau-tong-ket-cong-tac-dac-xa-va-tai-hoa-nhap-cong-dong-nam-2025.html"
"20831","ĐỒNG NAI: Hỗ trợ người chấp hành xong án phạt tù tái hoà nhập cộng đồng","Bản tin","published","2","screenshot_1765189100.jpeg; screenshot_1765189189.jpeg","/dong-nai-ho-tro-nguoi-chap-hanh-xong-an-phat-tu-tai-hoa-nhap-cong-dong.html"
"20832","NINH BÌNH: Hội nghị trực tuyến tổng kết công tác đặc xá và công tác tái hòa nhập cộng đồng đối với người được đặc xá năm 2025","Bản tin","published","5","1 (79)(1).jpg; 2 (75).jpg; 3 (66).jpg; 4 (51).jpg; 5 (43).jpg","/ninh-binh-hoi-nghi-truc-tuyen-tong-ket-cong-tac-dac-xa-va-cong-tac-tai-hoa-nhap-cong-dong-doi-voi-nguoi-duoc-dac-xa-nam-2025.html"
"20833","QUẢNG TRỊ: Gặp mặt, hỗ trợ và tư vấn dành cho các trường hợp đang thi hành án tại cộng đồng và những người chấp hành xong án phạt tù trở về địa phương","Bản tin","published","2","IMG_7961.jpeg; IMG_7962-e1764863938775.jpeg","/quang-tri-gap-mat-ho-tro-va-tu-van-danh-cho-cac-truong-hop-dang-thi-hanh-an-tai-cong-dong-va-nhung-nguoi-chap-hanh-xong-an-phat-tu-tro-ve-dia-phuong.html"
"20834","LÂM ĐỒNG: Bảo đảm chu đáo công tác đặc xá và hỗ trợ người chấp hành xong án phạt tù","Bản tin","published","2","z7290383059302_b359311c45c8d5bc5000c4b706e21f9a(1).jpg; z7291042566430_bfff9a8da42b184ba166b8ff6bb458dd(1).jpg","/lam-dong-bao-dam-chu-dao-cong-tac-dac-xa-va-ho-tro-nguoi-chap-hanh-xong-an-phat-tu.html"
"20835","HỒ CHÍ MINH: Tiếp tục làm tốt công tác đặc xá và tạo sinh kế cho người được đặc xá","Bản tin","published","9","screenshot_1765191010.jpeg; screenshot_1765191071(1).jpeg; screenshot_1765191084.jpeg; screenshot_1765191101.jpeg; screenshot_1765191233.jpeg; screenshot_1765191249.jpeg; screenshot_1765191352.jpeg; screenshot_1765191413.jpeg; screenshot_1765191429.jpeg","/ho-chi-minh-tiep-tuc-lam-tot-cong-tac-dac-xa-va-tao-sinh-ke-cho-nguoi-duoc-dac-xa.html"
"20836","LAI CHÂU: Đẩy mạnh công tác tuyên truyền tái hòa nhập cộng đồng trên địa bàn tỉnh Lai Châu","Bản tin","published","2","z7295231198005-510d5b34ebbcb4be7f0dd9d7f5f596e4-jp.jpg; z7295231189296_f445835060619f890adb31c19b2cf185.jpg","/lai-chau-day-manh-cong-tac-tuyen-truyen-tai-hoa-nhap-cong-dong-tren-dia-ban-tinh-lai-chau.html"
"20837","THANH HÓA: Tập huấn công tác thi hành án hình sự tại cộng đồng và công tác tái hoà nhập cộng đồng năm 2025","Bản tin","published","3","1(421).jpg; 2(371).jpg; 3(310).jpg","/thanh-hoa-tap-huan-cong-tac-thi-hanh-an-hinh-su-tai-cong-dong-va-cong-tac-tai-hoa-nhap-cong-dong-nam-2025.html"
"20838","KHÁNH HÒA: Cơ quan thi hành án hình sự Công an tỉnh Khánh Hòa tổ chức tuyên truyền tái hòa nhập cộng đồng cho người chấp hành xong án phạt tù, người được đặc xá năm 2025 tại phường Nam Nha Trang","Bản tin","published","2","http_1810.jpg; http_18102(1).jpg","/khanh-hoa-co-quan-thi-hanh-an-hinh-su-cong-an-tinh-khanh-hoa-to-chuc-tuyen-truyen-tai-hoa-nhap-cong-dong-cho-nguoi-chap-hanh-xong-an-an-phat-tu-nguoi-duoc-dac-xa-nam-2025-tai-phuong-nam-nha-trang.html"
"20839","GIA LAI: Công an phường An Phú tổ chức tập huấn công tác tái hoà nhập cộng đồng cho Lực lượng tham gia bảo vệ an ninh, trật tự ở cơ sở.","Bản tin","published","2","a1(2).jpg; a2 (1).jpg","/gia-lai-cong-an-phuong-an-phu-to-chuc-tap-huan-cong-tac-tai-hoa-nhap-cong-dong-cho-luc-luong-tham-gia-bao-ve-an-ninh-trat-tu-o-co-so.html"
"20841","ĐỒNG THÁP: Giúp đỡ người được đặc xá nhanh chóng tái hòa nhập cộng đồng","Bản tin","published","2","wm_4_c490e1baa1ibie1bb83ude1bbb1he1bb99inghe1bb8bte1baa1ic491ie1bb83mce1baa7ucc3b4ngante1bb89nhc490e1bb93ngthc3a1p_e1baa2nhtre1bb8dngtc3adn(1).jpg; screenshot_1765339374(1).jpeg","/dong-thap-giup-do-nguoi-duoc-dac-xa-nhanh-chong-tai-hoa-nhap-cong-dong.html"
"20843","THANH HÓA: Tổng kết công tác đặc xá, tái hoà nhập cộng đồng đối với người được đặc xá năm 2025","Bản tin","published","3","screenshot_1765348671.jpeg; screenshot_1765348836.jpeg; screenshot_1765348894.jpeg","/thanh-hoa-tong-ket-cong-tac-dac-xa-tai-hoa-nhap-cong-dong-doi-voi-nguoi-duoc-dac-xa-nam-2025.html"
"20845","TÂY NINH: Tập huấn công tác tái hòa nhập cộng đồng và thi hành án hình sự tại cộng đồng năm 2025","Bản tin","published","2","Tập huấn công tác tái hòa nhập cộng đồng và thi hành án hình sự tại cộng đồng năm 2025 1-778770.jpg; Tập huấn công tác tái hòa nhập cộng đồng và thi hành án hình sự tại cộng đồng năm 2025 3.jpg","/tay-ninh-tap-huan-cong-tac-tai-hoa-nhap-cong-dong-va-thi-hanh-an-hinh-su-tai-cong-dong-nam-2025.html"
"20846","HUẾ: Công an thành phố Huế khai giảng lớp tập huấn nghiệp vụ thi hành án hình sự tại cộng đồng và tái hòa nhập cộng đồng năm 2025","Bản tin","published","5","z7249011403178_f39efe9cd3d40cbd2c22643c98ce28d6.jpg; z7249011410133_8b9b58c3fe21e8993ec897c9d700fabc.jpg; z7249011412656_a706a5ee2ed553d2ef80dd0307b08dce.jpg; z7249011420525_93c17f0d54f5d2838b6aa41ef30a8ca9.jpg; z7249011429761_962c3c9be29df158dffc2a984947c03c.jpg","/cong-an-thanh-pho-hue-khai-giang-lop-tap-huan-nghiep-vu-thi-hanh-an-hinh-su-tai-cong-dong-va-tai-hoa-nhap-cong-dong-nam-2025.html"
"20847","HUẾ: Phòng Cảnh sát thi hành án hình sự và hỗ trợ tư pháp tổ chức tuyên truyền, giáo dục pháp luật cho người chấp hành xong án phạt tù tại phường Phong Phú","Bản tin","published","5","z7311083614317_f57794ed301656d56a462bcd7317a836.jpg&quot;; z7311083611063_f646473bd1874a8824fbe8ffb6e43f0a.jpg&quot;; z7311083618584_ab07fa83dfbc13f7aa482b39192db93a.jpg&quot;; z7311083627664_89d59921d7ad273a5e9198bce0e9738c.jpg&quot;; z7311083604417_89b78389c7cef72afffd8aa2e44f51ea.jpg&quot;","/hue-phong-canh-sat-thi-hanh-an-hinh-su-va-ho-tro-tu-phap-to-chuc-tuyen-truyen-giao-duc-phap-luat-cho-nguoi-chap-hanh-xong-an-phat-tu-tai-phuong-phong-phu.html"
"20848","ĐÀ NẴNG: Công an TP Đà Nẵng tập huấn công tác thi hành án hình sự và tái hòa nhập cộng đồng","Bản tin","published","2","1_1(1).jpg; 3_1.jpg","/da-nang-cong-an-tp-da-nang-tap-huan-cong-tac-thi-hanh-an-hinh-su-va-tai-hoa-nhap-cong-dong.html"
"20849","THANH HÓA: xã Na Mèo tập huấn công tác thi hành án hình sự và tái hòa nhập cộng đồng ","Bản tin","published","13","011_9651_MXF_15_54_27_08_Still001638972660226221550(1).bmp; 011_9654_MXF_15_54_47_22_Still001638972660723190153.bmp; 011_9657_MXF_15_55_06_08_Still001638972661151118323.bmp; 011_9653_MXF_15_54_45_04_Still001638972661428663028.bmp; 011_9652_MXF_15_54_35_24_Still001638972661715010137.bmp; 011_9655_MXF_15_54_55_09_Still001638972662024121890.bmp; 011_9656_MXF_15_55_02_03_Still001638972662292643811.bmp; 011_9659_MXF_15_55_22_10_Still001638972663008211937.bmp; 011_9660_MXF_15_55_32_22_Still001638972663231157722.bmp; 011_9662_MXF_15_55_45_00_Still001638972663997833300.bmp; 011_9661_MXF_15_55_38_16_Still001638972664751277763.bmp; 011_9663_MXF_15_55_50_16_Still001638972665331154550.bmp; 011_9665_MXF_15_56_19_24_Still001638972665990587436.bmp","/thanh-hoa-tap-huan-cong-tac-thi-hanh-an-hinh-su-va-tai-hoa-nhap-cong-dong.html"
"20850","QUẢNG TRỊ: Công an tỉnh Quảng Trị khai giảng lớp tập huấn thi hành án hình sự tại cộng đồng năm 2025","Bản tin","published","3","1234-2-of-4.jpg; 1234-3-of-4.jpg; 1234-4-of-4.jpg","/quang-tri-cong-an-tinh-quang-tri-khai-giang-lop-tap-huan-thi-hanh-an-hinh-su-tai-cong-dong-nam-2025.html"
"20851","CẦN THƠ: Bộ Công an tổng kết công tác đặc xá và tái hòa nhập cộng đồng năm 2025","Bản tin","published","1","screenshot_1765785852.jpeg","/can-tho-bo-cong-an-tong-ket-cong-tac-dac-xa-va-tai-hoa-nhap-cong-dong-nam-2025.html"
"20852","TÂY NINH: Xã Tân Tập triển khai công tác thi hành án hình sự và tái hòa nhập cộng đồng","Bản tin","published","2","12-11 QUANG CANH TRIEN KHAI HOI NGHI THI HANH AN PHAT TU.jpg; 13-11 CHU TICH TRIEN KHAI HOI NGHI-006759.jpg","/tay-ninh-tan-tap-trien-khai-cong-tac-thi-hanh-an-hinh-su-va-tai-hoa-nhap-cong-dong.html"
"20853","BỘ CÔNG AN: Tổng kết công tác đặc xá và tái hòa nhập cộng đồng đối với người được đặc xá năm 2025","Bản tin","published","9","bocongan_gov_vn-media-bca-media-_library-20251204110727-ee37c2a3-aa99-460c-9d16-b6da842fc73e-dsc5223 (1).jpg; bocongan_gov_vn-media-bca-media-_library-20251204110727-3410be06-452d-4ce8-9d93-2b20c027b40d-dsc5245(1).jpg; bocongan_gov_vn-media-bca-media-_library-20251204110727-24c61216-60ed-4e67-95bd-725281489228-dsc5273.jpg; bocongan_gov_vn-media-bca-media-_library-20251204110727-4e4a9b79-3ef6-478f-a3d2-b674896029ba-dsc5313.jpg; bocongan_gov_vn-media-bca-media-_library-20251204110727-b245f9a8-c2bd-4677-b234-0681a40be383-dsc5323.jpg; bocongan_gov_vn-media-bca-media-_library-20251204110727-8494de58-27ad-4afa-b894-43e4bc664e59-dsc5330.jpg; bocongan_gov_vn-media-bca-media-_library-20251204110727-817793fd-b0fe-4acb-b68f-76b7ac76daa9-dsc5356.jpg; bocongan_gov_vn-media-bca-media-_library-20251204110727-d9f08d43-c511-45ee-96f6-1b21e5ce1091-dsc5346(1).jpg; bocongan_gov_vn-media-bca-media-_library-20251204110727-98c4fc6b-046c-4020-8557-daaa54b4faed-dsc5374.jpg","/bo-cong-an-tong-ket-cong-tac-dac-xa-va-tai-hoa-nhap-cong-dong-doi-voi-nguoi-duoc-dac-xa-nam-2025.html"
"20855","HÀ TĨNH: Cảm hóa, hỗ trợ hiệu quả người thi hành án hình sự tại cộng đồng","Bản tin","published","4","image(2).jpg; image (1)(2).jpg; image (2)(1).jpg; image (3)(1).jpg","/ha-tinh-cam-hoa-ho-tro-hieu-qua-nguoi-thi-hanh-an-hinh-su-tai-cong-dong.html"
"20856","NGHỆ AN: Công an phường Vinh Phú phổ biến, tư vấn pháp luật, trợ giúp pháp lý cho người chấp hành xong án phạt tù","Bản tin","published","3","images2067133_1__1_.jpg; images2067134_1__3_.jpg; images2067135_1__2_.jpg","/nghe-an-cong-an-phuong-vinh-phu-pho-bien-tu-van-phap-luat-tro-giup-phap-ly-cho-nguoi-chap-hanh-xong-an-phat-tu.html"
"20857","THANH HÓA: Công an xã Sao Vàng tuyên truyền, phổ biến giáo dục pháp luật về công tác thi hành án hình sự tại cộng đồng và tái hòa nhập cộng đồng năm 2025","Bản tin","published","8","image_638986296975603394.jpg; image_638986297118884971.jpg; image_638986297257479024.jpg; image_638986297369979232.jpg; image_638986297763261732.jpg; image_638986297866699244.jpg; image_638986297992793144.jpg; image_638986298130605975.jpg","/thanh-hoa-cong-an-xa-sao-vang-tuyen-truyen-pho-bien-giao-duc-phap-luat-ve-cong-tac-thi-hanh-an-hinh-su-tai-cong-dong-va-tai-hoa-nhap-cong-dong-nam-2025.html"
"20858","NINH BÌNH: Hội nghị tổng kết công tác đặc xá và công tác tái hoà nhập cộng đồng năm 2025","Bản tin","published","4","26-35b1.jpg; hoi-nghi-tong-ket-cong-tac-dac-xa-va-cong-tac-tai-hoa-nhap-2702.jpg; hoi-nghi-tong-ket-cong-tac-dac-xa-va-cong-tac-tai-hoa-nhap-daba.jpg; hoi-nghi-tong-ket-cong-tac-dac-xa-va-cong-tac-tai-hoa-nhap-d423.jpg","/ninh-binh-hoi-nghi-tong-ket-cong-tac-dac-xa-va-cong-tac-tai-hoa-nhap-cong-dong-nam-2025.html"
"20859","NINH BÌNH: Lực lượng Công an cấp xã tỉnh Ninh Bình nỗ lực bảo đảm tốt an ninh, trật tự ngay từ địa bàn cơ sở","Bản tin","published","3","photo-library-20250909150022-fc83450e-d957-4307-ba9c-63df46986cca-1-2025-09-09t145049-346.jpg; photo-library-20250909150021-6eb76d91-9357-40e5-a4c4-76dc06306bb7-2-2025-09-09t145051-493.jpg; photo-library-20250909150021-b949bf81-5e63-45b7-9587-a9264b01778b-3-4.jpeg","/ninh-binh-luc-luong-cong-an-cap-xa-tinh-ninh-binh-no-luc-bao-dam-tot-an-ninh-trat-tu-ngay-tu-dia-ban-co-so.html"
"20861","LAI CHÂU: Tổng kết công tác đặc xá và tái hòa nhập cộng đồng đối với người được đặc xá năm 2025","Bản tin","published","2","fecf042e-34e8-4cce-bd4b-b66652d82eba.jpg; fe82e76b-1f1b-4ec6-ab8e-7963f1ca25c3.jpg","/tong-ket-cong-tac-dac-xa-va-tai-hoa-nhap-cong-dong-doi-voi-nguoi-duoc-dac-xa-nam-2025.html"
"20862","VĨNH LONG: Tiếp tục có những lần đặc xá nhân kỷ niệm các ngày lễ lớn, các sự kiện trọng đại","Bản tin","published","5","nxt9104-176482493096320712609081_20251204133706.jpg; q2-1764824931031428123631_20251204133727.jpg; nxt9113-176482493097013499113061_20251204133748.jpg; base64-17648258177053750956061_20251204134024.png; dsc5374-176482383508018002990761_20251204134044.jpg","/vinh-long-tiep-tuc-co-nhung-lan-dac-xa-nhan-ky-niem-cac-ngay-le-lon-cac-su-kien-trong-dai.html"
"20866","HUẾ: Phường Phong Phú giúp đỡ người chấp hành xong án phạt tù tái hòa nhập cộng đồng","Bản tin","published","1","screenshot_1765794705.jpeg","/hue-phuong-phong-phu-giup-do-nguoi-chap-hanh-xong-an-phat-tu-tai-hoa-nhap-cong-dong.html"
"20867","ĐỒNG THÁP: Giữ vững an ninh, trật tự từ cơ sở","Bản tin","published","1","2-1765501543549.jpg","/dong-thap-giu-vung-an-ninh-trat-tu-tu-co-so.html"
"20868","HỒ CHÍ MINH: Hỗ trợ hơn 1.000 người được đặc xá tái hòa nhập cộng đồng","Bản tin","published","2","12-12-2025-ho-tro-hon-1000-nguoi-duoc-dac-xa-tai-hoa-nhap-cong-dong-87F589DB-details.jpg; 12-12-2025Taihoanhap_02.jpg","/ho-chi-minh-ho-tro-hon-1000-nguoi-duoc-dac-xa-tai-hoa-nhap-cong-dong.html"
"20869","NGHỆ AN: Hội nghị tập huấn công tác thi hành án hình sự tại cộng đồng và tái hòa nhập cộng đồng năm 2025","Bản tin","published","4","images2070131_1I8A5766.jpg; images2070132_1I8A5811.jpg; images2070133_1I8A5824.jpg; images2070134_1I8A5840.jpg","/nghe-an-hoi-nghi-tap-huan-cong-tac-thi-hanh-an-hinh-su-tai-cong-dong-va-tai-hoa-nhap-cong-dong-nam-2025.html"
"20870","ĐỒNG THÁP: Hội thi nghiệp vụ thi hành án hình sự và hỗ trợ tư pháp","Bản tin","published","15","z7341752472420_4c1bcd57b10673984eadab370f7ea415.jpg; z7341752451022_6ba63c227ad218e9938a4d4d8af8aeec.jpg; z7341752451658_9aa40cf05621e82ba88fa4e861bce72d.jpg; z7341752466534_613f2ebeca4e5621dba35967379061ab.jpg; z7341752463566_5a0f51b3cc5b15f876228c5374de0fd2.jpg; z7341752461705_bd508d7cb6761cad29bfb737791fed15.jpg; z7341752449875_e5ff4ee9d9df58b9f86b2cf409ea702d.jpg; z7341752459244_47e73d91d16d733d319542c96ed3256f(1).jpg; z7341752460348_6816b748fd799996db44a3c29a8fe7ff(1).jpg; z7341752461878_d240311f187879cba94f1d0a4d943881.jpg; z7341752472188_3995f88cd9d918bf39fc9b94ff1fed7c.jpg; z7341752463890_37201ca2ff97f4e6180f882070e1ba40.jpg; z7341752474432_faa504cca369efeb84101411c1fe05ef.jpg; z7341752464671_ec5b3af278fac58373950e757e50e2f2.jpg; z7341752466866_4602964d49c9f132d84ba3eb72284b6a.jpg","/dong-thap-hoi-thi-nghiep-vu-thi-hanh-an-hinh-su-va-ho-tro-tu-phap.html"
"20871","ĐỒNG THÁP: Phụ nữ PC10 tổ chức buổi nói chuyện chuyên đề và tuyên truyền, phổ biến, giáo dục pháp luật về công tác tái hòa nhập cộng đồng","Bản tin","published","6","z7341752472420_4c1bcd57b10673984eadab370f7ea415(1).jpg; z7330122354558_1ee59deab720f70bf67efd85e72b1b87.jpg; z7330122571039_70a91d0557ec8c7b51de60c75bedc0bc.jpg; z7330122576824_6c3e01dfd0fee5e7c1a54431449a1513.jpg; z7330122571039_70a91d0557ec8c7b51de60c75bedc0bc(1).jpg; z7330122585508_d4d0fc6c9b601483100487f71b957920.jpg","/dong-thap-phu-nu-pc10-to-chuc-buoi-noi-chuyen-chuyen-de-va-tuyen-truyen-pho-bien-giao-duc-phap-luat-ve-cong-tac-tai-hoa-nhap-cong-dong.html"
"20874","KHÁNH HÒA: Bộ Công an tổng kết công tác đặc xá và tái hòa nhập cộng đồng đối với người được đặc xá năm 2025","Bản tin","published","4","z7291643871199_a076604af6584d0ea3c271af47d2a577 (1).jpg; z7291643450363_581b692983fe38042e1df6a2a7be25d9.jpg; z7291644379840_dbf54cb1fd1422eaf2f589ce3326800b.jpg; z7291644625484_a8834a1446a563007a5665966c8fdc33.jpg","/khanh-hoa-bo-cong-an-tong-ket-cong-tac-dac-xa-va-tai-hoa-nhap-cong-dong-doi-voi-nguoi-duoc-dac-xa-nam-2025.html"
"20875","PHÚ THỌ: Hội nghị “Tuyên truyền, phổ biến giáo dục pháp luật, tư vấn việc làm, hỗ trợ vay vốn” đối với người tái hòa nhập cộng đồng","Bản tin","published","5","screenshot_1766235942.png; screenshot_1766235983.png; screenshot_1766236035.png; screenshot_1766236020.png; screenshot_1766236051.png","/phu-tho-hoi-nghi-tuyen-truyen-pho-bien-giao-duc-phap-luat-tu-van-viec-lam-ho-tro-vay-von-doi-voi-nguoi-tai-hoa-nhap-cong-dong.html"
"20876","TP HUẾ: Phát huy hiệu quả Quyết định 22, hỗ trợ người chấp hành xong án phạt tù tái hòa nhập cộng đồng","Bản tin","published","4","z7353589510495_87a636cd9d370514f0e3a621ae2fa91d.jpg; z7353589510495_87a636cd9d370514f0e3a621ae2fa91d(1).jpg; z7353590120906_78b435f766b099abb9ec52552f48823c.jpg; z7353589890261_4df886f964c73692f00e01f85cbbc12c.jpg","/tp-hue-phat-huy-hieu-qua-quyet-dinh-22-ho-tro-nguoi-chap-hanh-xong-an-phat-tu-tai-hoa-nhap-cong-dong.html"
"20878","ĐẮK LẮK: Hiệu quả mô hình “Doanh nhân với an ninh trật tự” tại xã Ea Ô","Bản tin","published","4","image006(1).jpg; image002.jpg; image003(1).jpg; image001(2).jpg","/dak-lak-hieu-qua-mo-hinh-doanh-nhan-voi-an-ninh-trat-tu-tai-xa-ea-o.html"
"20879","ĐỒNG NAI: Tư vấn pháp luật, giới thiệu việc làm và vay vốn phát triển kinh tế cho người chấp hành xong án phạt tù tại xã Long Hà","Bản tin","published","5","2025-12-08_14-39-46.jpg; 2025-12-08_14-39-52.jpg; 2025-12-08_14-39-57.jpg; 2025-12-08_14-40-02(1).jpg; 2025-12-08_14-40-08.jpg","/dong-nai-tu-van-phap-luat-gioi-thieu-viec-lam-va-vay-von-phat-trien-kinh-te-cho-nguoi-chap-hanh-xong-an-phat-tu-tai-xa-long-ha.html"
"20880","HUẾ: Phong Phú: Ra mắt mô hình “Chung tay quản lý, giáo dục, giúp đỡ người chấp hành xong án phạt tù tái hòa nhập cộng đồng”","Mô hình tái hòa nhập","published","3","ra_mat_1.jpg; ra mat 2_10_12_2025_15_07_16_814_CH.jpg; ra mat 3_10_12_2025_15_07_38_954_CH.jpg","/hue-phong-phu-ra-mat-mo-hinh-chung-tay-quan-ly-giao-duc-giup-do-nguoi-chap-hanh-xong-an-phat-tu-tai-hoa-nhap-cong-dong.html"
"20881","PHÚ THỌ: Lương Sơn ra mắt mô hình “Giúp đỡ người lầm lỗi tái hòa nhập cộng đồng”","Mô hình tái hòa nhập","published","3","08-12_đại_biểu.jpg; 08-12_lễ_ra_mắt_.jpg; 08-12_toàn_cảnh.jpg","/phu-tho-luong-son-ra-mat-mo-hinh-giup-do-nguoi-lam-loi-tai-hoa-nhap-cong-dong.html"
"20884","QUẢNG TRỊ: NHCSXH Quảng Trị ""Thắp lửa tái hòa nhập cho người chấp hành xong án phạt tù qua tín dụng ưu đãi""","Bản tin","published","3","z7334958176297_0f1ed041ad2e6433f8848eb77904016e-1-(1).jpg; z7334928895760_4ca0adbb1a7e308c6957294afb56618e(1).jpg; z7334958443619_6c06867e47c849a33d5b181d54538807(1).jpg","/quang-tri-nhcsxh-quang-tri-thap-lua-tai-hoa-nhap-cho-nguoi-chap-hanh-xong-an-phat-tu-qua-tin-dung-uu-dai.html"
"20885","AN GIANG: Công an tỉnh An Giang tập huấn, nâng cao hiệu quả công tác thi hành án hình sự tại cộng đồng và tái hòa nhập cộng đồng","Bản tin","published","5","z7360193247878_e867354387f10fd902fee165a471724a.jpg; dsccxc-min(1).jpg; z7360193229685_ac9ac9c32bc41193d69e5bbd19374940.jpg; z7360193263095_296ef4615c6966a7e4fbec5f075d1251.jpg; z7360193248131_021b6280c42f1cb3174521f5b25a21cc(1).jpg","/an-giang-cong-an-tinh-an-giang-tap-huan-nang-cao-hieu-qua-cong-tac-thi-hanh-an-hinh-su-tai-cong-dong-va-tai-hoa-nhap-cong-dong.html"
"20890","BỘ CÔNG AN: Thông tin dành cho người tái hòa nhập cộng đồng","Văn bản","published","5","01(6).jpg; 02(3).jpg; 03(5).jpg; 04(4).jpg; 05(5).jpg","/thong-tin-danh-cho-nguoi-tai-hoa-nhap-cong-dong.html"
"20891","BỘ CÔNG AN: Tạo chuyển biến mạnh mẽ, sâu sắc, toàn diện trong công tác tạm giữ, tạm giam và thi hành án hình sự tại cộng đồng","Bản tin","published","4","library-20251225173005-0f6b4933-9dc3-45c1-8c43-4956ccb9df53-atx-6260.jpg; library-20251225173413-05d59b38-c454-4a30-882a-3bc475f90503-atx-6311.jpg; library-20251225173657-62abdfad-9521-46ff-b257-a95526e8bcd6-atx-6354.jpg; library-20251225174050-9874efd1-b9fd-4e65-9805-6ad3d8e0f1b7-atx-6291.jpg","/bo-cong-an-tao-chuyen-bien-manh-me-sau-sac-toan-dien-trong-cong-tac-tam-giu-tam-giam-va-thi-hanh-an-hinh-su-tai-cong-dong.html"
"20892","CẦN THƠ: Công an thành phố Cần Thơ tuyên truyền phổ biến pháp luật, tư vấn việc làm, hỗ trợ vay vốn tái hòa nhập cộng đồng","Bản tin","published","4","image-20251224154936-1.jpeg; image-20251224155009-2.jpeg; image-20251224155040-3.jpeg; image-20251224155102-4.jpeg","/can-tho-cong-an-thanh-pho-can-tho-tuyen-truyen-pho-bien-phap-luat-tu-van-viec-lam-ho-tro-vay-von-tai-hoa-nhap-cong-dong.html"
"20893","QUẢNG TRỊ: Ra mắt mô hình “05 đồng hành” trong công tác tái hòa nhập cộng đồng trên địa bàn xã Hoàn Lão","Mô hình tái hòa nhập","published","6","z7365501388764_2b2cab012fbd83ed2cc0bf853488232d.jpg; z7365501365886_bee3cd584201c25c07d3db66de498105.jpg; z7365501373357_b0f308572fd23d72d3690281dca63b94.jpg; z7365501396827_14388e63b69b70431469f3bcdb1db57a.jpg; z7365501389043_66b86682869719054fcc86d3ddf0189e.jpg; z7365501384343_8d67851ff85e77e71b065487b258013f.jpg","/quang-tri-ra-mat-mo-hinh-05-dong-hanh-trong-cong-tac-tai-hoa-nhap-cong-dong-tren-dia-ban-xa-hoan-lao.html"
"20894","CÀ MAU: Ra mắt mô hình “Hỗ trợ, giúp đỡ người chấp hành xong án phạt tù ổn định cuộc sống, hòa nhập cộng đồng”","Mô hình tái hòa nhập","published","1","xz04.png","/ca-mau-ra-mat-mo-hinh-ho-tro-giup-do-nguoi-chap-hanh-xong-an-phat-tu-on-dinh-cuoc-song-hoa-nhap-cong-dong.html"
"20895","CẦN THƠ: Công an phường Ninh Kiều tăng cường hỗ trợ người tái hòa nhập cộng đồng ổn định cuộc sống","Bản tin","published","5","image-20251226072004-1.jpeg; image-20251226072004-2 (1).jpeg; image-20251226072004-3.jpeg; image-20251226072004-4.jpeg; 1(1).png","/can-tho-cong-an-phuong-ninh-kieu-tang-cuong-ho-tro-nguoi-tai-hoa-nhap-cong-dong-on-dinh-cuoc-song.html"
"20896","CẦN THƠ: Chung tay hỗ trợ người tái hoà nhập cộng đồng ổn định cuộc sống","Bản tin","published","5","image_644.png; image_645.png; image_646.png; image_647.png; image_648.png","/can-tho-chung-tay-ho-tro-nguoi-tai-hoa-nhap-cong-dong-on-dinh-cuoc-song.html"
"20897","KHÁNH HOÀ: Tập huấn công tác thi hành án hình sự và tái hoà nhập cộng đồng cho lực lượng bán chuyên trách","Bản tin","published","5","z7360193263095_296ef4615c6966a7e4fbec5f075d1251(1).jpg; 599939910_1384328539727948_8929072132014069428_n(1).jpg; 600453874_1384328619727940_8627264875763236867_n(1).jpg; 597847250_1384328483061287_770892479334218718_n(1).jpg; 597751310_1384328529727949_3878712657744213636_n(1).jpg","/khanh-hoa-tap-huan-cong-tac-thi-hanh-an-hinh-su-va-tai-hoa-nhap-cong-dong-cho-luc-luong-ban-chuyen-trach.html"
"20898","TP HUẾ: Phòng Cảnh sát thi hành án hình sự và hỗ trợ tư pháp tổng kết công tác năm 2025, triển khai chương trình công tác năm 2026","Bản tin","published","4","z7385553474880_36642871d2fb5a8ce6e4faf5fb7e1d32.jpg; z7385553465843_39ca811c17ff87283d6769e3196226f3.jpg; z7385555167197_a1c07a4c2dc5caafac6b45a7bb10bad0.jpg; z7385553465843_39ca811c17ff87283d6769e3196226f3(1).jpg","/tp-hue-phong-canh-sat-thi-hanh-an-hinh-su-va-ho-tro-tu-phap-tong-ket-cong-tac-nam-2025-trien-khai-chuong-trinh-cong-tac-nam-2026.html"
"20899","KHÁNH HOÀ: Tập huấn công tác thi hành án hình sự và tái hoà nhập cộng đồng cho lực lượng bán chuyên trách","Bản tin","published","5","598843282_1384328486394620_5228957563436726891_n(1).jpg; 599939910_1384328539727948_8929072132014069428_n(2).jpg; 600453874_1384328619727940_8627264875763236867_n(2).jpg; 597847250_1384328483061287_770892479334218718_n(2).jpg; 597751310_1384328529727949_3878712657744213636_n(2).jpg","/khanh-hoa-tap-huan-cong-tac-thi-hanh-an-hinh-su-va-tai-hoa-nhap-cong-dong-cho-luc-luong-ban-chuyen-trach.html"
"20900","ĐỒNG THÁP: Lực lượng Cảnh sát thi hành án hình sự và hỗ trợ tư pháp hoàn thành xuất sắc nhiệm vụ trong năm 2025","Bản tin","published","3","wm_8_dsc_0922(1).jpg; wm_7_dsc_0928(1).jpg; wm_9_z7408651717993_676ee08eeee286bc54d77afbe3c36832.jpg","/dong-thap-luc-luong-canh-sat-thi-hanh-an-hinh-su-va-ho-tro-tu-phap-hoan-thanh-xuat-sac-nhiem-vu-trong-nam-2025.html"
"20901","CẦN THƠ: Tiếp tục nâng cao chất lượng công tác tạm giữ, tạm giam, thi hành án hình sự và hỗ trợ tư pháp của Công an thành phố Cần Thơ","Bản tin","published","9","1(2).jpeg; image_157.png; image_158.png; image_159.png; image_160.png; image_161.png; image_162.png; image_163.png; image_164.png","/can-tho-tiep-tuc-nang-cao-chat-luong-cong-tac-tam-giu-tam-giam-thi-hanh-an-hinh-su-va-ho-tro-tu-phap-cua-cong-an-thanh-pho-can-tho.html"
"20902","CẦN THƠ: Công an thành phố Cần Thơ họp xét đề nghị giảm, miễn, rút ngắn thời gian chấp hành án hình sự tại cộng đồng nhân dịp Tết Nguyên đán Bính Ngọ 2026","Bản tin","published","2","615217075_888112703613342_212002273585993460_n.jpg; 615872119_888112530280026_3490201074424813547_n.jpg","/can-tho-cong-an-thanh-pho-can-tho-hop-xet-de-nghi-giam-mien-rut-ngan-thoi-gian-chap-hanh-an-hinh-su-tai-cong-dong-nhan-dip-tet-nguyen-dan-binh-ngo-2026.html"
"20903","HÀ NỘI: Tăng cường thực hiện công tác thi hành án hình sự tại cộng đồng và tái hòa nhập cộng đồng","Bản tin","published","1","image(3).jpg","/ha-noi-tang-cuong-thuc-hien-cong-tac-thi-hanh-an-hinh-su-tai-cong-dong-va-tai-hoa-nhap-cong-dong.html"
"20904","HÀ NỘI: Những vấn đề quan trọng về công tác tái hòa nhập cộng đồng - Bài 1: Hiểu rõ về Tái hòa nhập cộng đồng","Bản tin","published","1","image (1)(3).jpg","/ha-noi-nhung-van-de-quan-trong-ve-cong-tac-tai-hoa-nhap-cong-dong-bai-1-hieu-ro-ve-tai-hoa-nhap-cong-dong.html"
"20905","HÀ NỘI: Những vấn đề quan trọng về công tác tái hòa nhập cộng đồng - (Bài 2): Chặt chẽ các quy trình tiếp nhận thông báo về phạm nhân trước khi hết thời hạn chấp hành án phạt tù, được đặc xá","Bản tin","published","1","screenshot_1768469188.jpeg","/ha-noi-nhung-van-de-quan-trong-ve-cong-tac-tai-hoa-nhap-cong-dong-bai-2-chat-che-cac-quy-trinh-tiep-nhan-thong-bao-ve-pham-nhan-truoc-khi-het-thoi-han-chap-hanh-an-phat-tu-duoc-dac-xa.html"
"20906","ĐÀ NẴNG: Hội nghị gặp mặt, đối thoại, hỗ trợ người trong diện tái hòa nhập cộng đồng","Bản tin","published","6","99a.jpg; 37be.jpg; 3902e.jpg; 7746.jpg; z7484322268636_d379bc9bef2666c418973887c59e1101.jpg; z7484322285412_2c396202fceb493f4654cbc6be44f5d6.jpg","/da-nang-hoi-nghi-gap-mat-doi-thoai-ho-tro-nguoi-trong-dien-tai-hoa-nhap-cong-dong.html"
"20908","ĐÀ NẴNG: 560 triệu đồng vốn vay ưu đãi cho khách hàng là người chấp hành xong án phạt tù","Bản tin","published","3","090.jpg; 603.jpg; 319.jpg","/da-nang-560-trieu-dong-von-vay-uu-dai-cho-khach-hang-la-nguoi-chap-hanh-xong-an-phat-tu.html"
"20911","HỒ CHÍ MINH: ""Tín dụng chính sách và động lực cho người chấp hành xong án phạt tù tái hoà nhập cộng đồng”","Bản tin","published","1","618845312_1542554570603951_1798911487003356364_n.jpg","/ho-chi-minh-tin-dung-chinh-sach-va-dong-luc-cho-nguoi-chap-hanh-xong-an-phat-tu-tai-hoa-nhap-cong-dong.html"
"20915","ĐỒNG NAI: Gần 2,3 tỷ đồng vốn ưu đãi mở lối tái hòa nhập cộng đồng tại xã Phú Nghĩa","Bản tin","published","1","621815792_925782386456548_2924953478691888449_n.jpg","/dong-nai-gan-2-3-ty-dong-von-uu-dai-mo-loi-tai-hoa-nhap-cong-dong-tai-xa-phu-nghia.html"
"20916","ĐÀ NẴNG: Hơn 19 tỷ đồng vốn ưu đãi - Cơ hội làm lại cuộc đời cho người hoàn lương tại Đà Nẵng","Bản tin","published","1","screenshot_1772163567(1).jpeg","/da-nang-hon-19-ty-dong-von-uu-dai-co-hoi-lam-lai-cuoc-doi-cho-nguoi-hoan-luong-tai-da-nang.html"
"20917","ĐÀ NẴNG: Công an xã Thượng Đức hỗ trợ người hoàn lương tiếp cận nguồn vốn chính sách, ổn định cuộc sống","Bản tin","published","1","559027028_1270486104881061_7170004546844829975_n.jpg","/da-nang-cong-an-xa-thuong-duc-ho-tro-nguoi-hoan-luong-tiep-can-nguon-von-chinh-sach-on-dinh-cuoc-song.html"
"20918","CẦN THƠ: Điểm tựa để người từng lầm lỗi tái hòa nhập cộng đồng","Bản tin","published","3","screenshot_1778051964.jpeg; screenshot_1778052151.jpeg; screenshot_1778052177.jpeg","/can-tho-diem-tua-de-nguoi-tung-lam-loi-tai-hoa-nhap-cong-dong.html"
"20925","BỘ CÔNG AN: Tiếp tục nâng cao hiệu quả công tác tái hoà nhập cộng đồng đối với người chấp hành xong án phạt tù","Bản tin","published","1","tải xuống (5).jpg","/bo-cong-an-tiep-tuc-nang-cao-hieu-qua-cong-tac-tai-hoa-nhap-cong-dong-doi-voi-nguoi-chap-hanh-xong-an-phat-tu.html"
"20927","QUẢNG NINH: Hội nghị tuyên truyền, phổ biến pháp luật và tư vấn nghề nghiệp cho người chấp hành xong án phạt tù","Bản tin","published","1","679061193_939898742229500_3725896855061632385_n.jpg","/quang-ninh-hoi-nghi-tuyen-truyen-pho-bien-phap-luat-va-tu-van-nghe-nghiep-cho-nguoi-chap-hanh-xong-an-phat-tu.html"
"20936","ĐÀ NẴNG: Đẩy mạnh cho vay ưu đãi đối với người chấp hành xong án phạt tù","Bản tin","published","1","090_1.jpg","/da-nang-day-manh-cho-vay-uu-dai-doi-voi-nguoi-chap-hanh-xong-an-phat-tu.html"
"20971","HỒ CHÍ MINH: Đồng hành cùng phạm nhân trên con đường tái hòa nhập cộng đồng","Bản tin","published","1","1(1).jpeg","/ho-chi-minh-dong-hanh-cung-pham-nhan-tren-con-duong-tai-hoa-nhap-cong-dong.html"
"20979","THÁI NGUYÊN: Sơ kết công tác tái hòa nhập cộng đồng và tín dụng đối với người chấp hành xong án phạt tù","Bản tin","published","3","01_9.jpg; 03_5.jpg; 02_8.jpg","/thai-nguyen-so-ket-cong-tac-tai-hoa-nhap-cong-dong-va-tin-dung-doi-voi-nguoi-chap-hanh-xong-an-phat-tu.html"
"20980","THANH HOÁ: Tiếp tục thực hiện Nghị định 49 và Quyết định 22, hỗ trợ người chấp hành xong án phạt tù tái hòa nhập cộng đồng, ổn định cuộc sống","Bản tin","published","1","0ef1e10c00f88ea6d7e9.jpg","/thanh-hoa-tiep-tuc-thuc-hien-nghi-dinh-49-va-quyet-dinh-22-ho-tro-nguoi-chap-hanh-xong-an-phat-tu-tai-hoa-nhap-cong-dong-on-dinh-cuoc-song.html"
"21001","BẮC NINH: Tiếp tục giúp đỡ, cảm hóa người chấp hành xong án phạt tù trở về địa phương","Bản tin","published","3","0R4A4553[1].jpg; 0R4A4559[1].jpg; 0R4A4569[2].jpg","/bac-ninh-tiep-tuc-giup-do-cam-hoa-nguoi-chap-hanh-xong-an-phat-tu-tro-ve-dia-phuong.html"
"21031","NINH BÌNH: Công an xã Hải Thịnh đẩy mạnh công tác hỗ trợ người chấp hành xong án phạt tù vay vốn phát triển kinh tế, ổn định cuộc sống","Bản tin","published","1","1 - 2026-05-25T161035_333.jpg","/ninh-binh-cong-an-xa-hai-thinh-day-manh-cong-tac-ho-tro-nguoi-chap-hanh-xong-an-phat-tu-vay-von-phat-trien-kinh-te-on-dinh-cuoc-song.html"
"21086","NINH BÌNH: Công an phường Tam Điệp phối hợp ra mắt mô hình giúp đỡ người chấp hành xong án phạt tù, người được đặc xá tái hòa nhập cộng đồng","Bản tin","published","1","1 - 2026-06-01T162956_088.jpg","/ninh-binh-cong-an-phuong-tam-diep-tinh-ninh-binh-phoi-hop-ra-mat-mo-hinh-giup-do-nguoi-chap-hanh-xong-an-phat-tu-nguoi-duoc-dac-xa-tai-hoa-nhap-cong-dong.html"
"21107","NINH BÌNH: Công an phường Duy Tiên, tỉnh Ninh Bình giúp đỡ người lầm lỡ tái hoà nhập cộng đồng","Bản tin","published","1","1 - 2026-05-14T160343_035 (1).jpg","/ninh-binh-cong-an-phuong-duy-tien-tinh-ninh-binh-giup-do-nguoi-lam-lo-tai-hoa-nhap-cong-dong.html"
"21108","NINH BÌNH: Phường Hà Nam tuyên truyền chính sách tín dụng và tư vấn, giới thiệu việc làm hỗ trợ người lầm lỡ tái hòa nhập cộng đồng","Bản tin","published","1","1 (7)(2).jpeg","/ninh-binh-phuong-ha-nam-tuyen-truyen-chinh-sach-tin-dung-va-tu-van-gioi-thieu-viec-lam-ho-tro-nguoi-lam-lo-tai-hoa-nhap-cong-dong.html"
"21138","HẢI PHÒNG: Trại tạm giam số 1 phổ biến, giáo dục tái hòa nhập cộng đồng cho 109 phạm nhân","Bản tin","published","1","09f51fa7-7e92-448b-90ed-e7bde1e5d9d5-0a9b513d8d26480cb4e7a4572bc1add7.jpg","/hai-phong-trai-tam-giam-so-1-pho-bien-giao-duc-tai-hoa-nhap-cong-dong-cho-109-pham-nhan.html"
"21144","HẢI PHÒNG: Tạo cơ hội để người lầm lỗi tái hoà nhập cộng đồng","Bản tin","published","7","06172 (2).jpg; 06225.jpg; 06226.jpg; 06227.jpg; 06z7892809761772_79fa96eac405fab91a74a6ccea94f90e (2).jpg; 06z7892809761808_55da9e854bb610afdb63c68624155e1f.jpg; 06359 (2).jpg","/hai-phong-tao-co-hoi-de-nguoi-lam-loi-tai-hoa-nhap-cong-dong.html"
"21157","NGHỆ AN: NHCSXH Quỳnh Lưu và Công an 7 xã ký kết công tác phối hợp đảm bảo an ninh trật tự và thực hiện các hoạt động tín dụng chính sách","Bản tin","published","1","0.jpg","/nghe-an-nhcsxh-quynh-luu-va-cong-an-7-xa-ky-ket-cong-tac-phoi-hop-dam-bao-an-ninh-trat-tu-va-thuc-hien-cac-hoat-dong-tin-dung-chinh-sach.html"
"21169","NINH BÌNH: Hội nghị đánh giá tiến độ tổ chức hội nghị ký kết chương trình phối hợp hỗ trợ người chấp hành xong án phạt tù tái hòa nhập cộng đồng","Bản tin","published","1","1 - 2026-06-08T194909_865.jpg","/ninh-binh-hoi-nghi-danh-gia-tien-do-to-chuc-hoi-nghi-ky-ket-chuong-trinh-phoi-hop-ho-tro-nguoi-chap-hanh-xong-an-phat-tu-tai-hoa-nhap-cong-dong.html"
"21259","HƯNG YÊN: Công an phường Trần Lãm tham mưu tổ chức Lễ ra mắt Mô hình “Ban Mai Xanh” hỗ trợ người chấp hành xong án phạt tù tái hòa nhập cộng đồng.","Bản tin","published","3","Ảnh 1_ Một số hình ảnh tại buổi lễ ra mắt mô hình Ban Mai Xanh.jpg; Ảnh 2_ Một số hình ảnh tại buổi lễ ra mắt mô hình Ban Mai Xanh.jpg; Ảnh 3_ Một số hình ảnh tại buổi lễ ra mắt mô hình Ban Mai Xanh.jpg","/hung-yen-cong-an-phuong-tran-lam-tham-muu-to-chuc-le-ra-mat-mo-hinh-ban-mai-xanh-ho-tro-nguoi-chap-hanh-xong-an-phat-tu-tai-hoa-nhap-cong-dong.html"